,id_text,lemma,morpheme1,morpheme2,morpheme3,base suffixes,base suffixes2,id_word,transliteration,transliteration original,unicode,roman,count
0,UntN TZ 1,u,,,,,,UntN_TZ_1_00001,u2,u2,𒌑,False,0
1,UntN TZ 1,Untash-Napirisha,,,,,,UntN_TZ_1_00002,m un taš dingir gal,(m)un-taš-dingir-gal,𒁹 𒌦 𒌨 𒀭 𒃲,False,0
2,UntN TZ 1,šak,,,,,,UntN_TZ_1_00003,ša ak,ša-ak,𒊭 𒀝,False,0
3,UntN TZ 1,Humban-umena,1sg.an,,,,,UntN_TZ_1_00004,m d hu ban nu me na gi,(md)hu-ban-nu-me-na-gi,𒁹 𒀭 𒄷 𒉼 𒉡 𒈨 𒈾 𒄀,False,0
4,UntN TZ 1,sunki,1sg.an,,,,,UntN_TZ_1_00005,su un ki ik,su-un-ki-ik,𒋢 𒌦 𒆠 𒅅,False,0
5,UntN TZ 1,Anshan,,,,,,UntN_TZ_1_00006,an za an,an-za-an,𒀭 𒍝 𒀭,False,0
6,UntN TZ 1,Susa,,,,,,UntN_TZ_1_00007,šu šu un ka,šu-šu-un-ka,𒋗 𒋗 𒌦 𒅗,False,0
7,UntN TZ 1,upat,,,,,,UntN_TZ_1_00008,u2 pa at,u2-pa-at,𒌑 𒉺 𒀜,False,0
8,UntN TZ 1,lansiti,3pl.an,,,,,UntN_TZ_1_00009,la an si ti ip pa,la-an-si-ti-ip-pa,𒆷 𒀭 𒋛 𒋾 𒅁 𒉺,False,0
9,UntN TZ 1,tepu-,1sg.vb,,,,,UntN_TZ_1_00010,te pu uh,te-pu-uh,𒋼 𒁍 𒄴,False,0
10,UntN TZ 1,ulhi,,,,,,UntN_TZ_1_00011,ul hi,ul-hi,𒌌 𒄭,False,0
11,UntN TZ 1,i,,,,,,UntN_TZ_1_00012,i,i,𒄿,False,0
12,UntN TZ 1,aha,,,,,,UntN_TZ_1_00013,a ha a,a-ha-a,𒀀 𒄩 𒀀,False,0
13,UntN TZ 1,kuši-,1sg.vb,,,,,UntN_TZ_1_00014,ku ši ih,ku-ši-ih,𒆪 𒅆 𒄴,False,0
14,UntN TZ 1,Napirisha,,,,,,UntN_TZ_1_00015,dingir gal,dingir-gal,𒀭 𒃲,False,0
15,UntN TZ 1,ak,,,,,,UntN_TZ_1_00016,a ak,a-ak,𒀀 𒀝,False,0
16,UntN TZ 1,Inshushinak,,,,,,UntN_TZ_1_00017,d in šu uš na ak,(d)in-šu-uš-na-ak,𒀭 𒅔 𒋗 𒍑 𒈾 𒀝,False,0
17,UntN TZ 1,Sian.kuk,3pl.an,,,,,UntN_TZ_1_00018,si ia an ku uk pa,si-ia-an-ku-uk-pa,𒋛 𒅀 𒀭 𒆪 𒊌 𒉺,False,0
18,UntN TZ 1,ap,,,,,,UntN_TZ_1_00019,a pu,a-pu,𒀀 𒁍,False,0
19,UntN TZ 1,u,,,,,,UntN_TZ_1_00020,u2,u2,𒌑,False,0
20,UntN TZ 1,tuni-,1sg.vb,,,,,UntN_TZ_1_00021,du ni ih,du-ni-ih,𒁺 𒉌 𒄴,False,0
21,UntN TZ 1,hutak.halik,,,,II,,UntN_TZ_1_00022,hu ut tak ha li ik,hu-ut-tak-ha-li-ik,𒄷 𒌓 𒋳 𒄩 𒇷 𒅅,False,0
22,UntN TZ 1,u,3sg.inan1,,,,,UntN_TZ_1_00023,u2 me,u2-me,𒌑 𒈨,False,0
23,UntN TZ 1,Napirisha,,,,,,UntN_TZ_1_00024,dingir gal,dingir-gal,𒀭 𒃲,False,0
24,UntN TZ 1,Inshushinak,,,,,,UntN_TZ_1_00025,d in šu uš na ak,(d)in-šu-uš-na-ak,𒀭 𒅔 𒋗 𒍑 𒈾 𒀝,False,0
25,UntN TZ 1,Sian.kuk,3pl.an,,,,,UntN_TZ_1_00026,si ia an ku uk pa,si-ia-an-ku-uk-pa,𒋛 𒅀 𒀭 𒆪 𒊌 𒉺,False,0
26,UntN TZ 1,lina,,,,,,UntN_TZ_1_00027,li na,li-na,𒇷 𒈾,False,0
27,UntN TZ 1,tela-,II,opt2,,,,UntN_TZ_1_00028,te la ak ni,te-la-ak-ni,𒋼 𒆷 𒀝 𒉌,False,0
28,UntN TZ 1,sian,,,,,,UntN_TZ_1_00029,si ia an,si-ia-an,𒋛 𒅀 𒀭,False,0
29,UntN TZ 1,apa,,,,,,UntN_TZ_1_00030,ap pa,ap-pa,𒀊 𒉺,False,0
30,UntN TZ 1,kuši-,1sg.vb,postp.loc,,,,UntN_TZ_1_00031,ku ši ih ma,ku-ši-ih-ma,𒆪 𒅆 𒄴 𒈠,False,0
31,UntN TZ 1,pel,,,,,,UntN_TZ_1_00032,pi el,pi-el,𒉿 𒂖,False,0
32,UntN TZ 1,kitin,postp.loc,,,3sg.inan2,,UntN_TZ_1_00033,ki it ti im ma,ki-it-ti-im-ma,𒆠 𒀉 𒋾 𒅎 𒈠,False,0
33,UntN TZ 1,,,,,,,UntN_TZ_1_00034,na a,na-a,𒈾 𒀀,False,0
34,UntN TZ 1,meluk,3sg.an,,,,,UntN_TZ_1_00035,me lu uk ra,me-lu-uk-ra,𒈨 𒇻 𒊌 𒊏,False,0
35,UntN TZ 1,Napirisha,,,,,,UntN_TZ_1_00036,DINGIR GAL,DINGIR-GAL,𒀭 𒃲,False,0
36,UntN TZ 1,ak,,,,,,UntN_TZ_1_00037,a ak,a-ak,𒀀 𒀝,False,0
37,UntN TZ 1,Inshushinak,,,,,,UntN_TZ_1_00038,d in šu uš na ak,(d)in-šu-uš-na-ak,𒀭 𒅔 𒋗 𒍑 𒈾 𒀝,False,0
38,UntN TZ 1,Sian.kuk,3pl.an,,,,,UntN_TZ_1_00039,si ia an ku uk pa,si-ia-an-ku-uk-pa,𒋛 𒅀 𒀭 𒆪 𒊌 𒉺,False,0
39,UntN TZ 1,giri,gen,,,,,UntN_TZ_1_00040,gi ri na,gi-ri-na,𒄀 𒊑 𒈾,False,0
40,UntN TZ 1,hi-,1sg.vb,opt3,,,,UntN_TZ_1_00041,hi ih li,hi-ih-li,𒄭 𒄴 𒇷,False,0
41,UntN TZ 1,sunki,3sg.an,,,,,UntN_TZ_1_00042,su un ki ir,su-un-ki-ir,𒋢 𒌦 𒆠 𒅕,False,0
42,UntN TZ 1,piti,3sg.an,,,,,UntN_TZ_1_00043,pi ti ir,pi-ti-ir,𒉿 𒋾 𒅕,False,0
43,UntN TZ 1,ak,,,,,,UntN_TZ_1_00044,a ak,a-ak,𒀀 𒀝,False,0
44,UntN TZ 1,tari,3sg.an,,,,,UntN_TZ_1_00045,ta ri ir,ta-ri-ir,𒋫 𒊑 𒅕,False,0
45,UntN TZ 1,aka,,,,,,UntN_TZ_1_00046,ak ka,ak-ka,𒀝 𒅗,False,0
46,UntN TZ 1,melka-,III,3sg.an,,,,UntN_TZ_1_00047,me el ka an ra,me-el-ka-an-ra,𒈨 𒂖 𒅗 𒀭 𒊏,False,0
47,UntN TZ 1,hata-,III,3sg.an,,,,UntN_TZ_1_00048,ha at ta an ra,ha-at-ta-an-ra,𒄩 𒀜 𒋫 𒀭 𒊏,False,0
48,UntN TZ 1,ak,,,,,,UntN_TZ_1_00049,a ak,a-ak,𒀀 𒀝,False,0
49,UntN TZ 1,lansiti,3sg.poss,,,,,UntN_TZ_1_00050,la an si ti e,la-an-si-ti-e,𒆷 𒀭 𒋛 𒋾 𒂊,False,0
50,UntN TZ 1,tu-,III,3sg.an,,,,UntN_TZ_1_00051,du un ra,du-un-ra,𒁺 𒌦 𒊏,False,0
51,UntN TZ 1,ak,,,,,,UntN_TZ_1_00052,a ak,a-ak,𒀀 𒀝,False,0
52,UntN TZ 1,hiš,,,,,,UntN_TZ_1_00053,hi iš,hi-iš,𒄭 𒅖,False,0
53,UntN TZ 1,Untash-Napirisha,3sg.inan1,,,,,UntN_TZ_1_00054,m un taš dingir gal me,(m)un-taš-dingir-gal-me,𒁹 𒌦 𒌨 𒀭 𒃲 𒈨,False,0
54,UntN TZ 1,sukuša- (?),II,,,,,UntN_TZ_1_00055,su ku ša ak,su-ku-ša-ak,𒋢 𒆪 𒊭 𒀝,False,0
55,UntN TZ 1,i,3sg.inan1,postp.gen2,,,,UntN_TZ_1_00056,i me ni,i-me-ni,𒄿 𒈨 𒉌,False,0
56,UntN TZ 1,aha,3sg.an,,,,,UntN_TZ_1_00057,a ha ar,a-ha-ar,𒀀 𒄩 𒅈,False,0
57,UntN TZ 1,ta-,III,3sg.an,,,,UntN_TZ_1_00058,ta an ra,ta-an-ra,𒋫 𒀭 𒊏,False,0
58,UntN TZ 1,hat,,,,,,UntN_TZ_1_00059,ha at,ha-at,𒄩 𒀜,False,0
59,UntN TZ 1,Napirisha,,,,,,UntN_TZ_1_00060,dingir gal,dingir-gal,𒀭 𒃲,False,0
60,UntN TZ 1,Inshushinak,,,,,,UntN_TZ_1_00061,d in šu uš na ak,(d)in-šu-uš-na-ak,𒀭 𒅔 𒋗 𒍑 𒈾 𒀝,False,0
61,UntN TZ 1,ak,,,,,,UntN_TZ_1_00062,a ak,a-ak,𒀀 𒀝,False,0
62,UntN TZ 1,Kiririsha,,,,,,UntN_TZ_1_00063,d ki ri ri ša,(d)ki-ri-ri-ša,𒀭 𒆠 𒊑 𒊑 𒊭,False,0
63,UntN TZ 1,Sian.kuk,3sg.an,3pl.an,,,,UntN_TZ_1_00064,si ia an ku uk pa ri,si-ia-an-ku-uk-pa-ri,𒋛 𒅀 𒀭 𒆪 𒊌 𒉺 𒊑,False,0
64,UntN TZ 1,uku,3sg.an,,,,,UntN_TZ_1_00065,uk ku ri,uk-ku-ri,𒊌 𒆪 𒊑,False,0
65,UntN TZ 1,i,3sg.an,,,,,UntN_TZ_1_00066,ir,ir,𒅕,False,0
66,UntN TZ 1,ta-,II,opt2,,,,UntN_TZ_1_00067,ta ak ni,ta-ak-ni,𒋫 𒀝 𒉌,False,0
67,UntN TZ 1,Nahunte,3sg.an,,,,,UntN_TZ_1_00068,d na ah hu un te ir,(d)na-ah-hu-un-te-ir,𒀭 𒈾 𒄴 𒄷 𒌦 𒋼 𒅕,False,0
68,UntN TZ 1,šara,3sg.an,,,,,UntN_TZ_1_00069,ša ra ra,ša-ra-ra,𒊭 𒊏 𒊏,False,0
69,UntN TZ 1,par,,,,,,UntN_TZ_1_00070,pa ar,pa-ar,𒉺 𒅈,False,0
70,UntN TZ 1,ani,,,,,,UntN_TZ_1_00071,a ni,a-ni,𒀀 𒉌,False,0
71,UntN TZ 1,i,,,,,,UntN_TZ_1_00072,i,i,𒄿,False,0
72,UntN TZ 1,kutu-,III,,,,,UntN_TZ_1_00073,ku tu4 un,ku-tu4-un,𒆪 𒌈 𒌦,False,0
73,UntN TZ 1,sunki,3sg.an,,,,,UntN_TZ_1_00074,su un ki ir,su-un-ki-ir,𒋢 𒌦 𒆠 𒅕,False,0
74,UntN TZ 1,Hatamti,3sg.an,,,,,UntN_TZ_1_00075,ha ta am ti ir,ha-ta-am-ti-ir,𒄩 𒋫 𒄠 𒋾 𒅕,False,0
75,UntN TZ 1,anka,,,,,,UntN_TZ_1_00076,an ka,an-ka,𒀭 𒅗,False,0
76,UntN TZ 1,ruri-,III,,,,,UntN_TZ_1_00077,ru ri na,ru-ri-na,𒊒 𒊑 𒈾,False,0
77,UntN TZ 1,ak,,,,,,UntN_TZ_1_00078,a ak,a-ak,𒀀 𒀝,False,0
78,UntN TZ 1,miši-,3sg.an,aux,III,,,UntN_TZ_1_00079,mi ši ma na,mi-ši-ma-na,𒈪 𒅆 𒈠 𒈾,False,0
79,UntN TZ 1,kurru,,,,,,UntN_TZ_1_00080,ku ur ru,ku-ur-ru,𒆪 𒌨 𒊒,False,0
80,UntN TZ 1,kutu,postp.postp.gen2,,,,,UntN_TZ_1_00081,ku du ni,ku-du-ni,𒆪 𒁺 𒉌,False,0
81,UntN TZ 1,ak,,,,,,UntN_TZ_1_00082,a ak,a-ak,𒀀 𒀝,False,0
82,UntN TZ 1,hiš,,,,,,UntN_TZ_1_00083,hi iš,hi-iš,𒄭 𒅖,False,0
83,UntN TZ 1,Untash-Napirisha,,,,,,UntN_TZ_1_00084,m un taš dingir gal me,(m)un-taš-dingir-gal-me,𒁹 𒌦 𒌨 𒀭 𒃲 𒈨,False,0
84,UntN TZ 1,aha,,,,,,UntN_TZ_1_00085,a ha,a-ha,𒀀 𒄩,False,0
85,UntN TZ 1,ta-,3sg.vb,opt2,,,,UntN_TZ_1_00086,ta aš2 ni,ta-aš2-ni,𒋫 aš2 𒉌,False,0
86,UntN TZ 2,u,,,,,,UntN_TZ_2_00001,u2,u2,𒌑,False,0
87,UntN TZ 2,Untash-Napirisha,,,,,,UntN_TZ_2_00002,m un taš dingir gal,(m)un-taš-dingir-gal,𒁹 𒌦 𒌨 𒀭 𒃲,False,0
88,UntN TZ 2,šak,,,,,,UntN_TZ_2_00003,ša ak,ša-ak,𒊭 𒀝,False,0
89,UntN TZ 2,Humban-umena,1s.an,,,,,UntN_TZ_2_00004,m d hu ban nu me na gi,(md)hu-ban-nu-me-na-gi,𒁹 𒀭 𒄷 𒉼 𒉡 𒈨 𒈾 𒄀,False,0
90,UntN TZ 2,sunki,1s.an,,,,,UntN_TZ_2_00005,su un ki ik,su-un-ki-ik,𒋢 𒌦 𒆠 𒅅,False,0
91,UntN TZ 2,Anshan,,,,,,UntN_TZ_2_00006,an za an,an-za-an,𒀭 𒍝 𒀭,False,0
92,UntN TZ 2,Susa,1s.an,,,,,UntN_TZ_2_00007,šu šu un ka,šu-šu-un-ka,𒋗 𒋗 𒌦 𒅗,False,0
93,UntN TZ 2,upat,,,,,,UntN_TZ_2_00008,u2 pa at,u2-pa-at,𒌑 𒉺 𒀜,False,0
94,UntN TZ 2,lansiti,3pl.an,,,,,UntN_TZ_2_00009,la an si ti ip pa,la-an-si-ti-ip-pa,𒆷 𒀭 𒋛 𒋾 𒅁 𒉺,False,0
95,UntN TZ 2,tepu-,1sg.vb,,,,,UntN_TZ_2_00010,te pu uh,te-pu-uh,𒋼 𒁍 𒄴,False,0
96,UntN TZ 2,ulhi,,,,,,UntN_TZ_2_00011,ul hi,ul-hi,𒌌 𒄭,False,0
97,UntN TZ 2,i,,,,,,UntN_TZ_2_00012,i,i,𒄿,False,0
98,UntN TZ 2,aha,,,,,,UntN_TZ_2_00013,a ha a,a-ha-a,𒀀 𒄩 𒀀,False,0
99,UntN TZ 2,kuši-,1sg.vb,,,,,UntN_TZ_2_00014,ku ši ih,ku-ši-ih,𒆪 𒅆 𒄴,False,0
100,UntN TZ 2,Napirisha,,,,,,UntN_TZ_2_00015,dingir gal,dingir-gal,𒀭 𒃲,False,0
101,UntN TZ 2,ak,,,,,,UntN_TZ_2_00016,a ak,a-ak,𒀀 𒀝,False,0
102,UntN TZ 2,Inshushinak,,,,,,UntN_TZ_2_00017,d in šu uš na ak,(d)in-šu-uš-na-ak,𒀭 𒅔 𒋗 𒍑 𒈾 𒀝,False,0
103,UntN TZ 2,Sian.kuk,3pl.an,,,,,UntN_TZ_2_00018,si ia an ku uk pa,si-ia-an-ku-uk-pa,𒋛 𒅀 𒀭 𒆪 𒊌 𒉺,False,0
104,UntN TZ 2,ap,,,,,,UntN_TZ_2_00019,a pu,a-pu,𒀀 𒁍,False,0
105,UntN TZ 2,u,,,,,,UntN_TZ_2_00020,u2,u2,𒌑,False,0
106,UntN TZ 2,tuni-,1sg.vb,,,,,UntN_TZ_2_00021,du ni ih,du-ni-ih,𒁺 𒉌 𒄴,False,0
107,UntN TZ 2,hutak.halik,,,,II,,UntN_TZ_2_00022,hu ut tak ha li ik,hu-ut-tak-ha-li-ik,𒄷 𒌓 𒋳 𒄩 𒇷 𒅅,False,0
108,UntN TZ 2,u,3sg.inan1,,,,,UntN_TZ_2_00023,u2 me,u2-me,𒌑 𒈨,False,0
109,UntN TZ 2,Napirisha,,,,,,UntN_TZ_2_00024,dingir gal,dingir-gal,𒀭 𒃲,False,0
110,UntN TZ 2,Inshushinak,,,,,,UntN_TZ_2_00025,d in šu uš na ak,(d)in-šu-uš-na-ak,𒀭 𒅔 𒋗 𒍑 𒈾 𒀝,False,0
111,UntN TZ 2,Sian.kuk,3pl.an,,,,,UntN_TZ_2_00026,si ia an ku uk pa,si-ia-an-ku-uk-pa,𒋛 𒅀 𒀭 𒆪 𒊌 𒉺,False,0
112,UntN TZ 2,lina,,,,,,UntN_TZ_2_00027,li na,li-na,𒇷 𒈾,False,0
113,UntN TZ 2,tela-,II,opt2,,,,UntN_TZ_2_00028,te la ak ni,te-la-ak-ni,𒋼 𒆷 𒀝 𒉌,False,0
114,UntN TZ 2,sian,,,,,,UntN_TZ_2_00029,si ia an,si-ia-an,𒋛 𒅀 𒀭,False,0
115,UntN TZ 2,apa,,,,,,UntN_TZ_2_00030,ap pa,ap-pa,𒀊 𒉺,False,0
116,UntN TZ 2,kuši-,1sg.vb,aux,,,,UntN_TZ_2_00031,ku ši ih ma,ku-ši-ih-ma,𒆪 𒅆 𒄴 𒈠,False,0
117,UntN TZ 2,pel,,,,,,UntN_TZ_2_00032,pi el,pi-el,𒉿 𒂖,False,0
118,UntN TZ 2,kitin,postp.loc,,,3sg.inan2,,UntN_TZ_2_00033,ki it ti im ma,ki-it-ti-im-ma,𒆠 𒀉 𒋾 𒅎 𒈠,False,0
119,UntN TZ 2,,,,,,,UntN_TZ_2_00034,na a,na-a,𒈾 𒀀,False,0
120,UntN TZ 2,meluk,3sg.an,,,,,UntN_TZ_2_00035,me lu uk ra,me-lu-uk-ra,𒈨 𒇻 𒊌 𒊏,False,0
121,UntN TZ 2,Napirisha,,,,,,UntN_TZ_2_00036,dingir gal,dingir-gal,𒀭 𒃲,False,0
122,UntN TZ 2,ak,,,,,,UntN_TZ_2_00037,a ak,a-ak,𒀀 𒀝,False,0
123,UntN TZ 2,Inshushinak,,,,,,UntN_TZ_2_00038,d in šu uš na ak,(d)in-šu-uš-na-ak,𒀭 𒅔 𒋗 𒍑 𒈾 𒀝,False,0
124,UntN TZ 2,Sian.kuk,3pl.an,,,,,UntN_TZ_2_00039,si ia an ku uk pa,si-ia-an-ku-uk-pa,𒋛 𒅀 𒀭 𒆪 𒊌 𒉺,False,0
125,UntN TZ 2,giri,postp.gen1,,,,,UntN_TZ_2_00040,gi ri na,gi-ri-na,𒄀 𒊑 𒈾,False,0
126,UntN TZ 2,hi-,1sg.vb,opt3,,,,UntN_TZ_2_00041,hi ih li,hi-ih-li,𒄭 𒄴 𒇷,False,0
127,UntN TZ 3,u,,,,,,UntN_TZ_3_00001,u2,u2,𒌑,False,0
128,UntN TZ 3,Untash-Napirisha,,,,,,UntN_TZ_3_00002,m un taš dingir gal,(m)un-taš-dingir-gal,𒁹 𒌦 𒌨 𒀭 𒃲,False,0
129,UntN TZ 3,šak,,,,,,UntN_TZ_3_00003,ša ak,ša-ak,𒊭 𒀝,False,0
130,UntN TZ 3,Humban-umena,1sg.an,,,,,UntN_TZ_3_00004,m d hu ban nu me na gi,(md)hu-ban-nu-me-na-gi,𒁹 𒀭 𒄷 𒉼 𒉡 𒈨 𒈾 𒄀,False,0
131,UntN TZ 3,sunki,1sg.an,,,,,UntN_TZ_3_00005,su un ki ik,su-un-ki-ik,𒋢 𒌦 𒆠 𒅅,False,0
132,UntN TZ 3,Anshan,,,,,,UntN_TZ_3_00006,an za an,an-za-an,𒀭 𒍝 𒀭,False,0
133,UntN TZ 3,Susa,1sg.an,,,,,UntN_TZ_3_00007,šu šu un ka,šu-šu-un-ka,𒋗 𒋗 𒌦 𒅗,False,0
134,UntN TZ 3,ulhi,,,,,,UntN_TZ_3_00008,ul hi,ul-hi,𒌌 𒄭,False,0
135,UntN TZ 3,i,,,,,,UntN_TZ_3_00009,i,i,𒄿,False,0
136,UntN TZ 3,lani,adj,,,,,UntN_TZ_3_00010,la ni ia,la-ni-ia,𒆷 𒉌 𒅀,False,0
137,UntN TZ 3,kuši-,1sg.vb,,,,,UntN_TZ_3_00011,ku ši ih,ku-ši-ih,𒆪 𒅆 𒄴,False,0
138,UntN TZ 3,Napirisha,,,,,,UntN_TZ_3_00012,dingir gal,dingir-gal,𒀭 𒃲,False,0
139,UntN TZ 3,ak,,,,,,UntN_TZ_3_00013,a ak,a-ak,𒀀 𒀝,False,0
140,UntN TZ 3,Inshushinak,,,,,,UntN_TZ_3_00014,d in šu uš na ak,(d)in-šu-uš-na-ak,𒀭 𒅔 𒋗 𒍑 𒈾 𒀝,False,0
141,UntN TZ 3,Sian.kuk,3pl.an,,,,,UntN_TZ_3_00015,si ia an ku uk pa,si-ia-an-ku-uk-pa,𒋛 𒅀 𒀭 𒆪 𒊌 𒉺,False,0
142,UntN TZ 3,ap,,,,,,UntN_TZ_3_00016,a pu,a-pu,𒀀 𒁍,False,0
143,UntN TZ 3,u,,,,,,UntN_TZ_3_00017,u2,u2,𒌑,False,0
144,UntN TZ 3,tuni-,1sg.vb,,,,,UntN_TZ_3_00018,du ni ih,du-ni-ih,𒁺 𒉌 𒄴,False,0
145,UntN TZ 3,hutak.halik,,,,II,,UntN_TZ_3_00019,hu ut tak ha li ik,hu-ut-tak-ha-li-ik,𒄷 𒌓 𒋳 𒄩 𒇷 𒅅,False,0
146,UntN TZ 3,u,3sg.inan1,,,,,UntN_TZ_3_00020,u2 me,u2-me,𒌑 𒈨,False,0
147,UntN TZ 3,Napirisha,,,,,,UntN_TZ_3_00021,dingir gal,dingir-gal,𒀭 𒃲,False,0
148,UntN TZ 3,Inshushinak,,,,,,UntN_TZ_3_00022,d in šu uš na ak,(d)in-šu-uš-na-ak,𒀭 𒅔 𒋗 𒍑 𒈾 𒀝,False,0
149,UntN TZ 3,lina,,,,,,UntN_TZ_3_00023,ul li na,ul-li-na,𒌌 𒇷 𒈾,False,0
150,UntN TZ 3,tela-,II,op2,,,,UntN_TZ_3_00024,te la ak ni,te-la-ak-ni,𒋼 𒆷 𒀝 𒉌,False,0
151,UntN TZ 3,sian,,,,,,UntN_TZ_3_00025,si ia an,si-ia-an,𒋛 𒅀 𒀭,False,0
152,UntN TZ 3,kuši-,1sg.vb,aux,,,,UntN_TZ_3_00026,ku ši ih ma,ku-ši-ih-ma,𒆪 𒅆 𒄴 𒈠,False,0
153,UntN TZ 3,pel,,,,,,UntN_TZ_3_00027,pi el,pi-el,𒉿 𒂖,False,0
154,UntN TZ 3,kitin,postp.loc,,,3sg.inan2,,UntN_TZ_3_00028,ki it ti im ma,ki-it-ti-im-ma,𒆠 𒀉 𒋾 𒅎 𒈠,False,0
155,UntN TZ 3,,,,,,,UntN_TZ_3_00029,na a,na-a,𒈾 𒀀,False,0
156,UntN TZ 3,meluk,3sg.an,,,,,UntN_TZ_3_00030,me lu uk ra,me-lu-uk-ra,𒈨 𒇻 𒊌 𒊏,False,0
157,UntN TZ 3,Napirisha,,,,,,UntN_TZ_3_00031,dingir gal,dingir-gal,𒀭 𒃲,False,0
158,UntN TZ 3,ak,,,,,,UntN_TZ_3_00032,a ak,a-ak,𒀀 𒀝,False,0
159,UntN TZ 3,Inshushinak,,,,,,UntN_TZ_3_00033,d in šu uš na ak,(d)in-šu-uš-na-ak,𒀭 𒅔 𒋗 𒍑 𒈾 𒀝,False,0
160,UntN TZ 3,Sian.kuk,3pl.an,,,,,UntN_TZ_3_00034,si ia an ku uk pa,si-ia-an-ku-uk-pa,𒋛 𒅀 𒀭 𒆪 𒊌 𒉺,False,0
161,UntN TZ 3,giri,postp.gen1,,,,,UntN_TZ_3_00035,gi ri na,gi-ri-na,𒄀 𒊑 𒈾,False,0
162,UntN TZ 3,hi-,1sg.vb,opt3,,,,UntN_TZ_3_00036,hi ih li,hi-ih-li,𒄭 𒄴 𒇷,False,0
163,UntN TZ 3,aka,,,,,,UntN_TZ_3_00037,ak ka,ak-ka,𒀝 𒅗,False,0
164,UntN TZ 3,ulhi,,,,,,UntN_TZ_3_00038,ul hi,ul-hi,𒌌 𒄭,False,0
165,UntN TZ 3,i,,,,,,UntN_TZ_3_00039,i,i,𒄿,False,0
166,UntN TZ 3,melka-,III,3sg.an,,,,UntN_TZ_3_00040,me el ka an ra,me-el-ka-an-ra,𒈨 𒂖 𒅗 𒀭 𒊏,False,0
167,UntN TZ 3,ak,,,,,,UntN_TZ_3_00041,a ak,a-ak,𒀀 𒀝,False,0
168,UntN TZ 3,upat,3pl.an,,,,,UntN_TZ_3_00042,u2 pa ti pi,u2-pa-ti-pi,𒌑 𒉺 𒋾 𒉿,False,0
169,UntN TZ 3,lani,3sg.poss,,,,,UntN_TZ_3_00043,la ni e,la-ni-e,𒆷 𒉌 𒂊,False,0
170,UntN TZ 3,paka-,III,3sg.an,,,,UntN_TZ_3_00044,pa ka an ra,pa-ka-an-ra,𒉺 𒅗 𒀭 𒊏,False,0
171,UntN TZ 3,hat,,,,,,UntN_TZ_3_00045,ha at,ha-at,𒄩 𒀜,False,0
172,UntN TZ 3,Napirisha,,,,,,UntN_TZ_3_00046,dingir gal,dingir-gal,𒀭 𒃲,False,0
173,UntN TZ 3,ak,,,,,,UntN_TZ_3_00047,a ak,a-ak,𒀀 𒀝,False,0
174,UntN TZ 3,Inshushinak,,,,,,UntN_TZ_3_00048,d in šu uš na ak,(d)in-šu-uš-na-ak,𒀭 𒅔 𒋗 𒍑 𒈾 𒀝,False,0
175,UntN TZ 3,Sian.kuk,3pl.an,3sg.an,,,,UntN_TZ_3_00049,si ia an ku uk pa ri,si-ia-an-ku-uk-pa-ri,𒋛 𒅀 𒀭 𒆪 𒊌 𒉺 𒊑,False,0
176,UntN TZ 3,uku,3sg.an,,,,,UntN_TZ_3_00050,uk ku ri,uk-ku-ri,𒊌 𒆪 𒊑,False,0
177,UntN TZ 3,i,3sg.an,,,,,UntN_TZ_3_00051,ir,ir,𒅕,False,0
178,UntN TZ 3,ta-,II,opt2,,,,UntN_TZ_3_00052,ta ak ni,ta-ak-ni,𒋫 𒀝 𒉌,False,0
179,UntN TZ 3,Nahunte,3sg.an,,,,,UntN_TZ_3_00053,d na ah hu un te ir,(d)na-ah-hu-un-te-ir,𒀭 𒈾 𒄴 𒄷 𒌦 𒋼 𒅕,False,0
180,UntN TZ 3,šara,3sg.an,,,,,UntN_TZ_3_00054,ša ra ra,ša-ra-ra,𒊭 𒊏 𒊏,False,0
181,UntN TZ 3,par,,,,,,UntN_TZ_3_00055,pa ar,pa-ar,𒉺 𒅈,False,0
182,UntN TZ 3,ani,,,,,,UntN_TZ_3_00056,a ni,a-ni,𒀀 𒉌,False,0
183,UntN TZ 3,kutu-,III,,,,,UntN_TZ_3_00057,ku tu4 un,ku-tu4-un,𒆪 𒌈 𒌦,False,0
184,UntN TZ 4,u,,,,,,UntN_TZ_4_00001,u2,u2,𒌑,False,0
185,UntN TZ 4,Untash-Napirisha,,,,,,UntN_TZ_4_00002,m un taš dingir gal,(m)un-taš-dingir-gal,𒁹 𒌦 𒌨 𒀭 𒃲,False,0
186,UntN TZ 4,šak,,,,,,UntN_TZ_4_00003,ša ak,ša-ak,𒊭 𒀝,False,0
187,UntN TZ 4,Humban-umena,1sg.an,,,,,UntN_TZ_4_00004,d hu ban um me en na ki,(d)hu-ban-um-me-en-na-ki,𒀭 𒄷 𒉼 𒌝 𒈨 𒂗 𒈾 𒆠,False,0
188,UntN TZ 4,sunki,1sg.an,,,,,UntN_TZ_4_00005,su un ki ik,su-un-ki-ik,𒋢 𒌦 𒆠 𒅅,False,0
189,UntN TZ 4,Anshan,,,,,,UntN_TZ_4_00006,an za an,an-za-an,𒀭 𒍝 𒀭,False,0
190,UntN TZ 4,Susa,1sg.an,,,,,UntN_TZ_4_00007,šu šu un ka,šu-šu-un-ka,𒋗 𒋗 𒌦 𒅗,False,0
191,UntN TZ 4,tak.me,,,,3sg.inan1,,UntN_TZ_4_00008,ta ak me,ta-ak-me,𒋫 𒀝 𒈨,False,0
192,UntN TZ 4,u,3sg.inan1,,,,,UntN_TZ_4_00009,u2 me,u2-me,𒌑 𒈨,False,0
193,UntN TZ 4,tur,,,,,,UntN_TZ_4_00010,tu4 ur,tu4-ur,𒌈 𒌨,False,0
194,UntN TZ 4,hih,,,,,,UntN_TZ_4_00011,hi ih,hi-ih,𒄭 𒄴,False,0
195,UntN TZ 4,sit.me,,,,3sg.inan1,,UntN_TZ_4_00012,si it me,si-it-me,𒋛 𒀉 𒈨,False,0
196,UntN TZ 4,u,3sg.inan1,,,,,UntN_TZ_4_00013,u2 me,u2-me,𒌑 𒈨,False,0
197,UntN TZ 4,šullume-,III,1sg.an,,,,UntN_TZ_4_00014,šu ul lu me en ga,šu-ul-lu-me-en-ga,𒋗 𒌌 𒇻 𒈨 𒂗 𒂵,False,0
198,UntN TZ 4,azkit,,,,,,UntN_TZ_4_00015,az ki it,az-ki-it,𒊍 𒆠 𒀉,False,0
199,UntN TZ 4,tur,,,,,,UntN_TZ_4_00016,tu4 ur,tu4-ur,𒌈 𒌨,False,0
200,UntN TZ 4,sah,3sg.an,,,,,UntN_TZ_4_00017,sah ri,sah-ri,𒆤 𒊑,False,0
201,UntN TZ 4,hušu,adj,,,,,UntN_TZ_4_00018,hu šu ia,hu-šu-ia,𒄷 𒋗 𒅀,False,0
202,UntN TZ 4,in-,1sg.an,,,,,UntN_TZ_4_00019,in gi,in-gi,𒅔 𒄀,False,0
203,UntN TZ 4,hi-,III,1sg.an,,,,UntN_TZ_4_00020,hi en ga,hi-en-ga,𒄭 𒂗 𒂵,False,0
204,UntN TZ 4,in.tika,,,,,,UntN_TZ_4_00021,in di ig ga,in-di-ig-ga,𒅔 𒁲 𒅅 𒂵,False,0
205,UntN TZ 4,ak,,,,,,UntN_TZ_4_00022,a gi,a-gi,𒀀 𒄀,False,0
206,UntN TZ 4,sian,,,,,,UntN_TZ_4_00023,si ia an,si-ia-an,𒋛 𒅀 𒀭,False,0
207,UntN TZ 4,upat,,,,,,UntN_TZ_4_00024,u2 pa at,u2-pa-at,𒌑 𒉺 𒀜,False,0
208,UntN TZ 4,husi,3pl.an,3sg.inan1,,,,UntN_TZ_4_00025,hu us si ip me,hu-us-si-ip-me,𒄷 𒊻 𒋛 𒅁 𒈨,False,0
209,UntN TZ 4,kuši-,1sg.vb,,,,,UntN_TZ_4_00026,ku ši ih,ku-ši-ih,𒆪 𒅆 𒄴,False,0
210,UntN TZ 4,Inshushinak,,,,,,UntN_TZ_4_00027,d in šu uš na ak,(d)in-šu-uš-na-ak,𒀭 𒅔 𒋗 𒍑 𒈾 𒀝,False,0
211,UntN TZ 4,Sian.kuk,3sg.an,,,,,UntN_TZ_4_00028,si ia an ku uk ra,si-ia-an-ku-uk-ra,𒋛 𒅀 𒀭 𒆪 𒊌 𒊏,False,0
212,UntN TZ 4,i,3sg.inan2,,,,,UntN_TZ_4_00029,in,in,𒅔,False,0
213,UntN TZ 4,tuni-,1sg.vb,,,,,UntN_TZ_4_00030,tu4 ni ih,tu4-ni-ih,𒌈 𒉌 𒄴,False,0
214,UntN TZ 4,hutak.halik,,,,II,,UntN_TZ_4_00031,hu ut tak ha li ik,hu-ut-tak-ha-li-ik,𒄷 𒌓 𒋳 𒄩 𒇷 𒅅,False,0
215,UntN TZ 4,u,3sg.inan1,,,,,UntN_TZ_4_00032,u2 me,u2-me,𒌑 𒈨,False,0
216,UntN TZ 4,Inshushinak,,,,,,UntN_TZ_4_00033,d in šu uš na ak,(d)in-šu-uš-na-ak,𒀭 𒅔 𒋗 𒍑 𒈾 𒀝,False,0
217,UntN TZ 4,lina,,,,,,UntN_TZ_4_00034,ul li na,ul-li-na,𒌌 𒇷 𒈾,False,0
218,UntN TZ 4,tela-,II,,,,,UntN_TZ_4_00035,te la ak,te-la-ak,𒋼 𒆷 𒀝,False,0
219,UntN TZ 5,u,,,,,,UntN_TZ_5_00001,u2,u2,𒌑,False,0
220,UntN TZ 5,Untash-Napirisha,,,,,,UntN_TZ_5_00002,un taš dingir gal,un-taš-dingir-gal,𒌦 𒌨 𒀭 𒃲,False,0
221,UntN TZ 5,šak,,,,,,UntN_TZ_5_00003,ša ak,ša-ak,𒊭 𒀝,False,0
222,UntN TZ 5,Humban-umena,,,,,,UntN_TZ_5_00004,d hu ban nu me na gi,(d)hu-ban-nu-me-na-gi,𒀭 𒄷 𒉼 𒉡 𒈨 𒈾 𒄀,False,0
223,UntN TZ 5,sunki,1sg.an,,,,,UntN_TZ_5_00005,zu un ki ik,zu-un-ki-ik,𒍪 𒌦 𒆠 𒅅,False,0
224,UntN TZ 5,Anshan,,,,,,UntN_TZ_5_00006,an za an,an-za-an,𒀭 𒍝 𒀭,False,0
225,UntN TZ 5,Susa,,,,,,UntN_TZ_5_00007,šu šu un ka,šu-šu-un-ka,𒋗 𒋗 𒌦 𒅗,False,0
226,UntN TZ 5,mašum,,,,,,UntN_TZ_5_00008,ma šu um,ma-šu-um,𒈠 𒋗 𒌝,False,0
227,UntN TZ 5,pite-,II,,,,,UntN_TZ_5_00009,pi it te ka,pi-it-te-ka,𒉿 𒀉 𒋼 𒅗,False,0
228,UntN TZ 5,Sian.kuk,,,,,,UntN_TZ_5_00010,si ia an ku uk,si-ia-an-ku-uk,𒋛 𒅀 𒀭 𒆪 𒊌,False,0
229,UntN TZ 5,aha,3sg.inan2,,,,,UntN_TZ_5_00011,a ha an,a-ha-an,𒀀 𒄩 𒀭,False,0
230,UntN TZ 5,kuši-,1sg.vb,,,,,UntN_TZ_5_00012,ku ši ih,ku-ši-ih,𒆪 𒅆 𒄴,False,0
231,UntN TZ 5,pel,,,,,,UntN_TZ_5_00013,pi el,pi-el,𒉿 𒂖,False,0
232,UntN TZ 5,kitin,postp.loc,,,3sg.inan2,,UntN_TZ_5_00014,ki it ti im ma,ki-it-ti-im-ma,𒆠 𒀉 𒋾 𒅎 𒈠,False,0
233,UntN TZ 5,,,,,,,UntN_TZ_5_00015,na a,na-a,𒈾 𒀀,False,0
234,UntN TZ 5,meluk,3sg.an,,,,,UntN_TZ_5_00016,me lu uk ra,me-lu-uk-ra,𒈨 𒇻 𒊌 𒊏,False,0
235,UntN TZ 5,sunki.me,,,,3sg.inan1,,UntN_TZ_5_00017,zu un ki me,zu-un-ki-me,𒍪 𒌦 𒆠 𒈨,False,0
236,UntN TZ 5,tur,,,,,,UntN_TZ_5_00018,tu4 ur,tu4-ur,𒌈 𒌨,False,0
237,UntN TZ 5,hih,,,,,,UntN_TZ_5_00019,hi ih,hi-ih,𒄭 𒄴,False,0
238,UntN TZ 5,sit.me,,,,3sg.inan1,,UntN_TZ_5_00020,zi it me,zi-it-me,𒍣 𒀉 𒈨,False,0
239,UntN TZ 5,hi-,III,1sg.an,,,,UntN_TZ_5_00021,hi en ka,hi-en-ka,𒄭 𒂗 𒅗,False,0
240,UntN TZ 5,in.tika,,,,,,UntN_TZ_5_00022,in ti ik ka,in-ti-ik-ka,𒅔 𒋾 𒅅 𒅗,False,0
241,UntN TZ 5,ak,,,,,,UntN_TZ_5_00023,a gi,a-gi,𒀀 𒄀,False,0
242,UntN TZ 5,šunšu.irpi,,,,,,UntN_TZ_5_00024,šu un šu ir pi,šu-un-šu-ir-pi,𒋗 𒌦 𒋗 𒅕 𒉿,False,0
243,UntN TZ 5,kuši-,1sg.vb,,,,,UntN_TZ_5_00025,ku ši ih,ku-ši-ih,𒆪 𒅆 𒄴,False,0
244,UntN TZ 5,Napirisha,,,,,,UntN_TZ_5_00026,dingir gal,dingir-gal,𒀭 𒃲,False,0
245,UntN TZ 5,ak,,,,,,UntN_TZ_5_00027,a ak,a-ak,𒀀 𒀝,False,0
246,UntN TZ 5,Inshushinak,,,,,,UntN_TZ_5_00028,d in šu ši na ak,(d)in-šu-ši-na-ak,𒀭 𒅔 𒋗 𒅆 𒈾 𒀝,False,0
247,UntN TZ 5,Sian.kuk,3pl.an,,,,,UntN_TZ_5_00029,si ia an ku uk pa,si-ia-an-ku-uk-pa,𒋛 𒅀 𒀭 𒆪 𒊌 𒉺,False,0
248,UntN TZ 5,tuni-,1sg.vb,,,,,UntN_TZ_5_00030,du ni ih,du-ni-ih,𒁺 𒉌 𒄴,False,0
249,UntN TZ 5,hutak.halik,,,,II,,UntN_TZ_5_00031,hu ut tak ha li ik,hu-ut-tak-ha-li-ik,𒄷 𒌓 𒋳 𒄩 𒇷 𒅅,False,0
250,UntN TZ 5,u,3sg.inan1,,,,,UntN_TZ_5_00032,u2 me,u2-me,𒌑 𒈨,False,0
251,UntN TZ 5,Napirisha,,,,,,UntN_TZ_5_00033,dingir gal,dingir-gal,𒀭 𒃲,False,0
252,UntN TZ 5,ak,,,,,,UntN_TZ_5_00034,a ak,a-ak,𒀀 𒀝,False,0
253,UntN TZ 5,Inshushinak,,,,,,UntN_TZ_5_00035,d in šu ši na ak,(d)in-šu-ši-na-ak,𒀭 𒅔 𒋗 𒅆 𒈾 𒀝,False,0
254,UntN TZ 5,Sian.kuk,3pl.an,,,,,UntN_TZ_5_00036,si ia an ku uk pa,si-ia-an-ku-uk-pa,𒋛 𒅀 𒀭 𒆪 𒊌 𒉺,False,0
255,UntN TZ 5,lina,,,,,,UntN_TZ_5_00037,li na,li-na,𒇷 𒈾,False,0
256,UntN TZ 5,tela-,II,opt2,,,,UntN_TZ_5_00038,te la ak ni,te-la-ak-ni,𒋼 𒆷 𒀝 𒉌,False,0
257,UntN TZ 6,u,,,,,,UntN_TZ_6_00001,u3,u3,𒅇,False,0
258,UntN TZ 6,Untash-Napirisha,,,,,,UntN_TZ_6_00002,m un taš dingir gal,(m)un-taš-dingir-gal,𒁹 𒌦 𒌨 𒀭 𒃲,False,0
259,UntN TZ 6,šak,,,,,,UntN_TZ_6_00003,ša ak,ša-ak,𒊭 𒀝,False,0
260,UntN TZ 6,Humban-umena,1sg.an,,,,,UntN_TZ_6_00004,d hu ba nu me en na ki,(d)hu-ba-nu-me-en-na-ki,𒀭 𒄷 𒁀 𒉡 𒈨 𒂗 𒈾 𒆠,False,0
261,UntN TZ 6,sunki,1sg.an,,,,,UntN_TZ_6_00005,su un ki ik,su-un-ki-ik,𒋢 𒌦 𒆠 𒅅,False,0
262,UntN TZ 6,Anshan,,,,,,UntN_TZ_6_00006,an za an,an-za-an,𒀭 𒍝 𒀭,False,0
263,UntN TZ 6,Susa,1sg.an,,,,,UntN_TZ_6_00007,šu šu un ka,šu-šu-un-ka,𒋗 𒋗 𒌦 𒅗,False,0
264,UntN TZ 6,tak.me,,,,3sg.inan1,,UntN_TZ_6_00008,ta ak me,ta-ak-me,𒋫 𒀝 𒈨,False,0
265,UntN TZ 6,u,3sg.inan1,,,,,UntN_TZ_6_00009,u2 me,u2-me,𒌑 𒈨,False,0
266,UntN TZ 6,tur,,,,,,UntN_TZ_6_00010,tu4 ur,tu4-ur,𒌈 𒌨,False,0
267,UntN TZ 6,hih,,,,,,UntN_TZ_6_00011,hi ih,hi-ih,𒄭 𒄴,False,0
268,UntN TZ 6,sit.me,,,,3sg.inan1,,UntN_TZ_6_00012,si it me,si-it-me,𒋛 𒀉 𒈨,False,0
269,UntN TZ 6,u,3sg.inan1,,,,,UntN_TZ_6_00013,u2 me,u2-me,𒌑 𒈨,False,0
270,UntN TZ 6,šullume-,II,,,,,UntN_TZ_6_00014,šu lu me ka,šu-lu-me-ka,𒋗 𒇻 𒈨 𒅗,False,0
271,UntN TZ 6,azkit,,,,,,UntN_TZ_6_00015,az ki it,az-ki-it,𒊍 𒆠 𒀉,False,0
272,UntN TZ 6,tur,,,,,,UntN_TZ_6_00016,tu4 ur,tu4-ur,𒌈 𒌨,False,0
273,UntN TZ 6,sah,3sg.an,,,,,UntN_TZ_6_00017,sah ri,sah-ri,𒆤 𒊑,False,0
274,UntN TZ 6,hušu,adj,,,,,UntN_TZ_6_00018,hu šu a,hu-šu-a,𒄷 𒋗 𒀀,False,0
275,UntN TZ 6,in-,1sg.an,,,,,UntN_TZ_6_00019,in gi,in-gi,𒅔 𒄀,False,0
276,UntN TZ 6,hi-,III,1sg.an,,,,UntN_TZ_6_00020,hi en ka,hi-en-ka,𒄭 𒂗 𒅗,False,0
277,UntN TZ 6,in.tika,,,,,,UntN_TZ_6_00021,in di ik ka,in-di-ik-ka,𒅔 𒁲 𒅅 𒅗,False,0
278,UntN TZ 6,ak,,,,,,UntN_TZ_6_00022,a gi,a-gi,𒀀 𒄀,False,0
279,UntN TZ 6,sian,,,,,,UntN_TZ_6_00023,si a an,si-a-an,𒋛 𒀀 𒀭,False,0
280,UntN TZ 6,upat,,,,,,UntN_TZ_6_00024,u2 pa at,u2-pa-at,𒌑 𒉺 𒀜,False,0
281,UntN TZ 6,husi,3pl.an,3sg.inan1,,,,UntN_TZ_6_00025,hu us si ip me,hu-us-si-ip-me,𒄷 𒊻 𒋛 𒅁 𒈨,False,0
282,UntN TZ 6,kuši-,1sg.vb,,,,,UntN_TZ_6_00026,ku ši ih,ku-ši-ih,𒆪 𒅆 𒄴,False,0
283,UntN TZ 6,Kiririsha,,,,,,UntN_TZ_6_00027,d ki ri ri ša,(d)ki-ri-ri-ša,𒀭 𒆠 𒊑 𒊑 𒊭,False,0
284,UntN TZ 6,Sian.kuk,,,,,,UntN_TZ_6_00028,si a an ku uk ra,si-a-an-ku-uk-ra,𒋛 𒀀 𒀭 𒆪 𒊌 𒊏,False,0
285,UntN TZ 6,i,3sg.inan2,,,,,UntN_TZ_6_00029,in,in,𒅔,False,0
286,UntN TZ 6,tuni-,1sg.vb,,,,,UntN_TZ_6_00030,tu4 ni ih,tu4-ni-ih,𒌈 𒉌 𒄴,False,0
287,UntN TZ 6,hutak.halik,,,,II,,UntN_TZ_6_00031,hu ut tak ha li ik,hu-ut-tak-ha-li-ik,𒄷 𒌓 𒋳 𒄩 𒇷 𒅅,False,0
288,UntN TZ 6,u,3sg.inan1,,,,,UntN_TZ_6_00032,u2 me,u2-me,𒌑 𒈨,False,0
289,UntN TZ 6,Kiririsha,,,,,,UntN_TZ_6_00033,d ki ri ri ša,(d)ki-ri-ri-ša,𒀭 𒆠 𒊑 𒊑 𒊭,False,0
290,UntN TZ 6,lina,,,,,,UntN_TZ_6_00034,li na,li-na,𒇷 𒈾,False,0
291,UntN TZ 6,tela-,II,opt2,,,,UntN_TZ_6_00035,te la ak ni,te-la-ak-ni,𒋼 𒆷 𒀝 𒉌,False,0
292,UntN TZ 7,u,,,,,,UntN_TZ_7_00001,u3,u3,𒅇,False,0
293,UntN TZ 7,Untash-Napirisha,,,,,,UntN_TZ_7_00002,m un taš dingir gal,(m)un-taš-dingir-gal,𒁹 𒌦 𒌨 𒀭 𒃲,False,0
294,UntN TZ 7,šak,,,,,,UntN_TZ_7_00003,ša ak,ša-ak,𒊭 𒀝,False,0
295,UntN TZ 7,Humban-umena,1sg.an,,,,,UntN_TZ_7_00004,d hu um ban nu me na gi,(d)hu-um-ban-nu-me-na-gi,𒀭 𒄷 𒌝 𒉼 𒉡 𒈨 𒈾 𒄀,False,0
296,UntN TZ 7,sunki,1sg.an,,,,,UntN_TZ_7_00005,su un ki ik,su-un-ki-ik,𒋢 𒌦 𒆠 𒅅,False,0
297,UntN TZ 7,Anshan,,,,,,UntN_TZ_7_00006,an za an,an-za-an,𒀭 𒍝 𒀭,False,0
298,UntN TZ 7,Susa,1sg.an,,,,,UntN_TZ_7_00007,šu šu un ka,šu-šu-un-ka,𒋗 𒋗 𒌦 𒅗,False,0
299,UntN TZ 7,sian,,,,,,UntN_TZ_7_00008,si ia an,si-ia-an,𒋛 𒅀 𒀭,False,0
300,UntN TZ 7,upat,,,,,,UntN_TZ_7_00009,u2 pa at,u2-pa-at,𒌑 𒉺 𒀜,False,0
301,UntN TZ 7,husi,3pl.an,3sg.inan1,,,,UntN_TZ_7_00010,hu us si ip me,hu-us-si-ip-me,𒄷 𒊻 𒋛 𒅁 𒈨,False,0
302,UntN TZ 7,kuši-,1sg.vb,,,,,UntN_TZ_7_00011,ku ši ih,ku-ši-ih,𒆪 𒅆 𒄴,False,0
303,UntN TZ 7,Išnikarab,,,,,,UntN_TZ_7_00012,d iš ni ka ra ab2,(d)iš-ni-ka-ra-ab2,𒀭 𒅖 𒉌 𒅗 𒊏 𒀖,False,0
304,UntN TZ 7,Sian.kuk,3sg.an,,,,,UntN_TZ_7_00013,si ia an ku uk ra,si-ia-an-ku-uk-ra,𒋛 𒅀 𒀭 𒆪 𒊌 𒊏,False,0
305,UntN TZ 7,i,3sg.inan2,,,,,UntN_TZ_7_00014,in,in,𒅔,False,0
306,UntN TZ 7,tuni-,1sg.vb,,,,,UntN_TZ_7_00015,du ni ih,du-ni-ih,𒁺 𒉌 𒄴,False,0
307,UntN TZ 8,u,,,,,,UntN_TZ_8_00001,u3,u3,𒅇,False,0
308,UntN TZ 8,Untash-Napirisha,,,,,,UntN_TZ_8_00002,m un taš dingir gal,(m)un-taš-dingir-gal,𒁹 𒌦 𒌨 𒀭 𒃲,False,0
309,UntN TZ 8,šak,,,,,,UntN_TZ_8_00003,ša ak,ša-ak,𒊭 𒀝,False,0
310,UntN TZ 8,Humban-umena,1sg.an,,,,,UntN_TZ_8_00004,d hu ban nu me en na ki,(d)hu-ban-nu-me-en-na-ki,𒀭 𒄷 𒉼 𒉡 𒈨 𒂗 𒈾 𒆠,False,0
311,UntN TZ 8,sunki,1sg.an,,,,,UntN_TZ_8_00005,su un ki ik,su-un-ki-ik,𒋢 𒌦 𒆠 𒅅,False,0
312,UntN TZ 8,Anshan,,,,,,UntN_TZ_8_00006,an za an,an-za-an,𒀭 𒍝 𒀭,False,0
313,UntN TZ 8,Susa,1sg.an,,,,,UntN_TZ_8_00007,šu šu un ka,šu-šu-un-ka,𒋗 𒋗 𒌦 𒅗,False,0
314,UntN TZ 8,tak.me,,,,3sg.inan1,,UntN_TZ_8_00008,ta ak me,ta-ak-me,𒋫 𒀝 𒈨,False,0
315,UntN TZ 8,u,3sg.inan1,,,,,UntN_TZ_8_00009,u2 me,u2-me,𒌑 𒈨,False,0
316,UntN TZ 8,tur,,,,,,UntN_TZ_8_00010,tu4 ur,tu4-ur,𒌈 𒌨,False,0
317,UntN TZ 8,hih,,,,,,UntN_TZ_8_00011,hi ih,hi-ih,𒄭 𒄴,False,0
318,UntN TZ 8,sit.me,,,,3sg.inan1,,UntN_TZ_8_00012,si it me,si-it-me,𒋛 𒀉 𒈨,False,0
319,UntN TZ 8,u,3sg.inan1,,,,,UntN_TZ_8_00013,u2 me,u2-me,𒌑 𒈨,False,0
320,UntN TZ 8,šullume-,II,,,,,UntN_TZ_8_00014,šu ul lu me ka,šu-ul-lu-me-ka,𒋗 𒌌 𒇻 𒈨 𒅗,False,0
321,UntN TZ 8,azkit,,,,,,UntN_TZ_8_00015,az ki it,az-ki-it,𒊍 𒆠 𒀉,False,0
322,UntN TZ 8,tur,,,,,,UntN_TZ_8_00016,tu4 ur,tu4-ur,𒌈 𒌨,False,0
323,UntN TZ 8,sah,3sg.an,,,,,UntN_TZ_8_00017,sah ri,sah-ri,𒆤 𒊑,False,0
324,UntN TZ 8,hušu,adj,,,,,UntN_TZ_8_00018,hu šu ia,hu-šu-ia,𒄷 𒋗 𒅀,False,0
325,UntN TZ 8,in-,1sg.an,,,,,UntN_TZ_8_00019,in gi,in-gi,𒅔 𒄀,False,0
326,UntN TZ 8,hi-,III,1sg.an,,,,UntN_TZ_8_00020,hi en ka,hi-en-ka,𒄭 𒂗 𒅗,False,0
327,UntN TZ 8,in.tika,,,,,,UntN_TZ_8_00021,in di ik ka,in-di-ik-ka,𒅔 𒁲 𒅅 𒅗,False,0
328,UntN TZ 8,ak,,,,,,UntN_TZ_8_00022,a gi,a-gi,𒀀 𒄀,False,0
329,UntN TZ 8,sian,,,,,,UntN_TZ_8_00023,si ia an,si-ia-an,𒋛 𒅀 𒀭,False,0
330,UntN TZ 8,talin,3sg.inan2,,,,,UntN_TZ_8_00024,ta li in,ta-li-in,𒋫 𒇷 𒅔,False,0
331,UntN TZ 8,kuši-,1sg.vb,,,,,UntN_TZ_8_00025,ku ši ih,ku-ši-ih,𒆪 𒅆 𒄴,False,0
332,UntN TZ 8,Napirisha,,,,,,UntN_TZ_8_00026,dingir gal,dingir-gal,𒀭 𒃲,False,0
333,UntN TZ 8,Sian.kuk,3sg.an,,,,,UntN_TZ_8_00027,si ia an ku uk ra,si-ia-an-ku-uk-ra,𒋛 𒅀 𒀭 𒆪 𒊌 𒊏,False,0
334,UntN TZ 8,i,3sg.inan2,,,,,UntN_TZ_8_00028,in,in,𒅔,False,0
335,UntN TZ 8,tuni-,1sg.vb,,,,,UntN_TZ_8_00029,du ni ih,du-ni-ih,𒁺 𒉌 𒄴,False,0
336,UntN TZ 8,ki,,,,,,UntN_TZ_8_00030,1,1,𒁹,False,0
337,UntN TZ 8,suhter,3sg.an,,,,,UntN_TZ_8_00031,šu uh tir,šu-uh-tir,𒋗 𒄴 𒌁,False,0
338,UntN TZ 8,i,3sg.an,,,,,UntN_TZ_8_00032,ir,ir,𒅕,False,0
339,UntN TZ 8,ta-,1sg.vb,,,,,UntN_TZ_8_00033,ta ah,ta-ah,𒋫 𒄴,False,0
340,UntN TZ 8,hutak.halik,,,,II,,UntN_TZ_8_00034,hu ut tak ha li ik,hu-ut-tak-ha-li-ik,𒄷 𒌓 𒋳 𒄩 𒇷 𒅅,False,0
341,UntN TZ 8,u,3sg.inan1,,,,,UntN_TZ_8_00035,u2 me,u2-me,𒌑 𒈨,False,0
342,UntN TZ 8,Napirisha,,,,,,UntN_TZ_8_00036,dingir gal,dingir-gal,𒀭 𒃲,False,0
343,UntN TZ 8,lina,,,,,,UntN_TZ_8_00037,ul li na,ul-li-na,𒌌 𒇷 𒈾,False,0
344,UntN TZ 8,tela-,II,opt2,,,,UntN_TZ_8_00038,te la ak ni,te-la-ak-ni,𒋼 𒆷 𒀝 𒉌,False,0
346,UntN TZ 10,u,,,,,,UntN_TZ_10_00001,u2,u2,𒌑,False,0
347,UntN TZ 10,Untash-Napirisha,,,,,,UntN_TZ_10_00002,m un taš dingir gal,(m)un-taš-dingir-gal,𒁹 𒌦 𒌨 𒀭 𒃲,False,0
348,UntN TZ 10,šak,,,,,,UntN_TZ_10_00003,ša ak,ša-ak,𒊭 𒀝,False,0
349,UntN TZ 10,Humban-umena,1sg.an,,,,,UntN_TZ_10_00004,m d hu um ban nu me na gi,(md)hu-um-ban-nu-me-na-gi,𒁹 𒀭 𒄷 𒌝 𒉼 𒉡 𒈨 𒈾 𒄀,False,0
350,UntN TZ 10,sunki,1sg.an,,,,,UntN_TZ_10_00005,su un ki ik,su-un-ki-ik,𒋢 𒌦 𒆠 𒅅,False,0
351,UntN TZ 10,Anshan,,,,,,UntN_TZ_10_00006,an za an,an-za-an,𒀭 𒍝 𒀭,False,0
352,UntN TZ 10,Susa,1sg.an,,,,,UntN_TZ_10_00007,šu šu un ka,šu-šu-un-ka,𒋗 𒋗 𒌦 𒅗,False,0
353,UntN TZ 10,sian,,,,,,UntN_TZ_10_00008,si ia an,si-ia-an,𒋛 𒅀 𒀭,False,0
354,UntN TZ 10,alumelu,postp.loc,,,,,UntN_TZ_10_00009,a lu mi im ma,a-lu-mi-im-ma,𒀀 𒇻 𒈪 𒅎 𒈠,False,0
355,UntN TZ 10,upat,,,,,,UntN_TZ_10_00010,u2 pa at,u2-pa-at,𒌑 𒉺 𒀜,False,0
356,UntN TZ 10,husi,3pl.an,3sg.inan1,,,,UntN_TZ_10_00011,hu us si ip me,hu-us-si-ip-me,𒄷 𒊻 𒋛 𒅁 𒈨,False,0
357,UntN TZ 10,kuši-,1sg.vb,,,,,UntN_TZ_10_00012,ku ši ih,ku-ši-ih,𒆪 𒅆 𒄴,False,0
358,UntN TZ 10,Pinikir,,,,,,UntN_TZ_10_00013,d pi ni gir3,(d)pi-ni-gir3,𒀭 𒉿 𒉌 𒄊,False,0
359,UntN TZ 10,i,3sg.inan2,,,,,UntN_TZ_10_00014,in,in,𒅔,False,0
360,UntN TZ 10,tuni-,1sg.vb,,,,,UntN_TZ_10_00015,du ni ih,du-ni-ih,𒁺 𒉌 𒄴,False,0
361,UntN TZ 11,u,,,,,,UntN_TZ_11_00001,u2,u2,𒌑,False,0
362,UntN TZ 11,Untash-Napirisha,,,,,,UntN_TZ_11_00002,m un taš dingir gal,(m)un-taš-dingir-gal,𒁹 𒌦 𒌨 𒀭 𒃲,False,0
363,UntN TZ 11,šak,,,,,,UntN_TZ_11_00003,ša ak,ša-ak,𒊭 𒀝,False,0
364,UntN TZ 11,Humban-umena,1sg.an,,,,,UntN_TZ_11_00004,m d hu um ban nu me na gi,(md)hu-um-ban-nu-me-na-gi,𒁹 𒀭 𒄷 𒌝 𒉼 𒉡 𒈨 𒈾 𒄀,False,0
365,UntN TZ 11,sunki,1sg.an,,,,,UntN_TZ_11_00005,zu un ki ik,zu-un-ki-ik,𒍪 𒌦 𒆠 𒅅,False,0
366,UntN TZ 11,Anshan,,,,,,UntN_TZ_11_00006,an za an,an-za-an,𒀭 𒍝 𒀭,False,0
367,UntN TZ 11,Susa,1sg.an,,,,,UntN_TZ_11_00007,šu šu un ka,šu-šu-un-ka,𒋗 𒋗 𒌦 𒅗,False,0
368,UntN TZ 11,sian,,,,,,UntN_TZ_11_00008,si ia an,si-ia-an,𒋛 𒅀 𒀭,False,0
369,UntN TZ 11,silin,3sg.inan2,,,,,UntN_TZ_11_00009,si li in,si-li-in,𒋛 𒇷 𒅔,False,0
370,UntN TZ 11,upat,,,,,,UntN_TZ_11_00010,u2 pa at,u2-pa-at,𒌑 𒉺 𒀜,False,0
371,UntN TZ 11,husi,3pl.an,3sg.inan1,,,,UntN_TZ_11_00011,hu us si ip me,hu-us-si-ip-me,𒄷 𒊻 𒋛 𒅁 𒈨,False,0
372,UntN TZ 11,kuši-,1sg.vb,,,,,UntN_TZ_11_00012,ku ši ih,ku-ši-ih,𒆪 𒅆 𒄴,False,0
373,UntN TZ 11,IM,,,,,,UntN_TZ_11_00013,d im,(d)im,𒀭 𒅎,False,0
374,UntN TZ 11,ak,,,,,,UntN_TZ_11_00014,a ak,a-ak,𒀀 𒀝,False,0
375,UntN TZ 11,Shala,,,,,,UntN_TZ_11_00015,d ša la,(d)ša-la,𒀭 𒊭 𒆷,False,0
376,UntN TZ 11,i,3sg.inan2,,,,,UntN_TZ_11_00016,in,in,𒅔,False,0
377,UntN TZ 11,tuni-,1sg.vb,,,,,UntN_TZ_11_00017,du ni ih,du-ni-ih,𒁺 𒉌 𒄴,False,0
378,UntN TZ 12,u,,,,,,UntN_TZ_12_00001,u2,u2,𒌑,False,0
379,UntN TZ 12,Untash-Napirisha,,,,,,UntN_TZ_12_00002,m un taš dingir gal,(m)un-taš-dingir-gal,𒁹 𒌦 𒌨 𒀭 𒃲,False,0
380,UntN TZ 12,šak,,,,,,UntN_TZ_12_00003,ša ak,ša-ak,𒊭 𒀝,False,0
381,UntN TZ 12,Humban-umena,1sg.an,,,,,UntN_TZ_12_00004,m d hu um ban nu me na gi,(md)hu-um-ban-nu-me-na-gi,𒁹 𒀭 𒄷 𒌝 𒉼 𒉡 𒈨 𒈾 𒄀,False,0
382,UntN TZ 12,sunki,1sg.an,,,,,UntN_TZ_12_00005,su un ki ik,su-un-ki-ik,𒋢 𒌦 𒆠 𒅅,False,0
383,UntN TZ 12,Anshan,,,,,,UntN_TZ_12_00006,an za an,an-za-an,𒀭 𒍝 𒀭,False,0
384,UntN TZ 12,Susa,1sg.an,,,,,UntN_TZ_12_00007,šu šu un ka,šu-šu-un-ka,𒋗 𒋗 𒌦 𒅗,False,0
385,UntN TZ 12,sian,,,,,,UntN_TZ_12_00008,si ia an,si-ia-an,𒋛 𒅀 𒀭,False,0
386,UntN TZ 12,kinin,3sg.inan2,,,,,UntN_TZ_12_00009,ki ni in,ki-ni-in,𒆠 𒉌 𒅔,False,0
387,UntN TZ 12,upat,,,,,,UntN_TZ_12_00010,u2 pa at,u2-pa-at,𒌑 𒉺 𒀜,False,0
388,UntN TZ 12,husi,3pl.an,3sg.inan1,,,,UntN_TZ_12_00011,hu us si ip me,hu-us-si-ip-me,𒄷 𒊻 𒋛 𒅁 𒈨,False,0
389,UntN TZ 12,kuši-,1sg.vb,,,,,UntN_TZ_12_00012,ku ši ih,ku-ši-ih,𒆪 𒅆 𒄴,False,0
390,UntN TZ 12,Shimut,,,,,,UntN_TZ_12_00013,d ši mut,(d)ši-mut,𒀭 𒅆 𒄷𒄭,False,0
391,UntN TZ 12,ak,,,,,,UntN_TZ_12_00014,a ak,a-ak,𒀀 𒀝,False,0
392,UntN TZ 12,NIN.A.LI (?),,,,,,UntN_TZ_12_00015,d nin a li,(d)nin-a-li,𒀭 𒊩𒌆 𒀀 𒇷,False,0
393,UntN TZ 12,i,3sg.inan2,,,,,UntN_TZ_12_00016,in,in,𒅔,False,0
394,UntN TZ 12,tuni-,1sg.vb,,,,,UntN_TZ_12_00017,du ni ih,du-ni-ih,𒁺 𒉌 𒄴,False,0
395,UntN TZ 13,u,,,,,,UntN_TZ_13_00001,u2,u2,𒌑,False,0
396,UntN TZ 13,Untash-Napirisha,,,,,,UntN_TZ_13_00002,m un taš dingir gal,(m)un-taš-dingir-gal,𒁹 𒌦 𒌨 𒀭 𒃲,False,0
397,UntN TZ 13,šak,,,,,,UntN_TZ_13_00003,ša ak,ša-ak,𒊭 𒀝,False,0
398,UntN TZ 13,Humban-umena,1sg.an,,,,,UntN_TZ_13_00004,m d hu um ban nu me na gi,(md)hu-um-ban-nu-me-na-gi,𒁹 𒀭 𒄷 𒌝 𒉼 𒉡 𒈨 𒈾 𒄀,False,0
399,UntN TZ 13,sunki,1sg.an,,,,,UntN_TZ_13_00005,zu un ki ik,zu-un-ki-ik,𒍪 𒌦 𒆠 𒅅,False,0
400,UntN TZ 13,Anshan,,,,,,UntN_TZ_13_00006,an za an,an-za-an,𒀭 𒍝 𒀭,False,0
401,UntN TZ 13,Susa,1sg.an,,,,,UntN_TZ_13_00007,šu šu un ka,šu-šu-un-ka,𒋗 𒋗 𒌦 𒅗,False,0
402,UntN TZ 13,sir.halte,,,,,,UntN_TZ_13_00008,si ir ha al te,si-ir-ha-al-te,𒋛 𒅕 𒄩 𒀠 𒋼,False,0
403,UntN TZ 13,upat,,,,,,UntN_TZ_13_00009,u2 pa at,u2-pa-at,𒌑 𒉺 𒀜,False,0
404,UntN TZ 13,husi,3pl.an,3sg.inan1,,,,UntN_TZ_13_00010,hu us si ip me,hu-us-si-ip-me,𒄷 𒊻 𒋛 𒅁 𒈨,False,0
405,UntN TZ 13,kuši-,1sg.vb,,,,,UntN_TZ_13_00011,ku ši ih,ku-ši-ih,𒆪 𒅆 𒄴,False,0
406,UntN TZ 13,Nap.ratep,,,,,,UntN_TZ_13_00012,d na ap ra te ip,(d)na-ap-ra-te-ip,𒀭 𒈾 𒀊 𒊏 𒋼 𒅁,False,0
407,UntN TZ 13,nulki-,3pl.an,,,,,UntN_TZ_13_00013,nu ul ki ip pi,nu-ul-ki-ip-pi,𒉡 𒌌 𒆠 𒅁 𒉿,False,0
408,UntN TZ 13,i,3sg.inan2,,,,,UntN_TZ_13_00014,in,in,𒅔,False,0
409,UntN TZ 13,tuni-,1sg.vb,,,,,UntN_TZ_13_00015,du ni ih,du-ni-ih,𒁺 𒉌 𒄴,False,0
410,UntN TZ 13a,u,,,,,,UntN_TZ_13a_00001,u2,u2,𒌑,False,0
411,UntN TZ 13a,Untash-Napirisha,,,,,,UntN_TZ_13a_00002,m un taš dingir gal,(m)un-taš-dingir-gal,𒁹 𒌦 𒌨 𒀭 𒃲,False,0
412,UntN TZ 13a,šak,,,,,,UntN_TZ_13a_00003,ša ak,ša-ak,𒊭 𒀝,False,0
413,UntN TZ 13a,Humban-umena,1sg.an,,,,,UntN_TZ_13a_00004,m d hu um ban nu me na gi,(md)hu-um-ban-nu-me-na-gi,𒁹 𒀭 𒄷 𒌝 𒉼 𒉡 𒈨 𒈾 𒄀,False,0
414,UntN TZ 13a,sunki,1sg.an,,,,,UntN_TZ_13a_00005,zu un ki ik,zu-un-ki-ik,𒍪 𒌦 𒆠 𒅅,False,0
415,UntN TZ 13a,Anshan,,,,,,UntN_TZ_13a_00006,an za an,an-za-an,𒀭 𒍝 𒀭,False,0
416,UntN TZ 13a,Susa,1sg.an,,,,,UntN_TZ_13a_00007,šu šu un ka,šu-šu-un-ka,𒋗 𒋗 𒌦 𒅗,False,0
417,UntN TZ 13a,sian,,,,,,UntN_TZ_13a_00008,si ia an,si-ia-an,𒋛 𒅀 𒀭,False,0
418,UntN TZ 13a,Pinikir,,,,,,UntN_TZ_13a_00009,d pi ni gir3 me,(d)pi-ni-gir3-me,𒀭 𒉿 𒉌 𒄊 𒈨,False,0
419,UntN TZ 13a,upat,,,,,,UntN_TZ_13a_00010,u2 pa at,u2-pa-at,𒌑 𒉺 𒀜,False,0
420,UntN TZ 13a,husi,3pl.an,3sg.inan1,,,,UntN_TZ_13a_00011,hu us si ip me,hu-us-si-ip-me,𒄷 𒊻 𒋛 𒅁 𒈨,False,0
421,UntN TZ 13a,kuši-,1sg.vb,,,,,UntN_TZ_13a_00012,ku ši ih,ku-ši-ih,𒆪 𒅆 𒄴,False,0
422,UntN TZ 13a,Pinikir,,,,,,UntN_TZ_13a_00013,d pi ni gìr,(d)pi-ni-gìr,𒀭 𒉿 𒉌 gìr,False,0
423,UntN TZ 13a,lansiti,3sg.an,,,,,UntN_TZ_13a_00014,la an si ti ir,la-an-si-ti-ir,𒆷 𒀭 𒋛 𒋾 𒅕,False,0
424,UntN TZ 13a,aha,3sg.an,,,,,UntN_TZ_13a_00015,a ha ar,a-ha-ar,𒀀 𒄩 𒅈,False,0
425,UntN TZ 13a,mur.ta-,1sg.vb,,,,,UntN_TZ_13a_00016,mu ur tah,mu-ur-tah,𒈬 𒌨 𒈭,False,0
426,UntN TZ 13a,hutak.halik,,,,II,,UntN_TZ_13a_00017,hu ut tak ha li ik,hu-ut-tak-ha-li-ik,𒄷 𒌓 𒋳 𒄩 𒇷 𒅅,False,0
427,UntN TZ 13a,u,3sg.inan1,,,,,UntN_TZ_13a_00018,u2 me,u2-me,𒌑 𒈨,False,0
428,UntN TZ 13a,Pinikir,,,,,,UntN_TZ_13a_00019,d pi ni gir3,(d)pi-ni-gir3,𒀭 𒉿 𒉌 𒄊,False,0
429,UntN TZ 13a,Sian.kuk,3sg.an,,,,,UntN_TZ_13a_00020,si ia an ku uk ra,si-ia-an-ku-uk-ra,𒋛 𒅀 𒀭 𒆪 𒊌 𒊏,False,0
430,UntN TZ 13a,lina,,,,,,UntN_TZ_13a_00021,li na,li-na,𒇷 𒈾,False,0
431,UntN TZ 13a,tela-,II,opt2,,,,UntN_TZ_13a_00022,te la ak ni,te-la-ak-ni,𒋼 𒆷 𒀝 𒉌,False,0
432,UntN TZ 14,u,,,,,,UntN_TZ_14_00001,u2,u2,𒌑,False,0
433,UntN TZ 14,Untash-Napirisha,,,,,,UntN_TZ_14_00002,m un taš dingir gal,(m)un-taš-dingir-gal,𒁹 𒌦 𒌨 𒀭 𒃲,False,0
434,UntN TZ 14,šak,,,,,,UntN_TZ_14_00003,ša ak,ša-ak,𒊭 𒀝,False,0
435,UntN TZ 14,Humban-umena,1sg.an,,,,,UntN_TZ_14_00004,m d hu um ban nu me na gi,(md)hu-um-ban-nu-me-na-gi,𒁹 𒀭 𒄷 𒌝 𒉼 𒉡 𒈨 𒈾 𒄀,False,0
436,UntN TZ 14,sunki,1sg.an,,,,,UntN_TZ_14_00005,zu un ki ik,zu-un-ki-ik,𒍪 𒌦 𒆠 𒅅,False,0
437,UntN TZ 14,Anshan,,,,,,UntN_TZ_14_00006,an za an,an-za-an,𒀭 𒍝 𒀭,False,0
438,UntN TZ 14,Susa,1sg.an,,,,,UntN_TZ_14_00007,šu šu un ka,šu-šu-un-ka,𒋗 𒋗 𒌦 𒅗,False,0
439,UntN TZ 14,sian,,,,,,UntN_TZ_14_00008,si ia an,si-ia-an,𒋛 𒅀 𒀭,False,0
440,UntN TZ 14,hunin,3sg.inan2,,,,,UntN_TZ_14_00009,hu ni in,hu-ni-in,𒄷 𒉌 𒅔,False,0
441,UntN TZ 14,upat,,,,,,UntN_TZ_14_00010,u2 pa at,u2-pa-at,𒌑 𒉺 𒀜,False,0
442,UntN TZ 14,husi,3pl.an,3sg.inan1,,,,UntN_TZ_14_00011,hu us si ip me,hu-us-si-ip-me,𒄷 𒊻 𒋛 𒅁 𒈨,False,0
443,UntN TZ 14,kuši-,1sg.vb,,,,,UntN_TZ_14_00012,ku ši ih,ku-ši-ih,𒆪 𒅆 𒄴,False,0
444,UntN TZ 14,Hišmitik,,,,,,UntN_TZ_14_00013,d hi iš mi ti ik,(d)hi-iš-mi-ti-ik,𒀭 𒄭 𒅖 𒈪 𒋾 𒅅,False,0
445,UntN TZ 14,ak,,,,,,UntN_TZ_14_00014,a ak,a-ak,𒀀 𒀝,False,0
446,UntN TZ 14,Ruhurater,,,,,,UntN_TZ_14_00015,d ru hu ra te ir,(d)ru-hu-ra-te-ir,𒀭 𒊒 𒄷 𒊏 𒋼 𒅕,False,0
447,UntN TZ 14,i,3sg.inan2,,,,,UntN_TZ_14_00016,in,in,𒅔,False,0
448,UntN TZ 14,tuni-,1sg.vb,,,,,UntN_TZ_14_00017,du ni ih,du-ni-ih,𒁺 𒉌 𒄴,False,0
449,UntN TZ 15,u,,,,,,UntN_TZ_15_00001,u3,u3,𒅇,False,0
450,UntN TZ 15,Untash-Napirisha,,,,,,UntN_TZ_15_00002,m un taš dingir gal,(m)un-taš-dingir-gal,𒁹 𒌦 𒌨 𒀭 𒃲,False,0
451,UntN TZ 15,šak,,,,,,UntN_TZ_15_00003,ša ak,ša-ak,𒊭 𒀝,False,0
452,UntN TZ 15,Humban-umena,1sg.an,,,,,UntN_TZ_15_00004,d hu ban um me en na ki,(d)hu-ban-um-me-en-na-ki,𒀭 𒄷 𒉼 𒌝 𒈨 𒂗 𒈾 𒆠,False,0
453,UntN TZ 15,sunki,1sg.an,,,,,UntN_TZ_15_00005,zu un ki ik,zu-un-ki-ik,𒍪 𒌦 𒆠 𒅅,False,0
454,UntN TZ 15,Anshan,,,,,,UntN_TZ_15_00006,an za an,an-za-an,𒀭 𒍝 𒀭,False,0
455,UntN TZ 15,Susa,1sg.an,,,,,UntN_TZ_15_00007,šu šu un ka,šu-šu-un-ka,𒋗 𒋗 𒌦 𒅗,False,0
456,UntN TZ 15,tuš,,,,,,UntN_TZ_15_00008,tu4 uš,tu4-uš,𒌈 𒍑,False,0
457,UntN TZ 15,pite-,II,,,,,UntN_TZ_15_00009,pi it te ka,pi-it-te-ka,𒉿 𒀉 𒋼 𒅗,False,0
458,UntN TZ 15,apa,,,,,,UntN_TZ_15_00010,ap pa,ap-pa,𒀊 𒉺,False,0
459,UntN TZ 15,sunki,3pl.an,,,,,UntN_TZ_15_00011,su un ki ip,su-un-ki-ip,𒋢 𒌦 𒆠 𒅁,False,0
460,UntN TZ 15,urpu,3pl.an,,,,,UntN_TZ_15_00012,u2 ri pu pi,u2-ri-pu-pi,𒌑 𒊑 𒁍 𒉿,False,0
461,UntN TZ 15,in-,3sg.inan1,,,,,UntN_TZ_15_00013,im me,im-me,𒅎 𒈨,False,0
462,UntN TZ 15,huta-,3pl.vb,,,,,UntN_TZ_15_00014,hu ut tah ša,hu-ut-tah-ša,𒄷 𒌓 𒈭 𒊭,False,0
463,UntN TZ 15,ak,,,,,,UntN_TZ_15_00015,a gi,a-gi,𒀀 𒄀,False,0
464,UntN TZ 15,meni.r,3pl.an,,,,,UntN_TZ_15_00016,me en pu,me-en-pu,𒈨 𒂗 𒁍,False,0
465,UntN TZ 15,apa,,,,,,UntN_TZ_15_00017,ap pa,ap-pa,𒀊 𒉺,False,0
466,UntN TZ 15,in-,3pl.an,,,,,UntN_TZ_15_00018,im me,im-me,𒅎 𒈨,False,0
467,UntN TZ 15,kuši-,3pl.vb,,,,,UntN_TZ_15_00019,ku ši ih ša,ku-ši-ih-ša,𒆪 𒅆 𒄴 𒊭,False,0
468,UntN TZ 15,u,,,,,,UntN_TZ_15_00020,u2,u2,𒌑,False,0
469,UntN TZ 15,kuši-,1sg.vb,,,,,UntN_TZ_15_00021,ku ši ih,ku-ši-ih,𒆪 𒅆 𒄴,False,0
470,UntN TZ 15,hu,,,,,,UntN_TZ_15_00022,hu,hu,𒄷,False,0
471,UntN TZ 15,sian.me,3sg.inan1,,,,,UntN_TZ_15_00023,si ia ni me,si-ia-ni-me,𒋛 𒅀 𒉌 𒈨,False,0
472,UntN TZ 15,kukši-,1sg.vb,,,,,UntN_TZ_15_00024,ku uk ši ih,ku-uk-ši-ih,𒆪 𒊌 𒅆 𒄴,False,0
473,UntN TZ 15,huhun.me,3sg.inan1,,,,,UntN_TZ_15_00025,hu uh ni me,hu-uh-ni-me,𒄷 𒄴 𒉌 𒈨,False,0
474,UntN TZ 15,hulpa-,1sg.vb,,,,,UntN_TZ_15_00026,hu ul pa ah,hu-ul-pa-ah,𒄷 𒌌 𒉺 𒄴,False,0
475,UntN TZ 15,kutu,postp.loc,,,,,UntN_TZ_15_00027,ku du ma,ku-du-ma,𒆪 𒁺 𒈠,False,0
476,UntN TZ 15,ak,,,,,,UntN_TZ_15_00028,a ak,a-ak,𒀀 𒀝,False,0
477,UntN TZ 15,pitu,postp.loc,,,,,UntN_TZ_15_00029,pi tu4 ma,pi-tu4-ma,𒉿 𒌈 𒈠,False,0
478,UntN TZ 15,u,,,,,,UntN_TZ_15_00030,u2,u2,𒌑,False,0
479,UntN TZ 15,zagratum,,,,3sg.inan1,,UntN_TZ_15_00031,zig ra tu4 me,zig-ra-tu4-me,𒍨 𒊏 𒌈 𒈨,False,0
480,UntN TZ 15,kiki.te-,1sg.vb,,,,,UntN_TZ_15_00032,ki ik ki ti ih,ki-ik-ki-ti-ih,𒆠 𒅅 𒆠 𒋾 𒄴,False,0
481,UntN TZ 15,Inshushinak,,,,,,UntN_TZ_15_00033,d in šu uš na ak,(d)in-šu-uš-na-ak,𒀭 𒅔 𒋗 𒍑 𒈾 𒀝,False,0
482,UntN TZ 15,tempti,,,,,,UntN_TZ_15_00034,te ip ti,te-ip-ti,𒋼 𒅁 𒋾,False,0
483,UntN TZ 15,Sian.kuk,3sg.an,,,,,UntN_TZ_15_00035,si ia an ku uk ra,si-ia-an-ku-uk-ra,𒋛 𒅀 𒀭 𒆪 𒊌 𒊏,False,0
484,UntN TZ 15,i,3sg.inan2,,,,,UntN_TZ_15_00036,in,in,𒅔,False,0
485,UntN TZ 15,tuni-,1sg.vb,,,,,UntN_TZ_15_00037,tu4 ni ih,tu4-ni-ih,𒌈 𒉌 𒄴,False,0
486,UntN TZ 16,u,,,,,,UntN_TZ_16_00001,u2,u2,𒌑,False,0
487,UntN TZ 16,Untash-Napirisha,,,,,,UntN_TZ_16_00002,m un taš dingir gal,(m)un-taš-dingir-gal,𒁹 𒌦 𒌨 𒀭 𒃲,False,0
488,UntN TZ 16,šak,,,,,,UntN_TZ_16_00003,ša ak,ša-ak,𒊭 𒀝,False,0
489,UntN TZ 16,Humban-umena,1sg.an,,,,,UntN_TZ_16_00004,m d hu um ban nu me na gi,(md)hu-um-ban-nu-me-na-gi,𒁹 𒀭 𒄷 𒌝 𒉼 𒉡 𒈨 𒈾 𒄀,False,0
490,UntN TZ 16,sunki,1sg.an,,,,,UntN_TZ_16_00005,su un ki ik,su-un-ki-ik,𒋢 𒌦 𒆠 𒅅,False,0
491,UntN TZ 16,Anshan,,,,,,UntN_TZ_16_00006,an za an,an-za-an,𒀭 𒍝 𒀭,False,0
492,UntN TZ 16,Susa,1sg.an,,,,,UntN_TZ_16_00007,šu šu un ka,šu-šu-un-ka,𒋗 𒋗 𒌦 𒅗,False,0
493,UntN TZ 16,ipilati,,,,,,UntN_TZ_16_00008,ip il la ti,ip-il-la-ti,𒅁 𒅋 𒆷 𒋾,False,0
494,UntN TZ 16,kuši-,,,,,,UntN_TZ_16_00009,ku ši ih,ku-ši-ih,𒆪 𒅆 𒄴,False,0
495,UntN TZ 16,tak.me,,,,3sg.inan1,,UntN_TZ_16_00010,ta ak me,ta-ak-me,𒋫 𒀝 𒈨,False,0
496,UntN TZ 16,u,3sg.inan1,,,,,UntN_TZ_16_00011,u2 me,u2-me,𒌑 𒈨,False,0
497,UntN TZ 16,tur,,,,,,UntN_TZ_16_00012,tu4 ur,tu4-ur,𒌈 𒌨,False,0
498,UntN TZ 16,hih,,,,,,UntN_TZ_16_00013,hi ih,hi-ih,𒄭 𒄴,False,0
499,UntN TZ 16,sit.me,,,,3sg.inan1,,UntN_TZ_16_00014,si it me,si-it-me,𒋛 𒀉 𒈨,False,0
500,UntN TZ 16,u,3sg.inan1,,,,,UntN_TZ_16_00015,u2 me,u2-me,𒌑 𒈨,False,0
501,UntN TZ 16,azkit,,,,,,UntN_TZ_16_00016,az ki it,az-ki-[it],𒊍 𒆠 𒀉,False,0
502,UntN TZ 16,tur,,,,,,UntN_TZ_16_00017,tu4 ur,tu4-ur,𒌈 𒌨,False,0
503,UntN TZ 16,sah,3sg.an,,,,,UntN_TZ_16_00018,za ah ri,za-ah-ri,𒍝 𒄴 𒊑,False,0
504,UntN TZ 16,hušu,adj,,,,,UntN_TZ_16_00019,hu šu ia,hu-šu-ia,𒄷 𒋗 𒅀,False,0
505,UntN TZ 16,in-,1sg.an,,,,,UntN_TZ_16_00020,in gi,in-gi,𒅔 𒄀,False,0
506,UntN TZ 16,hi-,III,1sg.an,,,,UntN_TZ_16_00021,hi en ka,hi-en-ka,𒄭 𒂗 𒅗,False,0
507,UntN TZ 16,in.tika,,,,,,UntN_TZ_16_00022,in ti ik ka,in-ti-ik-ka,𒅔 𒋾 𒅅 𒅗,False,0
508,UntN TZ 16,ak,,,,,,UntN_TZ_16_00023,ia ak,ia-ak,𒅀 𒀝,False,0
509,UntN TZ 16,ipilati,,,,,,UntN_TZ_16_00024,ip il la ti,[ip-il-la-ti],𒅁 𒅋 𒆷 𒋾,False,0
510,UntN TZ 16,kuši-,1sg.vb,,,,,UntN_TZ_16_00025,ku ši ih,ku-ši-ih,𒆪 𒅆 𒄴,False,0
511,UntN TZ 16,PA.TUG2,,,,,,UntN_TZ_16_00026,d PA TUG2,(d)PA.TUG2,𒀭 𒉺 𒌆,False,0
512,UntN TZ 16,Sian.kuk,3sg.an,,,,,UntN_TZ_16_00027,si ia an ku uk ra,si-ia-an-ku-uk-ra,𒋛 𒅀 𒀭 𒆪 𒊌 𒊏,False,0
513,UntN TZ 16,i,3sg.inan2,,,,,UntN_TZ_16_00028,in,in,𒅔,False,0
514,UntN TZ 16,tuni-,1sg.vb,,,,,UntN_TZ_16_00029,du ni ih,du-ni-ih,𒁺 𒉌 𒄴,False,0
515,UntN TZ 16,hutak.halik,,,,II,,UntN_TZ_16_00030,hu ut ta ak ha li ik,hu-ut-ta-ak-[ha-li-ik],𒄷 𒌓 𒋫 𒀝 𒄩 𒇷 𒅅,False,0
516,UntN TZ 16,u,3sg.inan1,,,,,UntN_TZ_16_00031,u2 me,u2-me,𒌑 𒈨,False,0
517,UntN TZ 16,Napirisha,,,,,,UntN_TZ_16_00032,dingir gal,dingir-gal,𒀭 𒃲,False,0
518,UntN TZ 16,Inshushinak,,,,,,UntN_TZ_16_00033,d in šu ši na ak,(d)in-šu-ši-na-ak,𒀭 𒅔 𒋗 𒅆 𒈾 𒀝,False,0
519,UntN TZ 16,ak,,,,,,UntN_TZ_16_00034,a ak,a-ak,𒀀 𒀝,False,0
520,UntN TZ 16,PA.TUG2,,,,,,UntN_TZ_16_00035,d PA TUG2,(d)PA.TUG2,𒀭 𒉺 𒌆,False,0
521,UntN TZ 16,Sian.kuk,3pl.an,,,,,UntN_TZ_16_00036,si ia an ku uk pa,si-ia-an-ku-uk-pa,𒋛 𒅀 𒀭 𒆪 𒊌 𒉺,False,0
522,UntN TZ 16,lina,,,,,,UntN_TZ_16_00037,li na,li-na,𒇷 𒈾,False,0
523,UntN TZ 16,tela-,II,opt2,,,,UntN_TZ_16_00038,te la ak ni,te-la-ak-ni,𒋼 𒆷 𒀝 𒉌,False,0
524,UntN TZ 17,u,,,,,,UntN_TZ_17_00001,u2,u2,𒌑,False,0
525,UntN TZ 17,Untash-Napirisha,,,,,,UntN_TZ_17_00002,m un taš dingir gal,(m)un-taš-dingir-gal,𒁹 𒌦 𒌨 𒀭 𒃲,False,0
526,UntN TZ 17,šak,,,,,,UntN_TZ_17_00003,ša ak,ša-ak,𒊭 𒀝,False,0
527,UntN TZ 17,Humban-umena,1sg.an,,,,,UntN_TZ_17_00004,d hu ban nu me na ki,(d)hu-ban-nu-me-na-ki,𒀭 𒄷 𒉼 𒉡 𒈨 𒈾 𒆠,False,0
528,UntN TZ 17,sunki,1sg.an,,,,,UntN_TZ_17_00005,su un ki ik,su-un-ki-ik,𒋢 𒌦 𒆠 𒅅,False,0
529,UntN TZ 17,Anshan,,,,,,UntN_TZ_17_00006,an za an,an-za-an,𒀭 𒍝 𒀭,False,0
530,UntN TZ 17,Susa,1sg.an,,,,,UntN_TZ_17_00007,šu šu un ka,šu-šu-un-ka,𒋗 𒋗 𒌦 𒅗,False,0
531,UntN TZ 17,tak.me,,,,3sg.inan1,,UntN_TZ_17_00008,ta ak me,ta-ak-me,𒋫 𒀝 𒈨,False,0
532,UntN TZ 17,u,3sg.inan1,,,,,UntN_TZ_17_00009,u2 me,u2-me,𒌑 𒈨,False,0
533,UntN TZ 17,tur,,,,,,UntN_TZ_17_00010,tu4 ur,tu4-ur,𒌈 𒌨,False,0
534,UntN TZ 17,hih,,,,,,UntN_TZ_17_00011,hi ih,hi-ih,𒄭 𒄴,False,0
535,UntN TZ 17,sit.me,,,,3sg.inan1,,UntN_TZ_17_00012,si it me,si-it-me,𒋛 𒀉 𒈨,False,0
536,UntN TZ 17,u,3sg.inan1,,,,,UntN_TZ_17_00013,u2 me,u2-me,𒌑 𒈨,False,0
537,UntN TZ 17,šullume-,II,,,,,UntN_TZ_17_00014,šu ul lu me ga,šu-ul-lu-me-ga,𒋗 𒌌 𒇻 𒈨 𒂵,False,0
538,UntN TZ 17,azkit,,,,,,UntN_TZ_17_00015,az ki it,az-ki-it,𒊍 𒆠 𒀉,False,0
539,UntN TZ 17,tur,,,,,,UntN_TZ_17_00016,tu4 ur,tu4-ur,𒌈 𒌨,False,0
540,UntN TZ 17,sah,3sg.an,,,,,UntN_TZ_17_00017,sah ri,sah-ri,𒆤 𒊑,False,0
541,UntN TZ 17,hušu,adj,,,,,UntN_TZ_17_00018,hu šu ia,hu-šu-ia,𒄷 𒋗 𒅀,False,0
542,UntN TZ 17,in-,1sg.an,,,,,UntN_TZ_17_00019,in gi,in-gi,𒅔 𒄀,False,0
543,UntN TZ 17,hi-,III,1sg.an,,,,UntN_TZ_17_00020,hi en ga,hi-en-ga,𒄭 𒂗 𒂵,False,0
544,UntN TZ 17,in.tika,,,,,,UntN_TZ_17_00021,in di ig ga,in-di-ig-ga,𒅔 𒁲 𒅅 𒂵,False,0
545,UntN TZ 17,ak,,,,,,UntN_TZ_17_00022,a gi,a-gi,𒀀 𒄀,False,0
546,UntN TZ 17,tuš,,,,,,UntN_TZ_17_00023,tuš,tuš,𒆪,False,0
547,UntN TZ 17,10,,,,,,UntN_TZ_17_00024,10,10,𒌋,False,0
548,UntN TZ 17,kuš (?),,,,,,UntN_TZ_17_00025,kuš3,kuš3,kuš3,False,0
549,UntN TZ 17,kuši-,1sg.vb,,,,,UntN_TZ_17_00026,ku ši ih,ku-ši-ih,𒆪 𒅆 𒄴,False,0
550,UntN TZ 17,PA.TUG2,,,,,,UntN_TZ_17_00027,d PA TUG2,(d)PA.TUG2,𒀭 𒉺 𒌆,False,0
551,UntN TZ 17,Sian.kuk,3sg.an,,,,,UntN_TZ_17_00028,si a an ku uk ra,si-a-an-ku-uk-ra,𒋛 𒀀 𒀭 𒆪 𒊌 𒊏,False,0
552,UntN TZ 17,i,3sg.inan2,,,,,UntN_TZ_17_00029,in,in,𒅔,False,0
553,UntN TZ 17,tuni-,1sg.vb,,,,,UntN_TZ_17_00030,tu4 ni ih,tu4-ni-ih,𒌈 𒉌 𒄴,False,0
554,UntN TZ 17,hutak.halik,,,,II,,UntN_TZ_17_00031,hu ut tak ha li ik,hu-ut-tak-ha-li-ik,𒄷 𒌓 𒋳 𒄩 𒇷 𒅅,False,0
555,UntN TZ 17,u,3sg.inan1,,,,,UntN_TZ_17_00032,u2 me,u2-me,𒌑 𒈨,False,0
556,UntN TZ 17,PA.TUG2,,,,,,UntN_TZ_17_00033,d PA TUG2,(d)PA.TUG2,𒀭 𒉺 𒌆,False,0
557,UntN TZ 17,lina,,,,,,UntN_TZ_17_00034,ul li na,ul-li-na,𒌌 𒇷 𒈾,False,0
558,UntN TZ 17,tela-,,,,,,UntN_TZ_17_00035,te la ak ni,te-la-ak-ni,𒋼 𒆷 𒀝 𒉌,False,0
559,UntN TZ 18,u,,,,,,UntN_TZ_18_00001,u2,u2,𒌑,False,0
560,UntN TZ 18,Untash-Napirisha,,,,,,UntN_TZ_18_00002,m un taš dingir gal,(m)un-taš-dingir-gal,𒁹 𒌦 𒌨 𒀭 𒃲,False,0
561,UntN TZ 18,šak,,,,,,UntN_TZ_18_00003,ša ak,ša-ak,𒊭 𒀝,False,0
562,UntN TZ 18,Humban-umena,1sg.an,,,,,UntN_TZ_18_00004,d hu um ban nu me na gi,(d)[hu]-um-ban-nu-me-na-gi,𒀭 𒄷 𒌝 𒉼 𒉡 𒈨 𒈾 𒄀,False,0
563,UntN TZ 18,sunki,1sg.an,,,,,UntN_TZ_18_00005,su un ki ik,su-un-ki-ik,𒋢 𒌦 𒆠 𒅅,False,0
564,UntN TZ 18,Anshan,,,,,,UntN_TZ_18_00006,an za an,an-za-an,𒀭 𒍝 𒀭,False,0
565,UntN TZ 18,Susa,1sg.an,,,,,UntN_TZ_18_00007,šu šu un ka,šu-šu-un-ka,𒋗 𒋗 𒌦 𒅗,False,0
566,UntN TZ 18,pel,,,,,,UntN_TZ_18_00008,pi el,pi-el,𒉿 𒂖,False,0
567,UntN TZ 18,kitin,postp.loc,,,3SG.INAN2,,UntN_TZ_18_00009,ki it ti im ma,ki-it-ti-im-ma,𒆠 𒀉 𒋾 𒅎 𒈠,False,0
568,UntN TZ 18,,,,,,,UntN_TZ_18_00010,na a,na-a,𒈾 𒀀,False,0
569,UntN TZ 18,meluk,3sg.an,,,,,UntN_TZ_18_00011,me lu uk ra,me-lu-uk-ra,𒈨 𒇻 𒊌 𒊏,False,0
570,UntN TZ 18,sunki.me,,,,3sg.inan1,,UntN_TZ_18_00012,su un ki me,su-un-ki-me,𒋢 𒌦 𒆠 𒈨,False,0
571,UntN TZ 18,tur,,,,,,UntN_TZ_18_00013,tu4 ur,tu4-ur,𒌈 𒌨,False,0
572,UntN TZ 18,hih,,,,,,UntN_TZ_18_00014,hi ih,hi-ih,𒄭 𒄴,False,0
573,UntN TZ 18,sit.me,,,,3sg.inan1,,UntN_TZ_18_00015,si it me,si-it-me,𒋛 𒀉 𒈨,False,0
574,UntN TZ 18,hi-,III,1sg.an,,,,UntN_TZ_18_00016,hi en ka,hi-en-ka,𒄭 𒂗 𒅗,False,0
575,UntN TZ 18,in.tika,,,,,,UntN_TZ_18_00017,in ti ik ka,[in-ti]-ik-ka,𒅔 𒋾 𒅅 𒅗,False,0
576,UntN TZ 18,ak,,,,,,UntN_TZ_18_00018,a gi,[a]-gi,𒀀 𒄀,False,0
577,UntN TZ 18,sian,,,,,,UntN_TZ_18_00019,si ia an,si-ia-an,𒋛 𒅀 𒀭,False,0
578,UntN TZ 18,Kiririsha,3sg.inan1,,,,,UntN_TZ_18_00020,d ki ri ri ša me,(d)ki-ri-ri-ša-me,𒀭 𒆠 𒊑 𒊑 𒊭 𒈨,False,0
579,UntN TZ 18,kištu,postp.loc,,,,,UntN_TZ_18_00021,ki iš tu4 um ma,ki-iš-tu4-um-ma,𒆠 𒅖 𒌈 𒌝 𒈠,False,0
580,UntN TZ 18,kuši-,1sg.vb,,,,,UntN_TZ_18_00022,ku ši ih,[ku-ši-ih],𒆪 𒅆 𒄴,False,0
581,UntN TZ 18,Kiririsha,,,,,,UntN_TZ_18_00023,d ki ri ri ša,(d)ki-{ri-ri}-ša,𒀭 𒆠 𒊑 𒊑 𒊭,False,0
582,UntN TZ 18,tuni-,1sg.vb,,,,,UntN_TZ_18_00024,du ni ih,du-ni-ih,𒁺 𒉌 𒄴,False,0
583,UntN TZ 18,hutak.halik,,,,II,,UntN_TZ_18_00025,hu ut tak ha li ik,hu-ut-tak-ha-li-ik,𒄷 𒌓 𒋳 𒄩 𒇷 𒅅,False,0
584,UntN TZ 18,u,3sg.inan1,,,,,UntN_TZ_18_00026,u2 me,u2-me,𒌑 𒈨,False,0
585,UntN TZ 18,Kiririsha,,,,,,UntN_TZ_18_00027,d ki ri ri ša,(d)ki-ri-ri-ša,𒀭 𒆠 𒊑 𒊑 𒊭,False,0
586,UntN TZ 18,Sian.kuk,3sg.an,,,,,UntN_TZ_18_00028,si ia an ku uk ra,si-[ia-an-ku]-uk-[ra,𒋛 𒅀 𒀭 𒆪 𒊌 𒊏,False,0
587,UntN TZ 18,lina,,,,,,UntN_TZ_18_00029,li na,li-na],𒇷 𒈾,False,0
588,UntN TZ 18,tela-,II,opt2,,,,UntN_TZ_18_00030,te la ak ni,te-[la-ak-ni],𒋼 𒆷 𒀝 𒉌,False,0
589,UntN TZ 19,u,,,,,,UntN_TZ_19_00001,u2,u2,𒌑,False,0
590,UntN TZ 19,Untash-Napirisha,,,,,,UntN_TZ_19_00002,m un taš dingir gal,(m)un-taš-dingir-gal,𒁹 𒌦 𒌨 𒀭 𒃲,False,0
591,UntN TZ 19,šak,,,,,,UntN_TZ_19_00003,ša ak,ša-ak,𒊭 𒀝,False,0
592,UntN TZ 19,Humban-umena,1sg.an,,,,,UntN_TZ_19_00004,m d hu um ban nu me na gi,(md)hu-um-ban-nu-me-na-gi,𒁹 𒀭 𒄷 𒌝 𒉼 𒉡 𒈨 𒈾 𒄀,False,0
593,UntN TZ 19,sunki,1sg.an,,,,,UntN_TZ_19_00005,zu un ki ik,zu-un-ki-ik,𒍪 𒌦 𒆠 𒅅,False,0
594,UntN TZ 19,Anshan,,,,,,UntN_TZ_19_00006,an za an,an-za-an,𒀭 𒍝 𒀭,False,0
595,UntN TZ 19,Susa,1sg.an,,,,,UntN_TZ_19_00007,šu šu un ka,šu-šu-un-ka,𒋗 𒋗 𒌦 𒅗,False,0
596,UntN TZ 19,pel,,,,,,UntN_TZ_19_00008,pi el,pi-el,𒉿 𒂖,False,0
597,UntN TZ 19,kitin,postp.loc,,,3SG.INAN2,,UntN_TZ_19_00009,ki it ti im ma,ki-it-ti-im-ma,𒆠 𒀉 𒋾 𒅎 𒈠,False,0
598,UntN TZ 19,,,,,,,UntN_TZ_19_00010,na a,na-a,𒈾 𒀀,False,0
599,UntN TZ 19,meluk,3sg.an,,,,,UntN_TZ_19_00011,me lu uk ra,me-lu-uk-ra,𒈨 𒇻 𒊌 𒊏,False,0
600,UntN TZ 19,sunki.me,,,,3sg.inan1,,UntN_TZ_19_00012,zu un ki me,zu-un-ki-me,𒍪 𒌦 𒆠 𒈨,False,0
601,UntN TZ 19,tur,,,,,,UntN_TZ_19_00013,tu4 ur,tu4-ur,𒌈 𒌨,False,0
602,UntN TZ 19,hih,,,,,,UntN_TZ_19_00014,hi ih,hi-ih,𒄭 𒄴,False,0
603,UntN TZ 19,sit.me,postp.loc,,,3sg.inan2,,UntN_TZ_19_00015,zi it im ma,zi-it-im-ma,𒍣 𒀉 𒅎 𒈠,False,0
604,UntN TZ 19,hi-,III,1sg.an,,,,UntN_TZ_19_00016,hi en ka,hi-en-ka,𒄭 𒂗 𒅗,False,0
605,UntN TZ 19,in.tika,,,,,,UntN_TZ_19_00017,in ti ik ka,in-ti-ik-ka,𒅔 𒋾 𒅅 𒅗,False,0
606,UntN TZ 19,ak,,,,,,UntN_TZ_19_00018,a gi,a-gi,𒀀 𒄀,False,0
607,UntN TZ 19,sian,,,,,,UntN_TZ_19_00019,si ia an,si-ia-an,𒋛 𒅀 𒀭,False,0
608,UntN TZ 19,Sunkirishar,,3sg.inan1,,,,UntN_TZ_19_00020,d zu un ki ir ri ša ar ra me,(d)zu-un-ki-ir-ri-ša-ar-ra-me,𒀭 𒍪 𒌦 𒆠 𒅕 𒊑 𒊭 𒅈 𒊏 𒈨,False,0
609,UntN TZ 19,reru,postp.loc,,,,,UntN_TZ_19_00021,ri e ru um ma,ri-e-ru-um-ma,𒊑 𒂊 𒊒 𒌝 𒈠,False,0
610,UntN TZ 19,kuši-,1sg.vb,,,,,UntN_TZ_19_00022,ku ši ih,ku-ši-ih,𒆪 𒅆 𒄴,False,0
611,UntN TZ 19,hutak.halik,,,,II,,UntN_TZ_19_00023,hu ut tak ha li ik,hu-ut-tak-ha-li-ik,𒄷 𒌓 𒋳 𒄩 𒇷 𒅅,False,0
612,UntN TZ 19,u,3sg.inan1,,,,,UntN_TZ_19_00024,u2 me,u2-me,𒌑 𒈨,False,0
613,UntN TZ 19,Sunkirishar,,,,,,UntN_TZ_19_00025,d zu un ki ir ri ša ar ra,(d)zu-un-ki-ir-ri-ša-ar-ra,𒀭 𒍪 𒌦 𒆠 𒅕 𒊑 𒊭 𒅈 𒊏,False,0
614,UntN TZ 19,lina,,,,,,UntN_TZ_19_00026,li na,li-na,𒇷 𒈾,False,0
615,UntN TZ 19,tela-,II,opt2,,,,UntN_TZ_19_00027,te la ak ni,te-la-ak-ni,𒋼 𒆷 𒀝 𒉌,False,0
616,UntN TZ 20,u,,,,,,UntN_TZ_20_00001,u2,u2,𒌑,False,0
617,UntN TZ 20,Untash-Napirisha,,,,,,UntN_TZ_20_00002,m un taš dingir gal,(m)un-taš-dingir-gal,𒁹 𒌦 𒌨 𒀭 𒃲,False,0
618,UntN TZ 20,šak,,,,,,UntN_TZ_20_00003,ša ak,ša-ak,𒊭 𒀝,False,0
619,UntN TZ 20,Humban-umena,1sg.an,,,,,UntN_TZ_20_00004,m d hu um ban nu me na gi,(md)hu-um-[ban-nu-me-na-gi,𒁹 𒀭 𒄷 𒌝 𒉼 𒉡 𒈨 𒈾 𒄀,False,0
620,UntN TZ 20,sunki,1sg.an,,,,,UntN_TZ_20_00005,zu un ki ik,zu-un-ki-ik,𒍪 𒌦 𒆠 𒅅,False,0
621,UntN TZ 20,Anshan,,,,,,UntN_TZ_20_00006,an za an,an-za-an],𒀭 𒍝 𒀭,False,0
622,UntN TZ 20,Susa,1sg.an,,,,,UntN_TZ_20_00007,šu šu un ka,šu-šu-un-ka,𒋗 𒋗 𒌦 𒅗,False,0
623,UntN TZ 20,sian,,,,,,UntN_TZ_20_00008,si ia an,si-ia-an,𒋛 𒅀 𒀭,False,0
624,UntN TZ 20,limin,3sg.inan2,,,,,UntN_TZ_20_00009,li mi in,li-mi-in,𒇷 𒈪 𒅔,False,0
625,UntN TZ 20,kuši-,1sg.vb,,,,,UntN_TZ_20_00010,ku ši ih,ku-[ši-ih,𒆪 𒅆 𒄴,False,0
626,UntN TZ 20,Kilah.Shupir,,,,,,UntN_TZ_20_00011,d ki la ah šu pi ir,(d)ki-la-ah-šu-pi-ir,𒀭 𒆠 𒆷 𒄴 𒋗 𒉿 𒅕,False,0
627,UntN TZ 20,limin,3sg.inan2,3sg.an,,,,UntN_TZ_20_00012,li mi in ra,li-mi-in-ra],𒇷 𒈪 𒅔 𒊏,False,0
628,UntN TZ 20,Sian.kuk,3sg.an,,,,,UntN_TZ_20_00013,si ia an ku uk ra,si-ia-an-ku-uk-ra,𒋛 𒅀 𒀭 𒆪 𒊌 𒊏,False,0
629,UntN TZ 20,tuni-,1sg.vb,,,,,UntN_TZ_20_00014,du ni ih,du-ni-ih,𒁺 𒉌 𒄴,False,0
630,UntN TZ 20,hutak.halik,,,,II,,UntN_TZ_20_00015,hu ut2 tak ha li ik,hu-ut2-tak-[ha-li-ik,𒄷 𒀾 𒋳 𒄩 𒇷 𒅅,False,0
631,UntN TZ 20,u,3sg.inan1,,,,,UntN_TZ_20_00016,u2 me,u2-me,𒌑 𒈨,False,0
632,UntN TZ 20,Kilah.Shupir,,,,,,UntN_TZ_20_00017,d ki la ah šu pi ir,(d)ki-la-ah-šu-pi-ir],𒀭 𒆠 𒆷 𒄴 𒋗 𒉿 𒅕,False,0
633,UntN TZ 20,limin,3sg.an,,,,,UntN_TZ_20_00018,li mi in ra,li-mi-in-ra,𒇷 𒈪 𒅔 𒊏,False,0
634,UntN TZ 20,lina,,,,,,UntN_TZ_20_00019,li na,li-na,𒇷 𒈾,False,0
635,UntN TZ 20,tela-,II,opt2,,,,UntN_TZ_20_00020,te la ak ni,te-la-ak-ni,𒋼 𒆷 𒀝 𒉌,False,0
636,UntN TZ 20,pel,,,,,,UntN_TZ_20_00021,pi el,pi-[el,𒉿 𒂖,False,0
637,UntN TZ 20,kiti.n,postp.loc,,,3sg.inan2,,UntN_TZ_20_00022,ki it ti im ma,ki-it-ti-im-ma,𒆠 𒀉 𒋾 𒅎 𒈠,False,0
638,UntN TZ 20,,,,,,,UntN_TZ_20_00023,na a,na-a,𒈾 𒀀,False,0
639,UntN TZ 20,meluk,3sg.an,,,,,UntN_TZ_20_00024,me lu uk ra,me-lu-uk-ra],𒈨 𒇻 𒊌 𒊏,False,0
640,UntN TZ 20,ak,,,,,,UntN_TZ_20_00025,a ak,a-ak,𒀀 𒀝,False,0
641,UntN TZ 20,sunki.me,,,,3sg.inan1,,UntN_TZ_20_00026,su un ki me,su-un-ki-me,𒋢 𒌦 𒆠 𒈨,False,0
642,UntN TZ 20,tur,,,,,,UntN_TZ_20_00027,tu4 ur,tu4-ur,𒌈 𒌨,False,0
643,UntN TZ 20,hih,,,,,,UntN_TZ_20_00028,hi ih,hi-ih,𒄭 𒄴,False,0
644,UntN TZ 20,siti.me,3sg.inan2,postp.loc,,,,UntN_TZ_20_00029,si it tim,[si-it-tim,𒋛 𒀉 𒁴,False,0
645,UntN TZ 20,giri,postp.gen2,,,,,UntN_TZ_20_00030,gi ri ni,gi-ri-ni,𒄀 𒊑 𒉌,False,0
646,UntN TZ 20,i,3sg.inan2,,,,,UntN_TZ_20_00031,in,in,𒅔,False,0
647,UntN TZ 20,hi-,1sg.vb,opt2,,,,UntN_TZ_20_00032,hi ih ni,hi-ih-ni],𒄭 𒄴 𒉌,False,0
648,UntN TZ 21,Humban-umena,1sg.an,,,,,UntN_TZ_21_00001,… nu me na gi,[…]-nu-me-na-gi,… 𒉡 𒈨 𒈾 𒄀,False,0
649,UntN TZ 21,sunki,1sg.an,,,,,UntN_TZ_21_00002,su un ki ik,[su]-un-ki-ik,𒋢 𒌦 𒆠 𒅅,False,0
650,UntN TZ 21,Anshan,,,,,,UntN_TZ_21_00003,a n za an,a[n-za]-an,𒀭 𒍝 𒀭,False,0
651,UntN TZ 21,Susa,1sg.an,,,,,UntN_TZ_21_00004,šu šu un ka,šu-šu-un-ka,𒋗 𒋗 𒌦 𒅗,False,0
652,UntN TZ 21,,,,,,,UntN_TZ_21_00005,… ih ma,[…]-ih-ma,… 𒄴 𒈠,False,0
653,UntN TZ 21,sian,,,,,,UntN_TZ_21_00006,si ia an,si-ia-an,𒋛 𒅀 𒀭,False,0
654,UntN TZ 21,Kirwash,3sg.inan1,,,,,UntN_TZ_21_00007,d kir ma sir me,(d)kir-ma-sir-me,𒀭 𒄫 𒈠 𒋤 𒈨,False,0
655,UntN TZ 21,kuši-,,,,,,UntN_TZ_21_00008,ku ši ih,ku-ši-ih,𒆪 𒅆 𒄴,False,0
656,UntN TZ 21,,,,,,,UntN_TZ_21_00009,… ar na,[…]-ar-na,… 𒅈 𒈾,False,0
657,UntN TZ 21,ak,,,,,,UntN_TZ_21_00010,a ak,a-ak,𒀀 𒀝,False,0
658,UntN TZ 21,,,,,,,UntN_TZ_21_00011,ta du ra na,ta?-du?-ra-na,𒋫 𒁺 𒊏 𒈾,False,0
659,UntN TZ 21,Inshushinak,,,,,,UntN_TZ_21_00012,d in šu ši na ak,(d)in-šu-ši-na-ak,𒀭 𒅔 𒋗 𒅆 𒈾 𒀝,False,0
660,UntN TZ 21,,,,,,,UntN_TZ_21_00013,…,[…],…,False,0
661,UntN TZ 21,hadu,,,,,,UntN_TZ_21_00014,ha du,ha-du,𒄩 𒁺,False,0
662,UntN TZ 21,huta-,II,,,,,UntN_TZ_21_00015,hu ut2 tak,hu-ut2-tak,𒄷 𒀾 𒋳,False,0
663,UntN TZ 21,,,,,,,UntN_TZ_21_00016,… pi,[…]-pi,… 𒉿,False,0
664,UntN TZ 21,ak,,,,,,UntN_TZ_21_00017,a ak,a-ak,𒀀 𒀝,False,0
665,UntN TZ 21,lankelli,,,,,,UntN_TZ_21_00018,la an gi el li,la-an-gi-el-li,𒆷 𒀭 𒄀 𒂖 𒇷,False,0
666,UntN TZ 21,,,,,,,UntN_TZ_21_00019,… ak,[…]-ak,… 𒀝,False,0
667,UntN TZ 21,hupe,,,,,,UntN_TZ_21_00020,hu pi e,hu-pi-e,𒄷 𒉿 𒂊,False,0
668,UntN TZ 21,aha,,,,,,UntN_TZ_21_00021,a ha,a-ha,𒀀 𒄩,False,0
669,UntN TZ 21,,,,,,,UntN_TZ_21_00022,du … h pi,du-[…]h-pi,𒁺 …h 𒉿,False,0
670,UntN TZ 21,huta-,II,,,,,UntN_TZ_21_00023,hu ut2 tak ha …,hu-ut2-tak?-ha?-[…],𒄷 𒀾 𒋳 𒄩 …,False,0
671,UntN TZ 21,Inshushinak,,,,,,UntN_TZ_21_00024,d in šu ši na ak,(d)in-šu-ši-na-ak,𒀭 𒅔 𒋗 𒅆 𒈾 𒀝,False,0
672,UntN TZ 21,sian,,,,,,UntN_TZ_21_00025,si ia an,si-ia-an,𒋛 𒅀 𒀭,False,0
673,UntN TZ 21,,,,,,,UntN_TZ_21_00026,…,[…],…,False,0
674,UntN TZ 21,lina,,,,,,UntN_TZ_21_00027,li na,li-na,𒇷 𒈾,False,0
675,UntN TZ 21,tela-,II,opt2,,,,UntN_TZ_21_00028,te la ak ni,te-la-ak-[ni],𒋼 𒆷 𒀝 𒉌,False,0
676,UntN TZ 22,u,,,,,,UntN_TZ_22_00001,u2,u2,𒌑,False,0
677,UntN TZ 22,Untash-Napirisha,,,,,,UntN_TZ_22_00002,m un taš dingir gal,(m)un-taš-dingir-gal,𒁹 𒌦 𒌨 𒀭 𒃲,False,0
678,UntN TZ 22,šak,,,,,,UntN_TZ_22_00003,ša ak,ša-ak,𒊭 𒀝,False,0
679,UntN TZ 22,Humban-umena,1sg.an,,,,,UntN_TZ_22_00004,m d hu um ban nu me na gi,(md)hu-um-ban-nu-me-na-gi,𒁹 𒀭 𒄷 𒌝 𒉼 𒉡 𒈨 𒈾 𒄀,False,0
680,UntN TZ 22,sunki,1sg.an,,,,,UntN_TZ_22_00005,su un ki ik,su-un-ki-ik,𒋢 𒌦 𒆠 𒅅,False,0
681,UntN TZ 22,Anshan,,,,,,UntN_TZ_22_00006,an za an,an-za-an,𒀭 𒍝 𒀭,False,0
682,UntN TZ 22,Susa,1sg.an,,,,,UntN_TZ_22_00007,šu šu un ka,šu-šu-un-ka,𒋗 𒋗 𒌦 𒅗,False,0
683,UntN TZ 22,mašum,,,,,,UntN_TZ_22_00008,ha al ma šu um,ha-al-ma-šu-um,𒄩 𒀠 𒈠 𒋗 𒌝,False,0
684,UntN TZ 22,pite-,II,,,,,UntN_TZ_22_00009,pi it te ga,pi-it-te-ga,𒉿 𒀉 𒋼 𒂵,False,0
685,UntN TZ 22,alu,,,,,,UntN_TZ_22_00010,a al,a-al,𒀀 𒀠,False,0
686,UntN TZ 22,Untash-Napirisha,,,,,,UntN_TZ_22_00011,un taš dingir gal,un-taš-dingir-gal,𒌦 𒌨 𒀭 𒃲,False,0
687,UntN TZ 22,ak,,,,,,UntN_TZ_22_00012,a ak,a-ak,𒀀 𒀝,False,0
688,UntN TZ 22,Sian.kuk,,,,,,UntN_TZ_22_00013,si ia an ku uk,si-ia-an-ku-uk,𒋛 𒅀 𒀭 𒆪 𒊌,False,0
689,UntN TZ 22,aha,,,,,,UntN_TZ_22_00014,a ha,a-ha,𒀀 𒄩,False,0
690,UntN TZ 22,kuši-,1sg.vb,,,,,UntN_TZ_22_00015,ku ši ih,ku-ši-ih,𒆪 𒅆 𒄴,False,0
691,UntN TZ 22,huhun,,,,,,UntN_TZ_22_00016,hu hu un,hu-hu-un,𒄷 𒄷 𒌦,False,0
692,UntN TZ 22,kutu,postp.loc,,,,,UntN_TZ_22_00017,ku du um ma,ku-du-um-ma,𒆪 𒁺 𒌝 𒈠,False,0
693,UntN TZ 22,ak,,,,,,UntN_TZ_22_00018,a ak,a-ak,𒀀 𒀝,False,0
694,UntN TZ 22,pitu,postp.loc,,,,,UntN_TZ_22_00019,pi tu4 um ma,pi-tu4-um-ma,𒉿 𒌈 𒌝 𒈠,False,0
695,UntN TZ 22,i,3sg.inan2,,,,,UntN_TZ_22_00020,in,in,𒅔,False,0
696,UntN TZ 22,kakpa-,1sg.vb,,,,,UntN_TZ_22_00021,ka ak pa ah,ka-ak-pa-ah,𒅗 𒀝 𒉺 𒄴,False,0
697,UntN TZ 22,kukunum,,,,,,UntN_TZ_22_00022,ku ku un nu um,ku-ku-un-nu-um,𒆪 𒆪 𒌦 𒉡 𒌝,False,0
698,UntN TZ 22,sunki,3pl.an,,,,,UntN_TZ_22_00023,su un ki ip,su-un-ki-ip,𒋢 𒌦 𒆠 𒅁,False,0
699,UntN TZ 22,urpu,3pl.an,,,,,UntN_TZ_22_00024,u2 ri pu pi,u2-ri-pu-pi,𒌑 𒊑 𒁍 𒉿,False,0
700,UntN TZ 22,in-,3sg.inan1,,,,,UntN_TZ_22_00025,im me,im-me,𒅎 𒈨,False,0
701,UntN TZ 22,kuši-,3sg.vb,,,,,UntN_TZ_22_00026,ku ši ih ša,ku-ši-ih-ša,𒆪 𒅆 𒄴 𒊭,False,0
702,UntN TZ 22,u,,,,,,UntN_TZ_22_00027,u2,u2,𒌑,False,0
703,UntN TZ 22,kuši-,1sg.vb,,,,,UntN_TZ_22_00028,ku ši ih,ku-ši-ih,𒆪 𒅆 𒄴,False,0
704,UntN TZ 22,Napirisha,,,,,,UntN_TZ_22_00029,dingir gal,dingir-gal,𒀭 𒃲,False,0
705,UntN TZ 22,ak,,,,,,UntN_TZ_22_00030,a ak,a-ak,𒀀 𒀝,False,0
706,UntN TZ 22,Inshushinak,,,,,,UntN_TZ_22_00031,d in šu uš na ak,(d)in-šu-uš-na-ak,𒀭 𒅔 𒋗 𒍑 𒈾 𒀝,False,0
707,UntN TZ 22,Sian.kuk,3pl.an,,,,,UntN_TZ_22_00032,si ia an ku uk pa,si-ia-an-ku-uk-pa,𒋛 𒅀 𒀭 𒆪 𒊌 𒉺,False,0
708,UntN TZ 22,tuni-,1sg.vb,,,,,UntN_TZ_22_00033,du ni ih,du-ni-ih,𒁺 𒉌 𒄴,False,0
709,UntN TZ 22,hutak.halik,,,,II,,UntN_TZ_22_00034,hu ut tak ha li ik,hu-ut-tak-ha-li-ik,𒄷 𒌓 𒋳 𒄩 𒇷 𒅅,False,0
710,UntN TZ 22,u,3sg.inan1,,,,,UntN_TZ_22_00035,u2 me,u2-me,𒌑 𒈨,False,0
711,UntN TZ 22,"lina, ap",3sg.inan2,,,,,UntN_TZ_22_00036,li na pu un,li-na-pu-un,𒇷 𒈾 𒁍 𒌦,False,0
712,UntN TZ 22,tela-,II,opt2,,,,UntN_TZ_22_00037,te la ak ni,te-la-ak-ni,𒋼 𒆷 𒀝 𒉌,False,0
713,UntN TZ 22,tumpa,,,,,,UntN_TZ_22_00038,tu4 um pa,tu4-um-pa,𒌈 𒌝 𒉺,False,0
714,UntN TZ 22,šutu.r,3sg.an,,,,,UntN_TZ_22_00039,šu tu4 ur,šu-tu4-ur,𒋗 𒌈 𒌨,False,0
715,UntN TZ 22,Napirisha,,,,,,UntN_TZ_22_00040,dingir gal,dingir-gal,𒀭 𒃲,False,0
716,UntN TZ 22,ak,,,,,,UntN_TZ_22_00041,a ak,a-ak,𒀀 𒀝,False,0
717,UntN TZ 22,Inshushinak,,,,,,UntN_TZ_22_00042,d in šu uš na ak,(d)in-šu-uš-na-ak,𒀭 𒅔 𒋗 𒍑 𒈾 𒀝,False,0
718,UntN TZ 22,Sian.kuk,3pl.an,3sg.inan1,,,,UntN_TZ_22_00043,si ia an ku uk pa me,si-ia-an-ku-uk-pa-me,𒋛 𒅀 𒀭 𒆪 𒊌 𒉺 𒈨,False,0
719,UntN TZ 22,aha,3sg.inan2,,,,,UntN_TZ_22_00044,a ha an,a-ha-an,𒀀 𒄩 𒀭,False,0
720,UntN TZ 22,ni-,AUX,,,,,UntN_TZ_22_00045,ni im ma,ni-im-ma,𒉌 𒅎 𒈠,False,0
721,UntN TZ 22,hal,,,,,,UntN_TZ_22_00046,ha al,ha-al,𒄩 𒀠,False,0
722,UntN TZ 22,apa,,,,,,UntN_TZ_22_00047,ap pa,ap-pa,𒀊 𒉺,False,0
723,UntN TZ 22,kuši-,1sg.vb,,,,,UntN_TZ_22_00048,ku ši ha,ku-ši-ha,𒆪 𒅆 𒄩,False,0
724,UntN TZ 22,lupu.ru-,1sg.vb,opt2,,,,UntN_TZ_22_00049,lu ub bu ru uh ni,lu-ub-bu-ru-uh-ni,𒇻 𒌒 𒁍 𒊒 𒄴 𒉌,False,0
725,UntN TZ 22,hiš,3sg.poss,,,,,UntN_TZ_22_00050,hi še,hi-še,𒄭 𒊺,False,0
726,UntN TZ 22,i,,,,,,UntN_TZ_22_00051,i,i,𒄿,False,0
727,UntN TZ 22,abullu,,,,,,UntN_TZ_22_00052,a bu ul,a-bu-ul,𒀀 𒁍 𒌌,False,0
728,UntN TZ 22,mišari,,,,,,UntN_TZ_22_00053,mi ša ri,mi-ša-ri,𒈪 𒊭 𒊑,False,0
729,UntN TZ 22,hiš,3sg.poss,,,,,UntN_TZ_22_00054,hi i še e,hi-i-še-e,𒄭 𒄿 𒊺 𒂊,False,0
730,UntN TZ 22,aka,,,,,,UntN_TZ_22_00055,ak ka,ak-ka,𒀝 𒅗,False,0
731,UntN TZ 22,huhun,,,,,,UntN_TZ_22_00056,hu hu un,hu-hu-un,𒄷 𒄷 𒌦,False,0
732,UntN TZ 22,Sian.kuk,postp.loc,,,,,UntN_TZ_22_00057,si ia an ku uk ma,si-ia-an-ku-uk-ma,𒋛 𒅀 𒀭 𒆪 𒊌 𒈠,False,0
733,UntN TZ 22,kuta,,,,,,UntN_TZ_22_00058,ku ta a,ku-ta-a,𒆪 𒋫 𒀀,False,0
734,UntN TZ 22,aha,3sg.an,,,,,UntN_TZ_22_00059,a ha ar,a-ha-ar,𒀀 𒄩 𒅈,False,0
735,UntN TZ 22,li-,III,3sg.an,,,,UntN_TZ_22_00060,li in ra,li-in-ra,𒇷 𒅔 𒊏,False,0
736,UntN TZ 22,tulin,3sg.inan2,,,,,UntN_TZ_22_00061,tu4 ul li in,tu4-ul-li-in,𒌈 𒌌 𒇷 𒅔,False,0
737,UntN TZ 22,aha,3sg.an,,,,,UntN_TZ_22_00062,a ha ar,a-ha-ar,𒀀 𒄩 𒅈,False,0
738,UntN TZ 22,ta-,III,3sg.an,,,,UntN_TZ_22_00063,ta an ra,ta-an-ra,𒋫 𒀭 𒊏,False,0
739,UntN TZ 22,upat,3pl.an,,,,,UntN_TZ_22_00064,u2 pa ti pi,u2-pa-ti-pi,𒌑 𒉺 𒋾 𒉿,False,0
740,UntN TZ 22,tuha-,III,3sg.an,,,,UntN_TZ_22_00065,du ha an ra,du-ha-an-ra,𒁺 𒄩 𒀭 𒊏,False,0
741,UntN TZ 22,halte,,,,,,UntN_TZ_22_00066,ha al te te,ha-al-te-te,𒄩 𒀠 𒋼 𒋼,False,0
742,UntN TZ 22,lumu-,III,3sg.an,,,,UntN_TZ_22_00067,lu mu un ra,lu-mu-un-ra,𒇻 𒈬 𒌦 𒊏,False,0
743,UntN TZ 22,ak,,,,,,UntN_TZ_22_00068,a ak,a-ak,𒀀 𒀝,False,0
744,UntN TZ 22,piti,3sg.an,,,,,UntN_TZ_22_00069,pi ti ir,pi-ti-ir,𒉿 𒋾 𒅕,False,0
745,UntN TZ 22,šinu,,,,,,UntN_TZ_22_00070,ši in ni,ši-in-ni,𒅆 𒅔 𒉌,False,0
746,UntN TZ 22,ikel,,,,,,UntN_TZ_22_00071,ik el,ik-el,𒅅 𒂖,False,0
747,UntN TZ 22,aha,3sg.an,,,,,UntN_TZ_22_00072,a ha ar,a-ha-ar,𒀀 𒄩 𒅈,False,0
748,UntN TZ 22,tumpa-,III,3sg.an,,,,UntN_TZ_22_00073,tu4 um pa an ra,tu4-um-pa-an-ra,𒌈 𒌝 𒉺 𒀭 𒊏,False,0
749,UntN TZ 22,hat,,,,,,UntN_TZ_22_00074,ha at,ha-at,𒄩 𒀜,False,0
750,UntN TZ 22,Napirisha,,,,,,UntN_TZ_22_00075,dingir gal,dingir-gal,𒀭 𒃲,False,0
751,UntN TZ 22,Inshushinak,,,,,,UntN_TZ_22_00076,d in šu uš na ak,(d)in-šu-uš-na-ak,𒀭 𒅔 𒋗 𒍑 𒈾 𒀝,False,0
752,UntN TZ 22,ak,,,,,,UntN_TZ_22_00077,a ak,a-ak,𒀀 𒀝,False,0
753,UntN TZ 22,Kiririsha,,,,,,UntN_TZ_22_00078,d ki ri ri ša,(d)ki-ri-ri-ša,𒀭 𒆠 𒊑 𒊑 𒊭,False,0
754,UntN TZ 22,Sian.kuk,3pl.an,3sg.an,,,,UntN_TZ_22_00079,si ia an ku uk pa ri,si-ia-an-ku-uk-pa-ri,𒋛 𒅀 𒀭 𒆪 𒊌 𒉺 𒊑,False,0
755,UntN TZ 22,uku,3sg.an,,,,,UntN_TZ_22_00080,uk ku ri,uk-ku-ri,𒊌 𒆪 𒊑,False,0
756,UntN TZ 22,i,3sg.an,,,,,UntN_TZ_22_00081,ir,ir,𒅕,False,0
757,UntN TZ 22,ta-,II,opt2,,,,UntN_TZ_22_00082,ta ak ni,ta-ak-ni,𒋫 𒀝 𒉌,False,0
758,UntN TZ 22,Nahunte,3sg.an,,,,,UntN_TZ_22_00083,d na ah hu un te ir,(d)na-ah-hu-un-te-ir,𒀭 𒈾 𒄴 𒄷 𒌦 𒋼 𒅕,False,0
759,UntN TZ 22,šara,3sg.an,,,,,UntN_TZ_22_00084,ša ra ra,ša-ra-ra,𒊭 𒊏 𒊏,False,0
760,UntN TZ 22,par,,,,,,UntN_TZ_22_00085,pa ar,pa-ar,𒉺 𒅈,False,0
761,UntN TZ 22,ani,,,,,,UntN_TZ_22_00086,a ni,a-ni,𒀀 𒉌,False,0
762,UntN TZ 22,kutu-,III,,,,,UntN_TZ_22_00087,ku tu4 un,ku-tu4-un,𒆪 𒌈 𒌦,False,0
763,UntN TZ 23,u,,,,,,UntN_TZ_23_00001,u2,u2,𒌑,False,0
764,UntN TZ 23,Untash-Napirisha,,,,,,UntN_TZ_23_00002,m un taš dingir gal,(m)un-taš-dingir-gal,𒁹 𒌦 𒌨 𒀭 𒃲,False,0
765,UntN TZ 23,šak,,,,,,UntN_TZ_23_00003,ša ak,ša-ak,𒊭 𒀝,False,0
766,UntN TZ 23,Humban-umena,1sg.an,,,,,UntN_TZ_23_00004,m d hu um ban nu me na gi,(md)hu-um-ban-nu-me-na-gi,𒁹 𒀭 𒄷 𒌝 𒉼 𒉡 𒈨 𒈾 𒄀,False,0
767,UntN TZ 23,sunki,1sg.an,,,,,UntN_TZ_23_00005,zu un ki ik,zu-un-ki-ik,𒍪 𒌦 𒆠 𒅅,False,0
768,UntN TZ 23,Anshan,,,,,,UntN_TZ_23_00006,an za an,an-za-an,𒀭 𒍝 𒀭,False,0
769,UntN TZ 23,Susa,,,,,,UntN_TZ_23_00007,šu šu un,šu-šu-un,𒋗 𒋗 𒌦,False,0
770,UntN TZ 23,mašum,,,,,,UntN_TZ_23_00008,ha al ma šu um,ha-al-ma-šu-um,𒄩 𒀠 𒈠 𒋗 𒌝,False,0
771,UntN TZ 23,pite-,II,,,,,UntN_TZ_23_00009,pi it te ka,pi-it-te-ka,𒉿 𒀉 𒋼 𒅗,False,0
772,UntN TZ 23,alu,,,,,,UntN_TZ_23_00010,a al,a-al,𒀀 𒀠,False,0
773,UntN TZ 23,Untash-Napirisha,,,,,,UntN_TZ_23_00011,un taš dingir gal,un-taš-dingir-gal,𒌦 𒌨 𒀭 𒃲,False,0
774,UntN TZ 23,ak,,,,,,UntN_TZ_23_00012,a ak,a-ak,𒀀 𒀝,False,0
775,UntN TZ 23,Sian.kuk,,,,,,UntN_TZ_23_00013,si ia an ku uk,si-ia-an-ku-uk,𒋛 𒅀 𒀭 𒆪 𒊌,False,0
776,UntN TZ 23,aha,3sg.inan2,,,,,UntN_TZ_23_00014,a ha an,a-ha-an,𒀀 𒄩 𒀭,False,0
777,UntN TZ 23,kuši-,1sg.vb,,,,,UntN_TZ_23_00015,ku ši ih,ku-ši-ih,𒆪 𒅆 𒄴,False,0
778,UntN TZ 23,kukunum,,,,,,UntN_TZ_23_00016,ku ku un nu um,ku-ku-un-nu-um,𒆪 𒆪 𒌦 𒉡 𒌝,False,0
779,UntN TZ 23,lansiti,adj,,,,,UntN_TZ_23_00017,la an si di ia,la-an-si-di-ia,𒆷 𒀭 𒋛 𒁲 𒅀,False,0
780,UntN TZ 23,aha,,,,,,UntN_TZ_23_00018,a ha,a-ha,𒀀 𒄩,False,0
781,UntN TZ 23,kuši-,1sg.vb,,,,,UntN_TZ_23_00019,ku ši ih,ku-ši-ih,𒆪 𒅆 𒄴,False,0
782,UntN TZ 23,huhun,,,,,,UntN_TZ_23_00020,hu hu un,hu-hu-un,𒄷 𒄷 𒌦,False,0
783,UntN TZ 23,kutu,postp.loc,,,,,UntN_TZ_23_00021,ki du um ma,ki-du-um-ma,𒆠 𒁺 𒌝 𒈠,False,0
784,UntN TZ 23,ak,,,,,,UntN_TZ_23_00022,a ak,a-ak,𒀀 𒀝,False,0
785,UntN TZ 23,pitu,postp.loc,,,,,UntN_TZ_23_00023,pi du um ma,pi-du-um-ma,𒉿 𒁺 𒌝 𒈠,False,0
786,UntN TZ 23,i,3sg.inan2,,,,,UntN_TZ_23_00024,in,in,𒅔,False,0
787,UntN TZ 23,kakpa-,1sg.vb,,,,,UntN_TZ_23_00025,ka ak pa ah,ka-ak-pa-ah,𒅗 𒀝 𒉺 𒄴,False,0
788,UntN TZ 23,kukunum,,,,,,UntN_TZ_23_00026,ku ku un nu um,ku-ku-un-nu-um,𒆪 𒆪 𒌦 𒉡 𒌝,False,0
789,UntN TZ 23,sunki,3pl.an,,,,,UntN_TZ_23_00027,zu un ki ip,zu-un-ki-ip,𒍪 𒌦 𒆠 𒅁,False,0
790,UntN TZ 23,urpu,3pl.an,,,,,UntN_TZ_23_00028,u2 ri pu pi,u2-ri-pu-pi,𒌑 𒊑 𒁍 𒉿,False,0
791,UntN TZ 23,in-,3sg.inan1,,,,,UntN_TZ_23_00029,im me,im-me,𒅎 𒈨,False,0
792,UntN TZ 23,kuši-,3pl.vb,,,,,UntN_TZ_23_00030,ku ši ih ša,ku-ši-ih-ša,𒆪 𒅆 𒄴 𒊭,False,0
793,UntN TZ 23,u,,,,,,UntN_TZ_23_00031,u2,u2,𒌑,False,0
794,UntN TZ 23,kuši-,1sg.vb,,,,,UntN_TZ_23_00032,ku ši ih,ku-ši-ih,𒆪 𒅆 𒄴,False,0
795,UntN TZ 23,Napirisha,,,,,,UntN_TZ_23_00033,dingir gal,dingir-gal,𒀭 𒃲,False,0
796,UntN TZ 23,ak,,,,,,UntN_TZ_23_00034,a ak,a-ak,𒀀 𒀝,False,0
797,UntN TZ 23,Inshushinak,,,,,,UntN_TZ_23_00035,d in šu ši na ak,(d)in-šu-ši-na-ak,𒀭 𒅔 𒋗 𒅆 𒈾 𒀝,False,0
798,UntN TZ 23,Sian.kuk,3pl.an,,,,,UntN_TZ_23_00036,si ia an ku uk pa,si-ia-an-ku-uk-pa,𒋛 𒅀 𒀭 𒆪 𒊌 𒉺,False,0
799,UntN TZ 23,tuni-,1sg.vb,,,,,UntN_TZ_23_00037,du ni ih,du-ni-ih,𒁺 𒉌 𒄴,False,0
800,UntN TZ 23,hutak.halik,,,,II,,UntN_TZ_23_00038,hu ut tak ha li ik,hu-ut-tak-ha-li-ik,𒄷 𒌓 𒋳 𒄩 𒇷 𒅅,False,0
801,UntN TZ 23,u,3sg.inan1,,,,,UntN_TZ_23_00039,u2 me,u2-me,𒌑 𒈨,False,0
802,UntN TZ 23,"lina, ap",,,,,,UntN_TZ_23_00040,li na pu un,li-na-pu-un,𒇷 𒈾 𒁍 𒌦,False,0
803,UntN TZ 23,tela-,3sg.inan2,,,,,UntN_TZ_23_00041,te la ak ni,te-la-ak-ni,𒋼 𒆷 𒀝 𒉌,False,0
804,UntN TZ 23,tumpa,,,,,,UntN_TZ_23_00042,tu4 um pa,tu4-um-pa,𒌈 𒌝 𒉺,False,0
805,UntN TZ 23,šutu.r,3sg.an,,,,,UntN_TZ_23_00043,šu du ur,šu-du-ur,𒋗 𒁺 𒌨,False,0
806,UntN TZ 23,Napirisha,3sg.inan1,,,,,UntN_TZ_23_00044,dingir gal me,dingir-gal-me,𒀭 𒃲 𒈨,False,0
807,UntN TZ 23,ak,,,,,,UntN_TZ_23_00045,a ak,a-ak,𒀀 𒀝,False,0
808,UntN TZ 23,Inshushinak,3sg.inan1,,,,,UntN_TZ_23_00046,d in šu ši na ak me,(d)in-šu-ši-na-ak-me,𒀭 𒅔 𒋗 𒅆 𒈾 𒀝 𒈨,False,0
809,UntN TZ 23,aha,,,,,,UntN_TZ_23_00047,a ha,a-ha,𒀀 𒄩,False,0
810,UntN TZ 23,ni-,AUX,,,,,UntN_TZ_23_00048,ni im ma,ni-im-ma,𒉌 𒅎 𒈠,False,0
811,UntN TZ 23,hal,,,,,,UntN_TZ_23_00049,ha al li,ha-al-li,𒄩 𒀠 𒇷,False,0
812,UntN TZ 23,apa,,,,,,UntN_TZ_23_00050,ap pa,ap-pa,𒀊 𒉺,False,0
813,UntN TZ 23,kuši-,1sg.vb,,,,,UntN_TZ_23_00051,ku ši ha,ku-ši-ha,𒆪 𒅆 𒄩,False,0
814,UntN TZ 23,lupu.ru-,1sg.vb,,,,,UntN_TZ_23_00052,lu bu ru uh,lu-bu-ru-uh,𒇻 𒁍 𒊒 𒄴,False,0
815,UntN TZ 23,hel,,,,,,UntN_TZ_23_00053,hi el,hi-el,𒄭 𒂖,False,0
816,UntN TZ 23,i,,,,,,UntN_TZ_23_00054,i,i,𒄿,False,0
817,UntN TZ 23,abullu,,,,,,UntN_TZ_23_00055,a bu ul lu,a-bu-ul-lu,𒀀 𒁍 𒌌 𒇻,False,0
818,UntN TZ 23,šaqutu,,,,,,UntN_TZ_23_00056,ša qu tu4,ša-qu-tu4,𒊭 𒄣 𒌈,False,0
819,UntN TZ 23,hiš,3sg.poss,,,,,UntN_TZ_23_00057,hi i še,hi-i-še,𒄭 𒄿 𒊺,False,0
820,UntN TZ 23,hal,,,,,,UntN_TZ_23_00058,ha al,ha-al,𒄩 𒀠,False,0
821,UntN TZ 23,haptiš,,,,,,UntN_TZ_23_00059,ha ap ti iš,ha-ap-ti-iš,𒄩 𒀊 𒋾 𒅖,False,0
822,UntN TZ 23,ilki-,II,,,,,UntN_TZ_23_00060,il ki ka,il-ki-ka,𒅋 𒆠 𒅗,False,0
823,UntN TZ 23,Sian.kuk,,,,,,UntN_TZ_23_00061,si ia an ku uk,si-ia-an-ku-uk,𒋛 𒅀 𒀭 𒆪 𒊌,False,0
824,UntN TZ 23,suku-,AUX,,,,,UntN_TZ_23_00062,zu uk ma,zu-uk-ma,𒍪 𒊌 𒈠,False,0
825,UntN TZ 23,in-,3sg.inan1,,,,,UntN_TZ_23_00063,im me,im-me,𒅎 𒈨,False,0
826,UntN TZ 23,lupe-,III,,,,,UntN_TZ_23_00064,lu pi en,lu-pi-en,𒇻 𒉿 𒂗,False,0
827,UntN TZ 23,sulu-,II,,,,,UntN_TZ_23_00065,zu lu ka ak,zu-lu-ka-ak,𒍪 𒇻 𒅗 𒀝,False,0
828,UntN TZ 23,uku,postp.loc,,,,,UntN_TZ_23_00066,uk ku ma,uk-ku-ma,𒊌 𒆪 𒈠,False,0
829,UntN TZ 23,huma-,II,,,,,UntN_TZ_23_00067,hu ma ka ak,hu-ma-ka-ak,𒄷 𒈠 𒅗 𒀝,False,0
830,UntN TZ 23,lupe-,III,,,,,UntN_TZ_23_00068,lu pi en,lu-pi-en,𒇻 𒉿 𒂗,False,0
831,UntN TZ 24,u,,,,,,UntN_TZ_24_00001,u2,u2,𒌑,False,0
832,UntN TZ 24,Untash-Napirisha,,,,,,UntN_TZ_24_00002,m un taš dingir gal,(m)un-taš-dingir-gal,𒁹 𒌦 𒌨 𒀭 𒃲,False,0
833,UntN TZ 24,šak,,,,,,UntN_TZ_24_00003,ša ak,ša-ak,𒊭 𒀝,False,0
834,UntN TZ 24,Humban-umena,1sg.an,,,,,UntN_TZ_24_00004,m d hu um ban nu me na gi,(md)hu-um-ban-nu-me-na-gi,𒁹 𒀭 𒄷 𒌝 𒉼 𒉡 𒈨 𒈾 𒄀,False,0
835,UntN TZ 24,sunki,1sg.an,,,,,UntN_TZ_24_00005,su un ki ik,su-un-ki-ik,𒋢 𒌦 𒆠 𒅅,False,0
836,UntN TZ 24,Anshan,,,,,,UntN_TZ_24_00006,an za an,an-za-an,𒀭 𒍝 𒀭,False,0
837,UntN TZ 24,Susa,1sg.an,,,,,UntN_TZ_24_00007,šu šu un ka,šu-šu-un-ka,𒋗 𒋗 𒌦 𒅗,False,0
838,UntN TZ 24,sian,,,,,,UntN_TZ_24_00008,si ia an,si-ia-an,𒋛 𒅀 𒀭,False,0
839,UntN TZ 24,likri.n,3sg.inan1,,,,,UntN_TZ_24_00009,li ik ri in,li-ik-ri-in,𒇷 𒅅 𒊑 𒅔,False,0
840,UntN TZ 24,kuši-,1sg.vb,,,,,UntN_TZ_24_00010,ku ši ih,ku-ši-ih,𒆪 𒅆 𒄴,False,0
841,UntN TZ 24,Inshushinak,,,,,,UntN_TZ_24_00011,d in šu uš na ak,(d)in-šu-uš-na-ak,𒀭 𒅔 𒋗 𒍑 𒈾 𒀝,False,0
842,UntN TZ 24,i,3sg.inan2,,,,,UntN_TZ_24_00012,un,un,𒌦,False,0
843,UntN TZ 24,tuni-,1sg.vb,,,,,UntN_TZ_24_00013,du ni ih,du-ni-ih,𒁺 𒉌 𒄴,False,0
844,UntN TZ 24,husa,,,,,,UntN_TZ_24_00014,hu sa a,hu-sa-a,𒄷 𒊓 𒀀,False,0
845,UntN TZ 24,šara-,III,,,,,UntN_TZ_24_00015,ša ar ra na,ša-ar-ra-na,𒊭 𒅈 𒊏 𒈾,False,0
846,UntN TZ 24,aha,3sg.an,,,,,UntN_TZ_24_00016,a ha ar,a-ha-ar,𒀀 𒄩 𒅈,False,0
847,UntN TZ 24,kata-,III,,,,,UntN_TZ_24_00017,ka da an,ka-da-an,𒅗 𒁕 𒀭,False,0
848,UntN TZ 24,siti,,,,,,UntN_TZ_24_00018,si ti i,si-ti-i,𒋛 𒋾 𒄿,False,0
849,UntN TZ 24,aha,3sg.an,,,,,UntN_TZ_24_00019,a ha ar,a-ha-ar,𒀀 𒄩 𒅈,False,0
850,UntN TZ 24,zuka-,III,,,,,UntN_TZ_24_00020,zu uk ka an,zu-uk-ka-an,𒍪 𒊌 𒅗 𒀭,False,0
851,UntN TZ 24,hupe,,,,,,UntN_TZ_24_00021,hu pi e,hu-pi-e,𒄷 𒉿 𒂊,False,0
852,UntN TZ 24,aha,3sg.an,,,,,UntN_TZ_24_00022,a ha ar,a-ha-ar,𒀀 𒄩 𒅈,False,0
853,UntN TZ 24,huta-,III,,,,,UntN_TZ_24_00023,hu ut ta an,hu-ut-ta-an,𒄷 𒌓 𒋫 𒀭,False,0
854,UntN TZ 25,u,,,,,,UntN_TZ_25_00001,u2,u2,𒌑,False,0
855,UntN TZ 25,Untash-Napirisha,,,,,,UntN_TZ_25_00002,m un taš dingir gal,(m)un-taš-dingir-gal,𒁹 𒌦 𒌨 𒀭 𒃲,False,0
856,UntN TZ 25,šak,,,,,,UntN_TZ_25_00003,ša ak,ša-ak,𒊭 𒀝,False,0
857,UntN TZ 25,Humban-umena,1sg.an,,,,,UntN_TZ_25_00004,d hu ban um me en na ki,(d)hu-ban-um-me-en-na-ki,𒀭 𒄷 𒉼 𒌝 𒈨 𒂗 𒈾 𒆠,False,0
858,UntN TZ 25,sunki,1sg.an,,,,,UntN_TZ_25_00005,su un ki ik,su-un-ki-ik,𒋢 𒌦 𒆠 𒅅,False,0
859,UntN TZ 25,Anshan,,,,,,UntN_TZ_25_00006,an za an,an-za-an,𒀭 𒍝 𒀭,False,0
860,UntN TZ 25,Susa,1sg.an,,,,,UntN_TZ_25_00007,šu šu un ka,šu-šu-un-ka,𒋗 𒋗 𒌦 𒅗,False,0
861,UntN TZ 25,abullu,,,,,,UntN_TZ_25_00008,a bu ul,a-bu-ul,𒀀 𒁍 𒌌,False,0
862,UntN TZ 25,kinuni,,,,,,UntN_TZ_25_00009,ki nu ni,ki-nu-ni,𒆠 𒉡 𒉌,False,0
863,UntN TZ 25,kuši-,,,,,,UntN_TZ_25_00010,ku ši ih,ku-ši-ih,𒆪 𒅆 𒄴,False,0
864,UntN TZ 25,Napirisha,,,,,,UntN_TZ_25_00011,dingir gal,dingir-gal,𒀭 𒃲,False,0
865,UntN TZ 25,ak,,,,,,UntN_TZ_25_00012,a gi,a-gi,𒀀 𒄀,False,0
866,UntN TZ 25,Inshushinak,,,,,,UntN_TZ_25_00013,d in šu uš na ak,(d)in-šu-uš-na-ak,𒀭 𒅔 𒋗 𒍑 𒈾 𒀝,False,0
867,UntN TZ 25,Sian.kuk,3sg.an,,,,,UntN_TZ_25_00014,si ia an ku uk ra,si-ia-an-ku-uk-ra,𒋛 𒅀 𒀭 𒆪 𒊌 𒊏,False,0
868,UntN TZ 25,i,3sg.inan2,,,,,UntN_TZ_25_00015,in,in,𒅔,False,0
869,UntN TZ 25,tuni-,1sg.vb,,,,,UntN_TZ_25_00016,tu4 ni ih,tu4-ni-ih,𒌈 𒉌 𒄴,False,0
870,UntN TZ 25,tak.me,,,,3sg.inan1,,UntN_TZ_25_00017,ta ak me,ta-ak-me,𒋫 𒀝 𒈨,False,0
871,UntN TZ 25,u,3sg.inan1,,,,,UntN_TZ_25_00018,u2 me,u2-me,𒌑 𒈨,False,0
872,UntN TZ 25,tur,,,,,,UntN_TZ_25_00019,tu4 ur,tu4-ur,𒌈 𒌨,False,0
873,UntN TZ 25,hih,,,,,,UntN_TZ_25_00020,hi ih,hi-ih,𒄭 𒄴,False,0
874,UntN TZ 25,sit.me,,,,3sg.inan1,,UntN_TZ_25_00021,si it me,si-it-me,𒋛 𒀉 𒈨,False,0
875,UntN TZ 25,u,3sg.inan1,,,,,UntN_TZ_25_00022,u2 me,u2-me,𒌑 𒈨,False,0
876,UntN TZ 25,šullume-,II,,,,,UntN_TZ_25_00023,šu ul lu me en ga,šu-ul-lu-me-en-ga,𒋗 𒌌 𒇻 𒈨 𒂗 𒂵,False,0
877,UntN TZ 25,azkit,,,,,,UntN_TZ_25_00024,az ki it,az-ki-it,𒊍 𒆠 𒀉,False,0
878,UntN TZ 25,hušu,adj,,,,,UntN_TZ_25_00025,hu šu ut ta,hu-šu-ut-ta,𒄷 𒋗 𒌓 𒋫,False,0
879,UntN TZ 25,in-,1sg.an,,,,,UntN_TZ_25_00026,in gi,in-gi,𒅔 𒄀,False,0
880,UntN TZ 25,hi-,III,1sg.an,,,,UntN_TZ_25_00027,hi en ga,hi-en-ga,𒄭 𒂗 𒂵,False,0
881,UntN TZ 25,in.tika,,,,,,UntN_TZ_25_00028,in di ig ga,in-di-ig-ga,𒅔 𒁲 𒅅 𒂵,False,0
882,UntN TZ 25,ak,,,,,,UntN_TZ_25_00029,a gi,a-gi,𒀀 𒄀,False,0
883,UntN TZ 25,kuši-,1sg.vb,,,,,UntN_TZ_25_00030,ku ši ih,ku-ši-ih,𒆪 𒅆 𒄴,False,0
884,UntN TZ 25,Napirisha,,,,,,UntN_TZ_25_00031,dingir gal,dingir-gal,𒀭 𒃲,False,0
885,UntN TZ 25,ak,,,,,,UntN_TZ_25_00032,a gi,a-gi,𒀀 𒄀,False,0
886,UntN TZ 25,Inshushinak,,,,,,UntN_TZ_25_00033,d in šu uš na ak,(d)in-šu-uš-na-ak,𒀭 𒅔 𒋗 𒍑 𒈾 𒀝,False,0
887,UntN TZ 25,i,3sg.inan2,,,,,UntN_TZ_25_00034,in,in,𒅔,False,0
888,UntN TZ 25,tuni-,1sg.vb,,,,,UntN_TZ_25_00035,tu4 ni ih,tu4-ni-ih,𒌈 𒉌 𒄴,False,0
889,UntN TZ 25,hutak.halik,,,,II,,UntN_TZ_25_00036,hu ut tak ha li ik,hu-ut-tak-ha-li-ik,𒄷 𒌓 𒋳 𒄩 𒇷 𒅅,False,0
890,UntN TZ 25,u,3sg.inan1,,,,,UntN_TZ_25_00037,u2 me,u2-me,𒌑 𒈨,False,0
891,UntN TZ 25,Napirisha,,,,,,UntN_TZ_25_00038,dingir gal,dingir-gal,𒀭 𒃲,False,0
892,UntN TZ 25,ak,,,,,,UntN_TZ_25_00039,a gi,a-gi,𒀀 𒄀,False,0
893,UntN TZ 25,Inshushinak,,,,,,UntN_TZ_25_00040,d in šu uš na ak,(d)in-šu-uš-na-ak,𒀭 𒅔 𒋗 𒍑 𒈾 𒀝,False,0
894,UntN TZ 25,lina,,,,,,UntN_TZ_25_00041,il li na,il-li-na,𒅋 𒇷 𒈾,False,0
895,UntN TZ 25,tela-,II,opt2,,,,UntN_TZ_25_00042,te la ak ni,te-la-ak-ni,𒋼 𒆷 𒀝 𒉌,False,0
896,UntN TZ 26,u,,,,,,UntN_TZ_26_00001,u3,u3,𒅇,False,0
897,UntN TZ 26,Untash-Napirisha,,,,,,UntN_TZ_26_00002,m un taš dingir gal,(m)un-taš-dingir-gal,𒁹 𒌦 𒌨 𒀭 𒃲,False,0
898,UntN TZ 26,šak,,,,,,UntN_TZ_26_00003,ša ak,ša-ak,𒊭 𒀝,False,0
899,UntN TZ 26,Humban-umena,1sg.an,,,,,UntN_TZ_26_00004,hu ban nu me en na ki,hu-ban-nu-me-en-na-ki,𒄷 𒉼 𒉡 𒈨 𒂗 𒈾 𒆠,False,0
900,UntN TZ 26,sunki,1sg.an,,,,,UntN_TZ_26_00005,su un ki ik,su-un-ki-ik,𒋢 𒌦 𒆠 𒅅,False,0
901,UntN TZ 26,Anshan,,,,,,UntN_TZ_26_00006,an za an,an-za-an,𒀭 𒍝 𒀭,False,0
902,UntN TZ 26,Susa,1sg.an,,,,,UntN_TZ_26_00007,šu šu un ka,šu-šu-un-ka,𒋗 𒋗 𒌦 𒅗,False,0
903,UntN TZ 26,tak.me,,,,3sg.inan1,,UntN_TZ_26_00008,ta ak me,ta-ak-me,𒋫 𒀝 𒈨,False,0
904,UntN TZ 26,u,3sg.inan1,,,,,UntN_TZ_26_00009,u2 me,u2-me,𒌑 𒈨,False,0
905,UntN TZ 26,tur,,,,,,UntN_TZ_26_00010,tu4 ur,tu4-ur,𒌈 𒌨,False,0
906,UntN TZ 26,hih,,,,,,UntN_TZ_26_00011,hi ih,hi-ih,𒄭 𒄴,False,0
907,UntN TZ 26,sit.me,,,,3sg.inan1,,UntN_TZ_26_00012,si it me,si-it-me,𒋛 𒀉 𒈨,False,0
908,UntN TZ 26,u,3sg.inan1,,,,,UntN_TZ_26_00013,u2 me,u2-me,𒌑 𒈨,False,0
909,UntN TZ 26,šullume-,II,,,,,UntN_TZ_26_00014,šu ul lu me en ga,šu-ul-lu-me-en-ga,𒋗 𒌌 𒇻 𒈨 𒂗 𒂵,False,0
910,UntN TZ 26,azkit,,,,,,UntN_TZ_26_00015,az ki it,az-ki-it,𒊍 𒆠 𒀉,False,0
911,UntN TZ 26,tur,,,,,,UntN_TZ_26_00016,tu4 ur,tu4-ur,𒌈 𒌨,False,0
912,UntN TZ 26,sah,3sg.an,,,,,UntN_TZ_26_00017,sah ri,sah-ri,𒆤 𒊑,False,0
913,UntN TZ 26,hušu,adj,,,,,UntN_TZ_26_00018,hu šu ia,hu-šu-ia,𒄷 𒋗 𒅀,False,0
914,UntN TZ 26,in-,1sg.an,,,,,UntN_TZ_26_00019,in gi,in-gi,𒅔 𒄀,False,0
915,UntN TZ 26,hi-,III,1sg.an,,,,UntN_TZ_26_00020,hi en ga,hi-en-ga,𒄭 𒂗 𒂵,False,0
916,UntN TZ 26,in.tika,,,,,,UntN_TZ_26_00021,in di ig ga4,in-di-ig-ga4,𒅔 𒁲 𒅅 𒃻,False,0
917,UntN TZ 26,ak,,,,,,UntN_TZ_26_00022,a gi,a-gi,𒀀 𒄀,False,0
918,UntN TZ 26,abullu,,,,,,UntN_TZ_26_00023,a bu ul,a-bu-ul,𒀀 𒁍 𒌌,False,0
919,UntN TZ 26,kinuni,,,,,,UntN_TZ_26_00024,gi nu ni,gi-nu-ni,𒄀 𒉡 𒉌,False,0
920,UntN TZ 26,kuši-,,,,,,UntN_TZ_26_00025,ku ši ih,ku-ši-ih,𒆪 𒅆 𒄴,False,0
921,UntN TZ 26,Napirisha,,,,,,UntN_TZ_26_00026,dingir gal,dingir-gal,𒀭 𒃲,False,0
922,UntN TZ 26,ak,,,,,,UntN_TZ_26_00027,a gi,a-gi,𒀀 𒄀,False,0
923,UntN TZ 26,Inshushinak,,,,,,UntN_TZ_26_00028,d in šu uš na ak,(d)in-šu-uš-na-ak,𒀭 𒅔 𒋗 𒍑 𒈾 𒀝,False,0
924,UntN TZ 26,Sian.kuk,3sg.an,,,,,UntN_TZ_26_00029,si ia an ku uk ra,si-ia-an-ku-uk-ra,𒋛 𒅀 𒀭 𒆪 𒊌 𒊏,False,0
925,UntN TZ 26,i,3sg.inan2,,,,,UntN_TZ_26_00030,in,in,𒅔,False,0
926,UntN TZ 26,tuni-,1sg.vb,,,,,UntN_TZ_26_00031,du ni ih,du-ni-ih,𒁺 𒉌 𒄴,False,0
927,UntN TZ 26,hutak.halik,,,,II,,UntN_TZ_26_00032,hu ut tak ha li ik,hu-ut-tak-ha-li-ik,𒄷 𒌓 𒋳 𒄩 𒇷 𒅅,False,0
928,UntN TZ 26,u,3sg.inan1,,,,,UntN_TZ_26_00033,u2 me,u2-me,𒌑 𒈨,False,0
929,UntN TZ 26,Napirisha,,,,,,UntN_TZ_26_00034,dingir gal,dingir-gal,𒀭 𒃲,False,0
930,UntN TZ 26,ak,,,,,,UntN_TZ_26_00035,a gi,a-gi,𒀀 𒄀,False,0
931,UntN TZ 26,Inshushinak,,,,,,UntN_TZ_26_00036,d in šu uš na ak,(d)in-šu-uš-na-ak,𒀭 𒅔 𒋗 𒍑 𒈾 𒀝,False,0
932,UntN TZ 26,lina,,,,,,UntN_TZ_26_00037,ul li na,ul-li-na,𒌌 𒇷 𒈾,False,0
933,UntN TZ 26,tela-,II,opt2,,,,UntN_TZ_26_00038,te la ak ni,te-la-ak-ni,𒋼 𒆷 𒀝 𒉌,False,0
934,UntN TZ 27,u,,,,,,UntN_TZ_27_00001,u2,u2,𒌑,False,0
935,UntN TZ 27,Untash-Napirisha,,,,,,UntN_TZ_27_00002,m un taš dingir gal,(m)un-taš-dingir-gal,𒁹 𒌦 𒌨 𒀭 𒃲,False,0
936,UntN TZ 27,šak,,,,,,UntN_TZ_27_00003,ša ak,ša-ak,𒊭 𒀝,False,0
937,UntN TZ 27,Humban-umena,1sg.an,,,,,UntN_TZ_27_00004,d hu ban um me en na ki,(d)hu-ban-um-me-en-na-ki,𒀭 𒄷 𒉼 𒌝 𒈨 𒂗 𒈾 𒆠,False,0
938,UntN TZ 27,sunki,1sg.an,,,,,UntN_TZ_27_00005,su un ki ik,su-un-ki-ik,𒋢 𒌦 𒆠 𒅅,False,0
939,UntN TZ 27,Anshan,,,,,,UntN_TZ_27_00006,an za an,an-za-an,𒀭 𒍝 𒀭,False,0
940,UntN TZ 27,Susa,1sg.an,,,,,UntN_TZ_27_00007,šu šu un ka,šu-šu-un-ka,𒋗 𒋗 𒌦 𒅗,False,0
941,UntN TZ 27,tak.me,,,,3sg.inan1,,UntN_TZ_27_00008,ta ak me,ta-ak-me,𒋫 𒀝 𒈨,False,0
942,UntN TZ 27,u,3sg.inan1,,,,,UntN_TZ_27_00009,u2 me,u2-me,𒌑 𒈨,False,0
943,UntN TZ 27,tur,,,,,,UntN_TZ_27_00010,tu4 ur,tu4-ur,𒌈 𒌨,False,0
944,UntN TZ 27,hih,,,,,,UntN_TZ_27_00011,hi ih,hi-ih,𒄭 𒄴,False,0
945,UntN TZ 27,sit.me,,,,3sg.inan1,,UntN_TZ_27_00012,si it me,si-it-me,𒋛 𒀉 𒈨,False,0
946,UntN TZ 27,u,3sg.inan1,,,,,UntN_TZ_27_00013,u2 me,u2-me,𒌑 𒈨,False,0
947,UntN TZ 27,šullume-,II,,,,,UntN_TZ_27_00014,šu ul lu me en ga,šu-ul-lu-me-en-ga,𒋗 𒌌 𒇻 𒈨 𒂗 𒂵,False,0
948,UntN TZ 27,azkit,,,,,,UntN_TZ_27_00015,az ki it,az-ki-it,𒊍 𒆠 𒀉,False,0
949,UntN TZ 27,tur,,,,,,UntN_TZ_27_00016,tu4 ur,tu4-ur,𒌈 𒌨,False,0
950,UntN TZ 27,sah,3sg.an,,,,,UntN_TZ_27_00017,sah ri,sah-ri,𒆤 𒊑,False,0
951,UntN TZ 27,hušu,adj,,,,,UntN_TZ_27_00018,hu šu ia,hu-šu-ia,𒄷 𒋗 𒅀,False,0
952,UntN TZ 27,in-,1sg.an,,,,,UntN_TZ_27_00019,in gi,in-gi,𒅔 𒄀,False,0
953,UntN TZ 27,hi-,III,1sg.an,,,,UntN_TZ_27_00020,hi en ga,hi-en-ga,𒄭 𒂗 𒂵,False,0
954,UntN TZ 27,in.tika,,,,,,UntN_TZ_27_00021,in di ig ga2,in-di-ig-ga2,𒅔 𒁲 𒅅 𒂷,False,0
955,UntN TZ 27,ak,,,,,,UntN_TZ_27_00022,a gi,a-gi,𒀀 𒄀,False,0
956,UntN TZ 27,sian,,,,,,UntN_TZ_27_00023,si ia an,si-ia-an,𒋛 𒅀 𒀭,False,0
957,UntN TZ 27,upat,,,,,,UntN_TZ_27_00024,u2 pa at,u2-pa-at,𒌑 𒉺 𒀜,False,0
958,UntN TZ 27,husi,3pl.an,3sg.inan1,,,,UntN_TZ_27_00025,hu us si ip me,hu-us-si-ip-me,𒄷 𒊻 𒋛 𒅁 𒈨,False,0
959,UntN TZ 27,kuši-,1sg.vb,,,,,UntN_TZ_27_00026,ku ši ih,ku-ši-ih,𒆪 𒅆 𒄴,False,0
960,UntN TZ 27,Hišmitik,,,,,,UntN_TZ_27_00027,d hi iš mi di ik,(d)hi-iš-mi-di-ik,𒀭 𒄭 𒅖 𒈪 𒁲 𒅅,False,0
961,UntN TZ 27,Ruhurater,,,,,,UntN_TZ_27_00028,d ru hu ra tir,(d)ru-hu-ra-tir,𒀭 𒊒 𒄷 𒊏 𒌁,False,0
962,UntN TZ 27,Sian.kuk,3sg.an,,,,,UntN_TZ_27_00029,si ia an ku uk ra,si-ia-an-ku-uk-ra,𒋛 𒅀 𒀭 𒆪 𒊌 𒊏,False,0
963,UntN TZ 27,i,3sg.inan2,,,,,UntN_TZ_27_00030,in,in,𒅔,False,0
964,UntN TZ 27,tuni-,1sg.vb,,,,,UntN_TZ_27_00031,tu4 ni ih,tu4-ni-ih,𒌈 𒉌 𒄴,False,0
965,UntN TZ 27,hatin,,,,,,UntN_TZ_27_00032,ha di en,ha-di-en,𒄩 𒁲 𒂗,False,0
966,UntN TZ 27,hapši,,,,,,UntN_TZ_27_00033,ha ap ši,ha-ap-ši,𒄩 𒀊 𒅆,False,0
967,UntN TZ 27,i,3sg.an,,,,,UntN_TZ_27_00034,ir,ir,𒅕,False,0
968,UntN TZ 27,zukar.ta-,1sg.vb,,,,,UntN_TZ_27_00035,su kar tah,su-kar-tah,𒋢 𒋼𒀀 𒈭,False,0
969,UntN TZ 27,hutak.halik,,,,II,,UntN_TZ_27_00036,hu ut tak ha li ik,hu-ut-tak-ha-li-ik,𒄷 𒌓 𒋳 𒄩 𒇷 𒅅,False,0
970,UntN TZ 27,u,3sg.inan1,,,,,UntN_TZ_27_00037,u2 me,u2-me,𒌑 𒈨,False,0
971,UntN TZ 27,Hišmitik,,,,,,UntN_TZ_27_00038,d hi iš mi di ik,(d)hi-iš-mi-di-ik,𒀭 𒄭 𒅖 𒈪 𒁲 𒅅,False,0
972,UntN TZ 27,Ruhurater,,,,,,UntN_TZ_27_00039,d ru hu ra tir,(d)ru-hu-ra-tir,𒀭 𒊒 𒄷 𒊏 𒌁,False,0
973,UntN TZ 27,lina,,,,,,UntN_TZ_27_00040,ul li na6,ul-li-na6,𒌌 𒇷 𒇽,False,0
974,UntN TZ 27,tela-,II,opt2,,,,UntN_TZ_27_00041,te la ak ni,te-la-ak-ni,𒋼 𒆷 𒀝 𒉌,False,0
975,UntN TZ 28,u,,,,,,UntN_TZ_28_00001,u2,u2,𒌑,False,0
976,UntN TZ 28,Untash-Napirisha,,,,,,UntN_TZ_28_00002,m un taš dingir gal,(m)un-taš-dingir-gal,𒁹 𒌦 𒌨 𒀭 𒃲,False,0
977,UntN TZ 28,,,,,,,UntN_TZ_28_00003,ša ak,ša-ak,𒊭 𒀝,False,0
978,UntN TZ 28,Humban-umena,1sg.an,,,,,UntN_TZ_28_00004,d hu um ban um me en na ki,(d)hu-um-ban-um-me-en-na-ki,𒀭 𒄷 𒌝 𒉼 𒌝 𒈨 𒂗 𒈾 𒆠,False,0
979,UntN TZ 28,sunki,1sg.an,,,,,UntN_TZ_28_00005,su un ki ik,su-un-ki-ik,𒋢 𒌦 𒆠 𒅅,False,0
980,UntN TZ 28,Anshan,,,,,,UntN_TZ_28_00006,an za an,an-za-an,𒀭 𒍝 𒀭,False,0
981,UntN TZ 28,Susa,1sg.an,,,,,UntN_TZ_28_00007,šu šu un ka,šu-šu-un-ka,𒋗 𒋗 𒌦 𒅗,False,0
982,UntN TZ 28,tak.me,,,,3sg.inan1,,UntN_TZ_28_00008,ta ak me,ta-ak-me,𒋫 𒀝 𒈨,False,0
983,UntN TZ 28,u,3sg.inan1,,,,,UntN_TZ_28_00009,u2 me,u2-me,𒌑 𒈨,False,0
984,UntN TZ 28,tur,,,,,,UntN_TZ_28_00010,tu4 ur,tu4-ur,𒌈 𒌨,False,0
985,UntN TZ 28,hih,,,,,,UntN_TZ_28_00011,hi ih,hi-ih,𒄭 𒄴,False,0
986,UntN TZ 28,sit.me,,,,3sg.inan1,,UntN_TZ_28_00012,si it me,si-it-me,𒋛 𒀉 𒈨,False,0
987,UntN TZ 28,u,3sg.inan1,,,,,UntN_TZ_28_00013,u2 me,u2-me,𒌑 𒈨,False,0
988,UntN TZ 28,šullume-,III,1sg.an,,,,UntN_TZ_28_00014,šu ul lu me en ga,šu-ul-lu-me-en-ga,𒋗 𒌌 𒇻 𒈨 𒂗 𒂵,False,0
989,UntN TZ 28,azkit,,,,,,UntN_TZ_28_00015,az ki it,az-ki-it,𒊍 𒆠 𒀉,False,0
990,UntN TZ 28,tur,,,,,,UntN_TZ_28_00016,tu4 ur,tu4-ur,𒌈 𒌨,False,0
991,UntN TZ 28,sah,3sg.an,,,,,UntN_TZ_28_00017,sah ri,sah-ri,𒆤 𒊑,False,0
992,UntN TZ 28,hušu,adj,,,,,UntN_TZ_28_00018,hu šu ia,hu-šu-ia,𒄷 𒋗 𒅀,False,0
993,UntN TZ 28,in-,1sg.an,,,,,UntN_TZ_28_00019,in gi,in-gi,𒅔 𒄀,False,0
994,UntN TZ 28,hi-,III,1sg.an,,,,UntN_TZ_28_00020,hi en ga,hi-en-ga,𒄭 𒂗 𒂵,False,0
995,UntN TZ 28,in.tika,,,,,,UntN_TZ_28_00021,in di ik ka,in-di-ik-ka,𒅔 𒁲 𒅅 𒅗,False,0
996,UntN TZ 28,ak,,,,,,UntN_TZ_28_00022,a gi,a-gi,𒀀 𒄀,False,0
997,UntN TZ 28,sian,,,,,,UntN_TZ_28_00023,si a an,si-a-an,𒋛 𒀀 𒀭,False,0
998,UntN TZ 28,Humban,3sg.inan1,,,,,UntN_TZ_28_00024,d hu um ban me,(d)hu-um-ban-me,𒀭 𒄷 𒌝 𒉼 𒈨,False,0
999,UntN TZ 28,upat,,,,,,UntN_TZ_28_00025,u2 pa at,u2-pa-at,𒌑 𒉺 𒀜,False,0
1000,UntN TZ 28,husi,3pl.an,3sg.inan1,,,,UntN_TZ_28_00026,hu us si ip me,hu-us-si-ip-me,𒄷 𒊻 𒋛 𒅁 𒈨,False,0
1001,UntN TZ 28,kuši-,1sg.vb,,,,,UntN_TZ_28_00027,ku ši ih,ku-ši-ih,𒆪 𒅆 𒄴,False,0
1002,UntN TZ 28,Humban,,,,,,UntN_TZ_28_00028,d hu um ban,(d)hu-um-ban,𒀭 𒄷 𒌝 𒉼,False,0
1003,UntN TZ 28,Sian.kuk,3sg.an,,,,,UntN_TZ_28_00029,si a an ku uk ra,si-a-an-ku-uk-ra,𒋛 𒀀 𒀭 𒆪 𒊌 𒊏,False,0
1004,UntN TZ 28,i,3sg.inan2,,,,,UntN_TZ_28_00030,in,in,𒅔,False,0
1005,UntN TZ 28,tuni-,1sg.vb,,,,,UntN_TZ_28_00031,tu4 ni ih,tu4-ni-ih,𒌈 𒉌 𒄴,False,0
1006,UntN TZ 28,hutak.halik,,,,II,,UntN_TZ_28_00032,hu ut tak ha li ik,hu-ut-tak-ha-li-ik,𒄷 𒌓 𒋳 𒄩 𒇷 𒅅,False,0
1007,UntN TZ 28,u,3sg.inan1,,,,,UntN_TZ_28_00033,u2 me,u2-me,𒌑 𒈨,False,0
1008,UntN TZ 28,Humban,,,,,,UntN_TZ_28_00034,d hu um ban,(d)hu-um-ban,𒀭 𒄷 𒌝 𒉼,False,0
1009,UntN TZ 28,lina,,,,,,UntN_TZ_28_00035,ul li na,ul-li-na,𒌌 𒇷 𒈾,False,0
1010,UntN TZ 28,tela-,II,opt2,,,,UntN_TZ_28_00036,te la ak ni,te-la-ak-ni,𒋼 𒆷 𒀝 𒉌,False,0
1011,UntN TZ 29,u,,,,,,UntN_TZ_29_00001,u3,u3,𒅇,False,0
1012,UntN TZ 29,Untash-Napirisha,,,,,,UntN_TZ_29_00002,m un taš dingir gal,(m)un-taš-dingir-gal,𒁹 𒌦 𒌨 𒀭 𒃲,False,0
1013,UntN TZ 29,šak,,,,,,UntN_TZ_29_00003,ša ak,ša-ak,𒊭 𒀝,False,0
1014,UntN TZ 29,Humban-umena,1sg.an,,,,,UntN_TZ_29_00004,m hu ban nu me na ki,(m)hu-ban-nu-me-na-ki,𒁹 𒄷 𒉼 𒉡 𒈨 𒈾 𒆠,False,0
1015,UntN TZ 29,sunki,1sg.an,,,,,UntN_TZ_29_00005,su un ki ik,su-un-ki-ik,𒋢 𒌦 𒆠 𒅅,False,0
1016,UntN TZ 29,Anshan,,,,,,UntN_TZ_29_00006,an za an,an-za-an,𒀭 𒍝 𒀭,False,0
1017,UntN TZ 29,Susa,1sg.an,,,,,UntN_TZ_29_00007,šu šu un ka,šu-šu-un-ka,𒋗 𒋗 𒌦 𒅗,False,0
1018,UntN TZ 29,tak.me,,,,3sg.inan1,,UntN_TZ_29_00008,ta ak me,ta-ak-me,𒋫 𒀝 𒈨,False,0
1019,UntN TZ 29,u,3sg.inan1,,,,,UntN_TZ_29_00009,u2 me,u2-me,𒌑 𒈨,False,0
1020,UntN TZ 29,tur,,,,,,UntN_TZ_29_00010,tu4 ur,tu4-ur,𒌈 𒌨,False,0
1021,UntN TZ 29,hih,,,,,,UntN_TZ_29_00011,hi ih,hi-ih,𒄭 𒄴,False,0
1022,UntN TZ 29,sit.me,,,,3sg.inan1,,UntN_TZ_29_00012,si it me,si-it-me,𒋛 𒀉 𒈨,False,0
1023,UntN TZ 29,u,3sg.inan1,,,,,UntN_TZ_29_00013,u2 me,u2-me,𒌑 𒈨,False,0
1024,UntN TZ 29,šullume-,II,,,,,UntN_TZ_29_00014,šu ul lu me ga,šu-ul-lu-me-ga,𒋗 𒌌 𒇻 𒈨 𒂵,False,0
1025,UntN TZ 29,azkit,,,,,,UntN_TZ_29_00015,az ki it,az-ki-it,𒊍 𒆠 𒀉,False,0
1026,UntN TZ 29,tur,,,,,,UntN_TZ_29_00016,tu4 ur,tu4-ur,𒌈 𒌨,False,0
1027,UntN TZ 29,sah,3sg.an,,,,,UntN_TZ_29_00017,sah ri,sah-ri,𒆤 𒊑,False,0
1028,UntN TZ 29,hušu,adj,,,,,UntN_TZ_29_00018,hu šu ia,hu-šu-ia,𒄷 𒋗 𒅀,False,0
1029,UntN TZ 29,in-,1sg.an,,,,,UntN_TZ_29_00019,in gi,in-gi,𒅔 𒄀,False,0
1030,UntN TZ 29,hi-,III,1sg.an,,,,UntN_TZ_29_00020,hi en ga,hi-en-ga,𒄭 𒂗 𒂵,False,0
1031,UntN TZ 29,in.tika,,,,,,UntN_TZ_29_00021,in di ig ga,in-di-ig-ga,𒅔 𒁲 𒅅 𒂵,False,0
1032,UntN TZ 29,ak,,,,,,UntN_TZ_29_00022,a gi,a-gi,𒀀 𒄀,False,0
1033,UntN TZ 29,sian,,,,,,UntN_TZ_29_00023,si ia an,si-ia-an,𒋛 𒅀 𒀭,False,0
1034,UntN TZ 29,upat,,,,,,UntN_TZ_29_00024,u2 pa at,u2-pa-at,𒌑 𒉺 𒀜,False,0
1035,UntN TZ 29,husi,3pl.an,3sg.inan1,,,,UntN_TZ_29_00025,hu us si ip me,hu-us-si-ip-me,𒄷 𒊻 𒋛 𒅁 𒈨,False,0
1036,UntN TZ 29,kuši-,1sg.vb,,,,,UntN_TZ_29_00026,ku ši ih,ku-ši-ih,𒆪 𒅆 𒄴,False,0
1037,UntN TZ 29,Nabu,,,,,,UntN_TZ_29_00027,d na bi um,(d)na-bi-um,𒀭 𒈾 𒁉 𒌝,False,0
1038,UntN TZ 29,Sian.kuk,3sg.an,,,,,UntN_TZ_29_00028,si ia an ku uk ra,si-ia-an-ku-uk-ra,𒋛 𒅀 𒀭 𒆪 𒊌 𒊏,False,0
1039,UntN TZ 29,i,3sg.inan2,,,,,UntN_TZ_29_00029,in,in,𒅔,False,0
1040,UntN TZ 29,tuni-,1sg.vb,,,,,UntN_TZ_29_00030,tu4 ni ih,tu4-ni-ih,𒌈 𒉌 𒄴,False,0
1041,UntN TZ 29,hutak.halik,,,,II,,UntN_TZ_29_00031,hu ut tak ha li ik,hu-ut-tak-ha-li-ik,𒄷 𒌓 𒋳 𒄩 𒇷 𒅅,False,0
1042,UntN TZ 29,u,3sg.inan1,,,,,UntN_TZ_29_00032,u2 me,u2-me,𒌑 𒈨,False,0
1043,UntN TZ 29,Nabu,,,,,,UntN_TZ_29_00033,d na bi um,(d)na-bi-um,𒀭 𒈾 𒁉 𒌝,False,0
1044,UntN TZ 29,lina,,,,,,UntN_TZ_29_00034,ul li na,ul-li-na,𒌌 𒇷 𒈾,False,0
1045,UntN TZ 29,tela-,II,,,,,UntN_TZ_29_00035,te la ak,te-la-ak,𒋼 𒆷 𒀝,False,0
1046,UntN TZ 30,u,,,,,,UntN_TZ_30_00001,u3,u3,𒅇,False,0
1047,UntN TZ 30,Untash-Napirisha,,,,,,UntN_TZ_30_00002,m un taš dingir gal,(m)un-taš-dingir-gal,𒁹 𒌦 𒌨 𒀭 𒃲,False,0
1048,UntN TZ 30,šak,,,,,,UntN_TZ_30_00003,ša ak,ša-ak,𒊭 𒀝,False,0
1049,UntN TZ 30,Humban-umena,1sg.an,,,,,UntN_TZ_30_00004,m hu ban nu me na ki,(m)hu-ban-nu-me-na-ki,𒁹 𒄷 𒉼 𒉡 𒈨 𒈾 𒆠,False,0
1050,UntN TZ 30,sunki,1sg.an,,,,,UntN_TZ_30_00005,zu un ki ik,zu-un-ki-ik,𒍪 𒌦 𒆠 𒅅,False,0
1051,UntN TZ 30,Anshan,,,,,,UntN_TZ_30_00006,an za an,an-za-an,𒀭 𒍝 𒀭,False,0
1052,UntN TZ 30,Susa,1sg.an,,,,,UntN_TZ_30_00007,šu šu un ka,šu-šu-un-ka,𒋗 𒋗 𒌦 𒅗,False,0
1053,UntN TZ 30,tak.me,,,,3sg.inan1,,UntN_TZ_30_00008,ta ak me,ta-ak-me,𒋫 𒀝 𒈨,False,0
1054,UntN TZ 30,u,3sg.inan1,,,,,UntN_TZ_30_00009,u2 me,u2-me,𒌑 𒈨,False,0
1055,UntN TZ 30,tur,,,,,,UntN_TZ_30_00010,tu4 ur,tu4-ur,𒌈 𒌨,False,0
1056,UntN TZ 30,hih,,,,,,UntN_TZ_30_00011,hi ih2,hi-ih2,𒄭 𒀪,False,0
1057,UntN TZ 30,sit.me,,,,3sg.inan1,,UntN_TZ_30_00012,si it me,si-it-me,𒋛 𒀉 𒈨,False,0
1058,UntN TZ 30,u,3sg.inan1,,,,,UntN_TZ_30_00013,u2 me,u2-me,𒌑 𒈨,False,0
1059,UntN TZ 30,šullume-,II,,,,,UntN_TZ_30_00014,šu ul lu me ga,šu-ul-lu-me-ga,𒋗 𒌌 𒇻 𒈨 𒂵,False,0
1060,UntN TZ 30,azkit,,,,,,UntN_TZ_30_00015,az ki it,az-ki-it,𒊍 𒆠 𒀉,False,0
1061,UntN TZ 30,tur,,,,,,UntN_TZ_30_00016,tu4 ur,tu4-ur,𒌈 𒌨,False,0
1062,UntN TZ 30,sah,3sg.an,,,,,UntN_TZ_30_00017,sah ri,sah-ri,𒆤 𒊑,False,0
1063,UntN TZ 30,hušu,adj,,,,,UntN_TZ_30_00018,hu šu ia,hu-šu-ia,𒄷 𒋗 𒅀,False,0
1064,UntN TZ 30,in-,1sg.an,,,,,UntN_TZ_30_00019,in gi,in-gi,𒅔 𒄀,False,0
1065,UntN TZ 30,hi-,III,1sg.an,,,,UntN_TZ_30_00020,hi en ga,hi-en-ga,𒄭 𒂗 𒂵,False,0
1066,UntN TZ 30,in.tika,,,,,,UntN_TZ_30_00021,in di ig ga,in-di-ig-ga,𒅔 𒁲 𒅅 𒂵,False,0
1067,UntN TZ 30,ak,,,,,,UntN_TZ_30_00022,a ak,a-ak,𒀀 𒀝,False,0
1068,UntN TZ 30,sian,,,,,,UntN_TZ_30_00023,si ia an,si-ia-an,𒋛 𒅀 𒀭,False,0
1069,UntN TZ 30,upat,,,,,,UntN_TZ_30_00024,u2 pa at,u2-pa-at,𒌑 𒉺 𒀜,False,0
1070,UntN TZ 30,husi,3pl.an,3sg.inan1,,,,UntN_TZ_30_00025,hu us si ip me,hu-us-si-ip-me,𒄷 𒊻 𒋛 𒅁 𒈨,False,0
1071,UntN TZ 30,kuši-,1sg.vb,,,,,UntN_TZ_30_00026,ku ši ih,ku-ši-ih,𒆪 𒅆 𒄴,False,0
1072,UntN TZ 30,PA.TUG2,,,,,,UntN_TZ_30_00027,d PA TUG2,(d)PA.TUG2,𒀭 𒉺 𒌆,False,0
1073,UntN TZ 30,Sian.kuk,3sg.an,,,,,UntN_TZ_30_00028,si ia an ku uk ra,si-ia-an-ku-uk-ra,𒋛 𒅀 𒀭 𒆪 𒊌 𒊏,False,0
1074,UntN TZ 30,i,3sg.inan2,,,,,UntN_TZ_30_00029,in,in,𒅔,False,0
1075,UntN TZ 30,tuni-,1sg.vb,,,,,UntN_TZ_30_00030,tu4 ni ih,tu4-ni-ih,𒌈 𒉌 𒄴,False,0
1076,UntN TZ 30,hutak.halik,,,,II,,UntN_TZ_30_00031,hu ut tak ha li ik,hu-ut-tak-ha-li-ik,𒄷 𒌓 𒋳 𒄩 𒇷 𒅅,False,0
1077,UntN TZ 30,u,3sg.inan1,,,,,UntN_TZ_30_00032,u2 me,u2-me,𒌑 𒈨,False,0
1078,UntN TZ 30,PA.TUG2,,,,,,UntN_TZ_30_00033,d PA TUG2,(d)PA.TUG2,𒀭 𒉺 𒌆,False,0
1079,UntN TZ 30,lina,,,,,,UntN_TZ_30_00034,ul li na,ul-li-na,𒌌 𒇷 𒈾,False,0
1080,UntN TZ 30,tela-,II,,,,,UntN_TZ_30_00035,te la ak,te-la-ak,𒋼 𒆷 𒀝,False,0
1081,UntN TZ 31,u,,,,,,UntN_TZ_31_00001,u2,u2,𒌑,False,0
1082,UntN TZ 31,Untash-Napirisha,,,,,,UntN_TZ_31_00002,m un taš dingir gal,(m)un-taš-dingir-gal,𒁹 𒌦 𒌨 𒀭 𒃲,False,0
1083,UntN TZ 31,šak,,,,,,UntN_TZ_31_00003,ša ak,ša-ak,𒊭 𒀝,False,0
1084,UntN TZ 31,Humban-umena,1sg.an,,,,,UntN_TZ_31_00004,m d hu um ban nu me na ki,(md)hu-um-ban-nu-me-na-ki,𒁹 𒀭 𒄷 𒌝 𒉼 𒉡 𒈨 𒈾 𒆠,False,0
1085,UntN TZ 31,sunki,1sg.an,,,,,UntN_TZ_31_00005,zu un ki ik,zu-un-ki-ik,𒍪 𒌦 𒆠 𒅅,False,0
1086,UntN TZ 31,Anshan,,,,,,UntN_TZ_31_00006,an za an,an-za-an,𒀭 𒍝 𒀭,False,0
1087,UntN TZ 31,Susa,1sg.an,,,,,UntN_TZ_31_00007,šu šu un ka,šu-šu-un-ka,𒋗 𒋗 𒌦 𒅗,False,0
1088,UntN TZ 31,murti,,,,,,UntN_TZ_31_00008,mu ur ti,mu-ur-ti,𒈬 𒌨 𒋾,False,0
1089,UntN TZ 31,ipilati,postp.loc,,,,,UntN_TZ_31_00009,ip il la ti ma,ip-il-la-ti-ma,𒅁 𒅋 𒆷 𒋾 𒈠,False,0
1090,UntN TZ 31,kuši-,1sg.vb,,,,,UntN_TZ_31_00010,ku ši ih,ku-ši-ih,𒆪 𒅆 𒄴,False,0
1091,UntN TZ 31,PA.TUG2,,,,,,UntN_TZ_31_00011,d PA TUG2,(d)PA.TUG2,𒀭 𒉺 𒌆,False,0
1092,UntN TZ 31,lili.r,,,,3sg.an,,UntN_TZ_31_00012,li li ra,li-li-ra,𒇷 𒇷 𒊏,False,0
1093,UntN TZ 31,hal,,,,,,UntN_TZ_31_00013,ha al,ha-al,𒄩 𒀠,False,0
1094,UntN TZ 31,haptiš,,,,,,UntN_TZ_31_00014,ha ap pa ti iš,ha-ap-pa-ti-iš,𒄩 𒀊 𒉺 𒋾 𒅖,False,0
1095,UntN TZ 31,papara-?,III,,,,,UntN_TZ_31_00015,pa ap pa ra na,pa-ap-pa-ra-na,𒉺 𒀊 𒉺 𒊏 𒈾,False,0
1096,UntN TZ 31,Untash-Napirisha,,,,,,UntN_TZ_31_00016,m un taš dingir gal,(m)un-taš-dingir-gal,𒁹 𒌦 𒌨 𒀭 𒃲,False,0
1097,UntN TZ 31,uku,3sg.an,,,,,UntN_TZ_31_00017,uk ku ri,uk-ku-ri,𒊌 𒆪 𒊑,False,0
1098,UntN TZ 31,i,3sg.an,,,,,UntN_TZ_31_00018,ir,ir,𒅕,False,0
1099,UntN TZ 31,mur.ta-,III,3sg.an,,,,UntN_TZ_31_00019,mu ur ta an ra,mu-ur-ta-an-ra,𒈬 𒌨 𒋫 𒀭 𒊏,False,0
1100,UntN TZ 31,hutak.halik,,,,,,UntN_TZ_31_00020,hu ut tak ha li ik,hu-ut-tak-ha-li-ik,𒄷 𒌓 𒋳 𒄩 𒇷 𒅅,False,0
1101,UntN TZ 31,u,3sg.inan1,,,,,UntN_TZ_31_00021,u2 me,u2-me,𒌑 𒈨,False,0
1102,UntN TZ 31,PA.TUG2,,,,,,UntN_TZ_31_00022,d PA TUG2,(d)PA.TUG2,𒀭 𒉺 𒌆,False,0
1103,UntN TZ 31,lina,,,,,,UntN_TZ_31_00023,li na,li-na,𒇷 𒈾,False,0
1104,UntN TZ 31,tela-,II,opt2,,,,UntN_TZ_31_00024,te la ak ni,te-la-ak-ni,𒋼 𒆷 𒀝 𒉌,False,0
1105,UntN TZ 32,u,,,,,,UntN_TZ_32_00001,u2,u2,𒌑,False,0
1106,UntN TZ 32,Untash-Napirisha,,,,,,UntN_TZ_32_00002,m un taš dingir gal,(m)un-taš-dingir-gal,𒁹 𒌦 𒌨 𒀭 𒃲,False,0
1107,UntN TZ 32,sian,,,,,,UntN_TZ_32_00003,si ia an,si-ia-an,𒋛 𒅀 𒀭,False,0
1108,UntN TZ 32,Inanna,,,,,,UntN_TZ_32_00004,d in na na,(d)in-na-na,𒀭 𒅔 𒈾 𒈾,False,0
1109,UntN TZ 32,belti,,,,,,UntN_TZ_32_00005,be el ti,be-el-ti,𒁁 𒂖 𒋾,False,0
1110,UntN TZ 32,apuki,3sg.inan1,,,,,UntN_TZ_32_00006,ap pu ki me,ap-pu-ki-me,𒀊 𒁍 𒆠 𒈨,False,0
1111,UntN TZ 32,kuši-,,,,,,UntN_TZ_32_00007,ku ši ih,ku-ši-ih,𒆪 𒅆 𒄴,False,0
1112,UntN TZ 32,Inanna,,,,,,UntN_TZ_32_00008,d in na na,(d)in-na-na,𒀭 𒅔 𒈾 𒈾,False,0
1113,UntN TZ 32,belti,,,,,,UntN_TZ_32_00009,be el ti,be-el-ti,𒁁 𒂖 𒋾,False,0
1114,UntN TZ 32,apuki,,,,,,UntN_TZ_32_00010,ap pu ki i,ap-pu-ki-i,𒀊 𒁍 𒆠 𒄿,False,0
1115,UntN TZ 32,i,3sg.an,,,,,UntN_TZ_32_00011,ir,ir,𒅕,False,0
1116,UntN TZ 32,šari-,1sg.vb,,,,,UntN_TZ_32_00012,ša ri ih,ša-ri-ih,𒊭 𒊑 𒄴,False,0
1117,UntN TZ 32,i,3sg.an,,,,,UntN_TZ_32_00013,ir,ir,𒅕,False,0
1118,UntN TZ 32,aha,3sg.an,,,,,UntN_TZ_32_00014,a ha ar,a-ha-ar,𒀀 𒄩 𒅈,False,0
1119,UntN TZ 32,mur.ta-,1sg.vb,,,,,UntN_TZ_32_00015,mu ur tah,mu-ur-tah,𒈬 𒌨 𒈭,False,0
1120,UntN TZ 32,hupe,,,,,,UntN_TZ_32_00016,hu pi e,hu-pi-e,𒄷 𒉿 𒂊,False,0
1121,UntN TZ 32,pepši-,adj,,,,,UntN_TZ_32_00017,pi ip ši ia,pi-ip-ši-ia,𒉿 𒅁 𒅆 𒅀,False,0
1122,UntN TZ 32,pepli-,1sg.vb,,,,,UntN_TZ_32_00018,pi ip li ih,pi-ip-li-ih,𒉿 𒅁 𒇷 𒄴,False,0
1123,UntN TZ 32,hutak.halik,,,,,,UntN_TZ_32_00019,hu ut ta ak ha li ik,hu-ut-ta-ak-ha-li-ik,𒄷 𒌓 𒋫 𒀝 𒄩 𒇷 𒅅,False,0
1124,UntN TZ 32,u,3sg.inan1,,,,,UntN_TZ_32_00020,u2 me,u2-me,𒌑 𒈨,False,0
1125,UntN TZ 32,lina,3sg.inan2,,,,,UntN_TZ_32_00021,li ni en,li-ni-en,𒇷 𒉌 𒂗,False,0
1126,UntN TZ 32,tela-,II,opt2,,,,UntN_TZ_32_00022,te la ak ni,te-la-ak-ni,𒋼 𒆷 𒀝 𒉌,False,0
1127,UntN TZ 33,u,,,,,,UntN_TZ_33_00001,u2,u2,𒌑,False,0
1128,UntN TZ 33,Untash-Napirisha,,,,,,UntN_TZ_33_00002,m un taš dingir gal,(m)un-taš-dingir-gal,𒁹 𒌦 𒌨 𒀭 𒃲,False,0
1129,UntN TZ 33,šak,,,,,,UntN_TZ_33_00003,ša ak,ša-ak,𒊭 𒀝,False,0
1130,UntN TZ 33,Humban-umena,1sg.an,,,,,UntN_TZ_33_00004,m d hu um ban um me na gi,(md)hu-um-ban-um-me-na-gi,𒁹 𒀭 𒄷 𒌝 𒉼 𒌝 𒈨 𒈾 𒄀,False,0
1131,UntN TZ 33,sunki,1sg.an,,,,,UntN_TZ_33_00005,su un ki ik,su-un-ki-ik,𒋢 𒌦 𒆠 𒅅,False,0
1132,UntN TZ 33,Anshan,,,,,,UntN_TZ_33_00006,an za an,an-za-an,𒀭 𒍝 𒀭,False,0
1133,UntN TZ 33,Susa,1sg.an,,,,,UntN_TZ_33_00007,šu šu un ka,šu-šu-un-ka,𒋗 𒋗 𒌦 𒅗,False,0
1134,UntN TZ 33,pukši,,,,,,UntN_TZ_33_00008,pu uk ši,pu-uk-ši,𒁍 𒊌 𒅆,False,0
1135,UntN TZ 33,taki,3pl.an,,,,,UntN_TZ_33_00009,ta ak ki ip pi,ta-ak-ki-ip-pi,𒋫 𒀝 𒆠 𒅁 𒉿,False,0
1136,UntN TZ 33,upat,,,,,,UntN_TZ_33_00010,u2 pa at,u2-pa-at,𒌑 𒉺 𒀜,False,0
1137,UntN TZ 33,husi,3pl.an,3sg.inan1,,,,UntN_TZ_33_00011,hu us si ip me,hu-us-si-ip-me,𒄷 𒊻 𒋛 𒅁 𒈨,False,0
1138,UntN TZ 33,kuši-,1sg.vb,,,,,UntN_TZ_33_00012,ku ši ih,ku-ši-ih,𒆪 𒅆 𒄴,False,0
1139,UntN TZ 33,Sunkirishar,,,,,,UntN_TZ_33_00013,d su un ki ir ri ša ar ra,(d)su-un-ki-ir-ri-ša-ar-ra,𒀭 𒋢 𒌦 𒆠 𒅕 𒊑 𒊭 𒅈 𒊏,False,0
1140,UntN TZ 33,i,3sg.inan2,,,,,UntN_TZ_33_00014,in,in,𒅔,False,0
1141,UntN TZ 33,tuni-,1sg.vb,,,,,UntN_TZ_33_00015,du ni ih,du-ni-ih,𒁺 𒉌 𒄴,False,0
1142,UntN TZ 34,u,,,,,,UntN_TZ_34_00001,u2,u2,𒌑,False,0
1143,UntN TZ 34,Untash-Napirisha,,,,,,UntN_TZ_34_00002,m un taš dingir gal,(m)un-taš-dingir-gal,𒁹 𒌦 𒌨 𒀭 𒃲,False,0
1144,UntN TZ 34,šak,,,,,,UntN_TZ_34_00003,ša ak,ša-ak,𒊭 𒀝,False,0
1145,UntN TZ 34,Humban-umena,1sg.an,,,,,UntN_TZ_34_00004,m hu ban um me na ki,(m)hu-ban-um-me-na-ki,𒁹 𒄷 𒉼 𒌝 𒈨 𒈾 𒆠,False,0
1146,UntN TZ 34,sunki,1sg.an,,,,,UntN_TZ_34_00005,su un ki ik,su-un-ki-ik,𒋢 𒌦 𒆠 𒅅,False,0
1147,UntN TZ 34,Anshan,,,,,,UntN_TZ_34_00006,an za an,an-za-an,𒀭 𒍝 𒀭,False,0
1148,UntN TZ 34,Susa,1sg.an,,,,,UntN_TZ_34_00007,šu šu un ka,šu-šu-un-ka,𒋗 𒋗 𒌦 𒅗,False,0
1149,UntN TZ 34,tak.me,,,,3sg.inan1,,UntN_TZ_34_00008,ta ak me,ta-ak-me,𒋫 𒀝 𒈨,False,0
1150,UntN TZ 34,u,3sg.inan1,,,,,UntN_TZ_34_00009,u2 me,u2-me,𒌑 𒈨,False,0
1151,UntN TZ 34,tur,,,,,,UntN_TZ_34_00010,tu4 ur,tu4-ur,𒌈 𒌨,False,0
1152,UntN TZ 34,hih,,,,,,UntN_TZ_34_00011,hi ih,hi-ih,𒄭 𒄴,False,0
1153,UntN TZ 34,sit.me,,,,3sg.inan1,,UntN_TZ_34_00012,si it me,si-it-me,𒋛 𒀉 𒈨,False,0
1154,UntN TZ 34,u,3sg.inan1,,,,,UntN_TZ_34_00013,u2 me,u2-me,𒌑 𒈨,False,0
1155,UntN TZ 34,šullume-,II,,,,,UntN_TZ_34_00014,šu ul lu me ga,šu-ul-lu-me-ga,𒋗 𒌌 𒇻 𒈨 𒂵,False,0
1156,UntN TZ 34,azkit,,,,,,UntN_TZ_34_00015,az ki it,az-ki-it,𒊍 𒆠 𒀉,False,0
1157,UntN TZ 34,tur,,,,,,UntN_TZ_34_00016,tu4 ur,tu4-ur,𒌈 𒌨,False,0
1158,UntN TZ 34,sah,3sg.an,,,,,UntN_TZ_34_00017,sah ri,sah-ri,𒆤 𒊑,False,0
1159,UntN TZ 34,hušu,adj,,,,,UntN_TZ_34_00018,hu šu ia,hu-šu-ia,𒄷 𒋗 𒅀,False,0
1160,UntN TZ 34,in-,1sg.an,,,,,UntN_TZ_34_00019,in gi,in-gi,𒅔 𒄀,False,0
1161,UntN TZ 34,hi-,III,1sg.an,,,,UntN_TZ_34_00020,hi en ga,hi-en-ga,𒄭 𒂗 𒂵,False,0
1162,UntN TZ 34,in.tika,,,,,,UntN_TZ_34_00021,in di ik ka,in-di-ik-ka,𒅔 𒁲 𒅅 𒅗,False,0
1163,UntN TZ 34,ak,,,,,,UntN_TZ_34_00022,a gi,a-gi,𒀀 𒄀,False,0
1164,UntN TZ 34,sian,,,,,,UntN_TZ_34_00023,si a an,si-a-an,𒋛 𒀀 𒀭,False,0
1165,UntN TZ 34,upat,,,,,,UntN_TZ_34_00024,u2 pa at,u2-pa-at,𒌑 𒉺 𒀜,False,0
1166,UntN TZ 34,husi,3pl.an,3sg.inan1,,,,UntN_TZ_34_00025,hu us si ip me,hu-us-si-ip-me,𒄷 𒊻 𒋛 𒅁 𒈨,False,0
1167,UntN TZ 34,kuši-,1sg.vb,,,,,UntN_TZ_34_00026,ku ši ih,ku-ši-ih,𒆪 𒅆 𒄴,False,0
1168,UntN TZ 34,NIN.E.GAL,,,,,,UntN_TZ_34_00027,d nin e2 gal,(d)nin-e2-gal,𒀭 𒊩𒌆 𒂍 𒃲,False,0
1169,UntN TZ 34,Sian.kuk,3sg.an,,,,,UntN_TZ_34_00028,si a an ku uk ra,si-a-an-ku-uk-ra,𒋛 𒀀 𒀭 𒆪 𒊌 𒊏,False,0
1170,UntN TZ 34,i,3sg.inan2,,,,,UntN_TZ_34_00029,in,in,𒅔,False,0
1171,UntN TZ 34,tuni-,1sg.vb,,,,,UntN_TZ_34_00030,tu4 ni ih,tu4-ni-ih,𒌈 𒉌 𒄴,False,0
1172,UntN TZ 34,hutak.halik,,,,,,UntN_TZ_34_00031,hu ut tak ha li ik,hu-ut-tak-ha-li-ik,𒄷 𒌓 𒋳 𒄩 𒇷 𒅅,False,0
1173,UntN TZ 34,u,3sg.inan1,,,,,UntN_TZ_34_00032,u2 me,u2-me,𒌑 𒈨,False,0
1174,UntN TZ 34,NIN.E.GAL,,,,,,UntN_TZ_34_00033,d nin e2 gal,(d)nin-e2-gal,𒀭 𒊩𒌆 𒂍 𒃲,False,0
1175,UntN TZ 34,lina,,,,,,UntN_TZ_34_00034,ul li na,ul-li-na,𒌌 𒇷 𒈾,False,0
1176,UntN TZ 34,tela-,II,opt2,,,,UntN_TZ_34_00035,te la ak ni,te-la-ak-ni,𒋼 𒆷 𒀝 𒉌,False,0
1177,UntN TZ 35,u,,,,,,UntN_TZ_35_00001,u2,u2,𒌑,False,0
1178,UntN TZ 35,Untash-Napirisha,,,,,,UntN_TZ_35_00002,m un taš dingir gal,(m)un-taš-dingir-gal,𒁹 𒌦 𒌨 𒀭 𒃲,False,0
1179,UntN TZ 35,šak,,,,,,UntN_TZ_35_00003,ša ak,ša-ak,𒊭 𒀝,False,0
1180,UntN TZ 35,Humban-umena,1sg.an,,,,,UntN_TZ_35_00004,d hu ban um me na ki,(d)hu-ban-[um]-me-na-ki,𒀭 𒄷 𒉼 𒌝 𒈨 𒈾 𒆠,False,0
1181,UntN TZ 35,sunki,1sg.an,,,,,UntN_TZ_35_00005,su un ki ik,su-un-ki-ik,𒋢 𒌦 𒆠 𒅅,False,0
1182,UntN TZ 35,Anshan,,,,,,UntN_TZ_35_00006,an za an,an-za-an,𒀭 𒍝 𒀭,False,0
1183,UntN TZ 35,Susa,1sg.an,,,,,UntN_TZ_35_00007,šu šu un ka,šu-šu-un-ka,𒋗 𒋗 𒌦 𒅗,False,0
1184,UntN TZ 35,tak.me,,,,3sg.inan1,,UntN_TZ_35_00008,ta ak me,ta-ak-me,𒋫 𒀝 𒈨,False,0
1185,UntN TZ 35,u,3sg.inan1,,,,,UntN_TZ_35_00009,u2 me,u2-me,𒌑 𒈨,False,0
1186,UntN TZ 35,tur,,,,,,UntN_TZ_35_00010,tu4 ur,tu4-[ur],𒌈 𒌨,False,0
1187,UntN TZ 35,hih,,,,,,UntN_TZ_35_00011,hi ih,hi-ih,𒄭 𒄴,False,0
1188,UntN TZ 35,sit.me,,,,3sg.inan1,,UntN_TZ_35_00012,si it me,si-it-me,𒋛 𒀉 𒈨,False,0
1189,UntN TZ 35,u,3sg.inan1,,,,,UntN_TZ_35_00013,u2 me,u2-me,𒌑 𒈨,False,0
1190,UntN TZ 35,šullume-,III,1sg.an,,,,UntN_TZ_35_00014,šu ul lu me en ga,šu-ul-lu-me-en-ga,𒋗 𒌌 𒇻 𒈨 𒂗 𒂵,False,0
1191,UntN TZ 35,azkit,,,,,,UntN_TZ_35_00015,az ki it,az-ki-it,𒊍 𒆠 𒀉,False,0
1192,UntN TZ 35,tur,,,,,,UntN_TZ_35_00016,tu4 ur,tu4-ur,𒌈 𒌨,False,0
1193,UntN TZ 35,sah,3sg.an,,,,,UntN_TZ_35_00017,sah ri,sah-ri,𒆤 𒊑,False,0
1194,UntN TZ 35,hušu,adj,,,,,UntN_TZ_35_00018,hu šu ia,hu-šu-ia,𒄷 𒋗 𒅀,False,0
1195,UntN TZ 35,in-,1sg.an,,,,,UntN_TZ_35_00019,in gi,in-gi,𒅔 𒄀,False,0
1196,UntN TZ 35,hi-,III,1sg.an,,,,UntN_TZ_35_00020,hi en ga,hi-en-ga,𒄭 𒂗 𒂵,False,0
1197,UntN TZ 35,in.tika,,,,,,UntN_TZ_35_00021,in di ik ka,in-di-ik-ka,𒅔 𒁲 𒅅 𒅗,False,0
1198,UntN TZ 35,ak,,,,,,UntN_TZ_35_00022,a gi,a-gi,𒀀 𒄀,False,0
1199,UntN TZ 35,sian,,,,,,UntN_TZ_35_00023,si a an,si-a-an,𒋛 𒀀 𒀭,False,0
1200,UntN TZ 35,upat,,,,,,UntN_TZ_35_00024,u2 pa at,u2-pa-at,𒌑 𒉺 𒀜,False,0
1201,UntN TZ 35,husi,3pl.an,3sg.inan1,,,,UntN_TZ_35_00025,hu us si ip me,hu-us-si-ip-me,𒄷 𒊻 𒋛 𒅁 𒈨,False,0
1202,UntN TZ 35,kuši-,1sg.vb,,,,,UntN_TZ_35_00026,ku ši ih,ku-ši-ih,𒆪 𒅆 𒄴,False,0
1203,UntN TZ 35,Manzat,,,,,,UntN_TZ_35_00027,d ma an za at,(d)ma-an-za-at,𒀭 𒈠 𒀭 𒍝 𒀜,False,0
1204,UntN TZ 35,Sian.kuk,3sg.an,,,,,UntN_TZ_35_00028,si a an ku uk ra,si-a-an-ku-uk-ra,𒋛 𒀀 𒀭 𒆪 𒊌 𒊏,False,0
1205,UntN TZ 35,i,3sg.inan2,,,,,UntN_TZ_35_00029,in,in,𒅔,False,0
1206,UntN TZ 35,tuni-,1sg.vb,,,,,UntN_TZ_35_00030,tu4 ni ih,tu4-ni-ih,𒌈 𒉌 𒄴,False,0
1208,UntN TZ 35,i,3sg.an,,,,,UntN_TZ_35_00032,ir,ir,𒅕,False,0
1209,UntN TZ 35,aha,3sg.an,,,,,UntN_TZ_35_00033,a ha ar,a-ha-ar,𒀀 𒄩 𒅈,False,0
1210,UntN TZ 35,,,,,,,UntN_TZ_35_00034,hi …,hi?-[…],𒄭 …,False,0
1211,UntN TZ 35,hutak.halik,,,,,,UntN_TZ_35_00035,h u ut tak h a li ik,h[u-ut-tak-h]a-li-ik,𒄷 𒌓 𒋳 𒄩 𒇷 𒅅,False,0
1212,UntN TZ 35,u,3sg.inan1,,,,,UntN_TZ_35_00036,u2 me,u2-me,𒌑 𒈨,False,0
1213,UntN TZ 35,Manzat,,,,,,UntN_TZ_35_00037,d ma an za at,(d)ma-an-za-at,𒀭 𒈠 𒀭 𒍝 𒀜,False,0
1214,UntN TZ 35,lina,,,,,,UntN_TZ_35_00038,ul li na,ul-li-na,𒌌 𒇷 𒈾,False,0
1215,UntN TZ 35,tela-,II,opt2,,,,UntN_TZ_35_00039,te la ak ni,te-la-ak-ni,𒋼 𒆷 𒀝 𒉌,False,0
1216,UntN TZ 36,u,,,,,,UntN_TZ_36_00001,u3,u3,𒅇,False,0
1217,UntN TZ 36,Untash-Napirisha,,,,,,UntN_TZ_36_00002,m un taš dingir gal,(m)un-taš-dingir-gal,𒁹 𒌦 𒌨 𒀭 𒃲,False,0
1218,UntN TZ 36,šak,,,,,,UntN_TZ_36_00003,ša ak,ša-ak,𒊭 𒀝,False,0
1219,UntN TZ 36,Humban-umena,1sg.an,,,,,UntN_TZ_36_00004,d hu ban nu me na ki,(d)hu-ban-nu-me-na-ki,𒀭 𒄷 𒉼 𒉡 𒈨 𒈾 𒆠,False,0
1220,UntN TZ 36,sunki,1sg.an,,,,,UntN_TZ_36_00005,su un ki ik,su-un-ki-ik,𒋢 𒌦 𒆠 𒅅,False,0
1221,UntN TZ 36,Anzan,,,,,,UntN_TZ_36_00006,an za an,an-za-an,𒀭 𒍝 𒀭,False,0
1222,UntN TZ 36,Susa,1sg.an,,,,,UntN_TZ_36_00007,šu šu un ka,šu-šu-un-ka,𒋗 𒋗 𒌦 𒅗,False,0
1223,UntN TZ 36,sian,,,,,,UntN_TZ_36_00008,si ia an,si-ia-an,𒋛 𒅀 𒀭,False,0
1224,UntN TZ 36,kuši-,1sg.vb,,,,,UntN_TZ_36_00009,ku ši ih,ku-ši-ih,𒆪 𒅆 𒄴,False,0
1225,UntN TZ 36,Shiashum,,,,,,UntN_TZ_36_00010,d ši ia šu um,(d)ši-ia-šu-um,𒀭 𒅆 𒅀 𒋗 𒌝,False,0
1226,UntN TZ 36,Sian.kuk,3sg.an,,,,,UntN_TZ_36_00011,si ia an ku uk ra,si-ia-an-ku-uk-ra,𒋛 𒅀 𒀭 𒆪 𒊌 𒊏,False,0
1227,UntN TZ 36,i,3sg.inan2,,,,,UntN_TZ_36_00012,in,in,𒅔,False,0
1228,UntN TZ 36,tuni-,1sg.vb,,,,,UntN_TZ_36_00013,du ni ih,du-ni-ih,𒁺 𒉌 𒄴,False,0
1229,UntN TZ 36,hutak.halik,,,,,,UntN_TZ_36_00014,hu ut tak ha li ik,hu-ut-tak-ha-li-ik,𒄷 𒌓 𒋳 𒄩 𒇷 𒅅,False,0
1230,UntN TZ 36,u,3sg.inan1,,,,,UntN_TZ_36_00015,u2 me,u2-me,𒌑 𒈨,False,0
1231,UntN TZ 36,Shiashum,,,,,,UntN_TZ_36_00016,d ši ia šu um,(d)ši-ia-šu-um,𒀭 𒅆 𒅀 𒋗 𒌝,False,0
1232,UntN TZ 36,Sian.kuk,3sg.an,,,,,UntN_TZ_36_00017,si ia an ku uk ra,si-ia-an-ku-uk-ra,𒋛 𒅀 𒀭 𒆪 𒊌 𒊏,False,0
1233,UntN TZ 36,lina,,,,,,UntN_TZ_36_00018,ul li na,ul-li-na,𒌌 𒇷 𒈾,False,0
1234,UntN TZ 36,tela-,II,opt2,,,,UntN_TZ_36_00019,te la ak ni,te-la-ak-ni,𒋼 𒆷 𒀝 𒉌,False,0
1235,UntN TZ 37,u,,,,,,UntN_TZ_37_00001,u2,u2,𒌑,False,0
1236,UntN TZ 37,Untash-Napirisha,,,,,,UntN_TZ_37_00002,m un taš dingir gal,(m)un-taš-dingir-gal,𒁹 𒌦 𒌨 𒀭 𒃲,False,0
1237,UntN TZ 37,sian,,,,,,UntN_TZ_37_00003,si ia an,si-ia-an,𒋛 𒅀 𒀭,False,0
1238,UntN TZ 37,Damusi,,,,,,UntN_TZ_37_00004,d da mu si,(d)da-mu-si,𒀭 𒁕 𒈬 𒋛,False,0
1239,UntN TZ 37,ak,,,,,,UntN_TZ_37_00005,a ak,a-ak,𒀀 𒀝,False,0
1240,UntN TZ 37,Belili,3sg.inan1,,,,,UntN_TZ_37_00006,d be li li me,(d)be-li-li-me,𒀭 𒁁 𒇷 𒇷 𒈨,False,0
1241,UntN TZ 37,kuši-,1sg.vb,,,,,UntN_TZ_37_00007,ku ši ih,ku-ši-ih,𒆪 𒅆 𒄴,False,0
1242,UntN TZ 37,ap,acc,,,,,UntN_TZ_37_00008,a pu un,a-pu-un,𒀀 𒁍 𒌦,False,0
1243,UntN TZ 37,šari-,,,,,,UntN_TZ_37_00009,ša ri ih,ša-ri-ih,𒊭 𒊑 𒄴,False,0
1244,UntN TZ 37,ap,acc,,,,,UntN_TZ_37_00010,a pu un,a-pu-un,𒀀 𒁍 𒌦,False,0
1245,UntN TZ 37,aha,3sg.inan2,,,,,UntN_TZ_37_00011,a ha an,a-ha-an,𒀀 𒄩 𒀭,False,0
1246,UntN TZ 37,murta-,1sg.vb,,,,,UntN_TZ_37_00012,mu ur ta ah,mu-ur-ta-ah,𒈬 𒌨 𒋫 𒄴,False,0
1247,UntN TZ 37,hupe,,,,,,UntN_TZ_37_00013,hu pi e,hu-pi-e,𒄷 𒉿 𒂊,False,0
1248,UntN TZ 37,ap,3sg.inan1,,,,,UntN_TZ_37_00014,a pi me,a-pi-me,𒀀 𒉿 𒈨,False,0
1249,UntN TZ 37,pepši-,adj,,,,,UntN_TZ_37_00015,pi ip ši ia,pi-ip-ši-ia,𒉿 𒅁 𒅆 𒅀,False,0
1250,UntN TZ 37,tata-,1sg.vb,,,,,UntN_TZ_37_00016,ta at ta ah,ta-at-ta-ah,𒋫 𒀜 𒋫 𒄴,False,0
1251,UntN TZ 37,hutak.halik,,,,,,UntN_TZ_37_00017,hu ut ta ak ha li ik,hu-ut-ta-ak-ha-li-ik,𒄷 𒌓 𒋫 𒀝 𒄩 𒇷 𒅅,False,0
1252,UntN TZ 37,u,3sg.inan1,,,,,UntN_TZ_37_00018,u2 me,u2-me,𒌑 𒈨,False,0
1253,UntN TZ 37,"lina, ap",acc,,,,,UntN_TZ_37_00019,li na pu un,li-na-pu-un,𒇷 𒈾 𒁍 𒌦,False,0
1254,UntN TZ 37,tela-,II,opt2,,,,UntN_TZ_37_00020,te la ak ni,te-la-ak-ni,𒋼 𒆷 𒀝 𒉌,False,0
1255,UntN TZ 38,u,,,,,,UntN_TZ_38_00001,u2,[u2,𒌑,False,0
1256,UntN TZ 38,Untash-Napirisha,,,,,,UntN_TZ_38_00002,m un taš dingir gal,(m)un-taš-dingir-gal,𒁹 𒌦 𒌨 𒀭 𒃲,False,0
1257,UntN TZ 38,šak,,,,,,UntN_TZ_38_00003,ša ak,ša-ak,𒊭 𒀝,False,0
1258,UntN TZ 38,Humban-umena,1sg.an,,,,,UntN_TZ_38_00004,m d hu um ban nu me na gi,(md)hu-um-ban-nu-me]-na-gi,𒁹 𒀭 𒄷 𒌝 𒉼 𒉡 𒈨 𒈾 𒄀,False,0
1259,UntN TZ 38,sunki,1sg.an,,,,,UntN_TZ_38_00005,zu un ki ik,zu-un-ki-ik,𒍪 𒌦 𒆠 𒅅,False,0
1260,UntN TZ 38,Anshan,,,,,,UntN_TZ_38_00006,an za an,an-za-an,𒀭 𒍝 𒀭,False,0
1261,UntN TZ 38,Susa,1sg.an,,,,,UntN_TZ_38_00007,šu šu un ka,[šu-šu-un-ka,𒋗 𒋗 𒌦 𒅗,False,0
1262,UntN TZ 38,sian,,,,,,UntN_TZ_38_00008,si ia an,si-ia-an,𒋛 𒅀 𒀭,False,0
1263,UntN TZ 38,upat,,,,,,UntN_TZ_38_00009,u2 pa at,u2-pa-at],𒌑 𒉺 𒀜,False,0
1264,UntN TZ 38,husi,3pl.an,3sg.inan1,,,,UntN_TZ_38_00010,hu us si ip me,hu-us-si-ip-me,𒄷 𒊻 𒋛 𒅁 𒈨,False,0
1265,UntN TZ 38,kuši-,1sg.vb,,,,,UntN_TZ_38_00011,ku ši ih,ku-ši-ih,𒆪 𒅆 𒄴,False,0
1266,UntN TZ 38,Kilah.Shupir,,,,,,UntN_TZ_38_00012,d ki la ah šu pi ir,(d)ki-la-ah-šu-pi-ir,𒀭 𒆠 𒆷 𒄴 𒋗 𒉿 𒅕,False,0
1267,UntN TZ 38,lumu-,III,3sg.an,,,,UntN_TZ_38_00013,li mi in ra,[li-mi-in-ra,𒇷 𒈪 𒅔 𒊏,False,0
1268,UntN TZ 38,tuni-,1sg.an,,,,,UntN_TZ_38_00014,du ni ih,du-ni-ih,𒁺 𒉌 𒄴,False,0
1269,UntN TZ 38,hutak.halik,,,,,,UntN_TZ_38_00015,hu ut2 tak ha li ik,hu-ut2-tak-ha-li]-ik,𒄷 𒀾 𒋳 𒄩 𒇷 𒅅,False,0
1270,UntN TZ 38,u,3sg.inan1,,,,,UntN_TZ_38_00016,u2 me,u2-me,𒌑 𒈨,False,0
1271,UntN TZ 38,Kilah.Shupir,,,,,,UntN_TZ_38_00017,d ki la ah šu pi ir,(d)ki-la-ah-šu-pi-ir,𒀭 𒆠 𒆷 𒄴 𒋗 𒉿 𒅕,False,0
1272,UntN TZ 38,Sian.kuk,3sg.an,,,,,UntN_TZ_38_00018,si ia an ku uk ra,si-ia-an-[ku-uk-ra,𒋛 𒅀 𒀭 𒆪 𒊌 𒊏,False,0
1273,UntN TZ 38,lina,,,,,,UntN_TZ_38_00019,li na,li-na,𒇷 𒈾,False,0
1274,UntN TZ 38,tela-,II,opt2,,,,UntN_TZ_38_00020,te la ak ni,te-la-ak-ni,𒋼 𒆷 𒀝 𒉌,False,0
1275,UntN TZ 38,pel,,,,,,UntN_TZ_38_00021,pi el,pi-el],𒉿 𒂖,False,0
1276,UntN TZ 38,kiti.n,postp.loc,,,3sg.inan2,,UntN_TZ_38_00022,ki it ti im ma,ki-it-ti-im-ma,𒆠 𒀉 𒋾 𒅎 𒈠,False,0
1277,UntN TZ 38,,,,,,,UntN_TZ_38_00023,na a,na-a,𒈾 𒀀,False,0
1278,UntN TZ 38,meluk,3sg.an,,,,,UntN_TZ_38_00024,me lu uk ra,me-lu-uk-ra,𒈨 𒇻 𒊌 𒊏,False,0
1279,UntN TZ 38,ak,,,,,,UntN_TZ_38_00025,a ak,[a-ak,𒀀 𒀝,False,0
1280,UntN TZ 38,sunki.me,,,,3sg.inan1,,UntN_TZ_38_00026,zu un ki me,zu-un-ki-me,𒍪 𒌦 𒆠 𒈨,False,0
1281,UntN TZ 38,tur,,,,,,UntN_TZ_38_00027,tu4 ur,tu4-ur,𒌈 𒌨,False,0
1282,UntN TZ 38,hih,,,,,,UntN_TZ_38_00028,hi ih,hi-ih,𒄭 𒄴,False,0
1283,UntN TZ 38,sit.me,,,,3sg.inan1,,UntN_TZ_38_00029,si it tim,si]-it-tim,𒋛 𒀉 𒁴,False,0
1284,UntN TZ 38,giri,postp.gen2,,,,,UntN_TZ_38_00030,gi ri ni,gi-ri-ni,𒄀 𒊑 𒉌,False,0
1285,UntN TZ 38,i,3sg.inan1,,,,,UntN_TZ_38_00031,in,in,𒅔,False,0
1286,UntN TZ 38,hi-,1sg.vb,opt2,,,,UntN_TZ_38_00032,hi ih ni,hi-ih-ni,𒄭 𒄴 𒉌,False,0
1287,UntN TZ 39,u,,,,,,UntN_TZ_39_00001,u2,u2,𒌑,False,0
1288,UntN TZ 39,Untash-Napirisha,,,,,,UntN_TZ_39_00002,m un t aš dingir gal,(m)un-t[aš]-dingir-gal,𒁹 𒌦 𒌨 𒀭 𒃲,False,0
1289,UntN TZ 39,šak,,,,,,UntN_TZ_39_00003,ša ak,ša-ak,𒊭 𒀝,False,0
1290,UntN TZ 39,,,,,,,UntN_TZ_39_00004,…,[…],…,False,0
1291,UntN TZ 39,sunki,1sg.an,,,,,UntN_TZ_39_00005,su un ki i k,su-un-ki-i[k],𒋢 𒌦 𒆠 𒅅,False,0
1292,UntN TZ 39,Anshan,,,,,,UntN_TZ_39_00006,an za an,an-za-an,𒀭 𒍝 𒀭,False,0
1293,UntN TZ 39,Susa,1sg.an,,,,,UntN_TZ_39_00007,š u šu un ka,š[u-šu-un-ka,𒋗 𒋗 𒌦 𒅗,False,0
1294,UntN TZ 39,,,,,,,UntN_TZ_39_00008,…,[…],…,False,0
1295,UntN TZ 39,likri.n,,,,3sg.inan2,,UntN_TZ_39_00009,li ki ri en,li?-ki?-ri?-en?,𒇷 𒆠 𒊑 𒂗,False,0
1296,UntN TZ 39,kuši-,1sg.vb,,,,,UntN_TZ_39_00010,ku ši ih,ku-ši-ih,𒆪 𒅆 𒄴,False,0
1297,UntN TZ 39,,,,,,,UntN_TZ_39_00011,d …,(d)[…],𒀭 …,False,0
1298,UntN TZ 39,hutak.halik,,,,,,UntN_TZ_39_00012,h a li ik,[h]a-li-ik,𒄩 𒇷 𒅅,False,0
1299,UntN TZ 39,u,3sg.inan1,,,,,UntN_TZ_39_00013,u2 me,u2-me,𒌑 𒈨,False,0
1300,UntN TZ 39,e,,,,,,UntN_TZ_39_00014,e,e,𒂊,False,0
1301,UntN TZ 39,,,,,,,UntN_TZ_39_00015,d …,(d)[…,𒀭 …,False,0
1302,UntN TZ 39,,,,,,,UntN_TZ_39_00016,,],,False,0
1303,UntN TZ 40,u,,,,,,UntN_TZ_40_00001,u2,u2,𒌑,False,0
1304,UntN TZ 40,Untash-Napirisha,,,,,,UntN_TZ_40_00002,m un taš dingir gal,(m)un-taš-dingir-gal,𒁹 𒌦 𒌨 𒀭 𒃲,False,0
1305,UntN TZ 40,šak,,,,,,UntN_TZ_40_00003,ša ak,ša-ak,𒊭 𒀝,False,0
1306,UntN TZ 40,Humban-umena,1sg.an,,,,,UntN_TZ_40_00004,m d hu um ban nu me en na ki,(md)hu-um-ban-nu-me-en-na-ki,𒁹 𒀭 𒄷 𒌝 𒉼 𒉡 𒈨 𒂗 𒈾 𒆠,False,0
1307,UntN TZ 40,sunki,1sg.an,,,,,UntN_TZ_40_00005,su un ki ik,su-un-ki-ik,𒋢 𒌦 𒆠 𒅅,False,0
1308,UntN TZ 40,Anshan,,,,,,UntN_TZ_40_00006,an za an,an-za-an,𒀭 𒍝 𒀭,False,0
1309,UntN TZ 40,Susa,1sg.an,,,,,UntN_TZ_40_00007,šu šu un ka,šu-šu-un-ka,𒋗 𒋗 𒌦 𒅗,False,0
1310,UntN TZ 40,kizum,,,,,,UntN_TZ_40_00008,ki iz zu um,ki?-iz?-zu-um,𒆠 𒄑 𒍪 𒌝,False,0
1311,UntN TZ 40,muši,adj,,,,,UntN_TZ_40_00009,mu ši a,mu-ši-a,𒈬 𒅆 𒀀,False,0
1312,UntN TZ 40,apa,,,,,,UntN_TZ_40_00010,ap pa,ap-pa,𒀊 𒉺,False,0
1313,UntN TZ 40,sunki,3pl.an,,,,,UntN_TZ_40_00011,su un ki ip,su-un-ki-ip,𒋢 𒌦 𒆠 𒅁,False,0
1314,UntN TZ 40,urpu,3pl.an,,,,,UntN_TZ_40_00012,u2 ri pu up,u2-ri-[pu]-up,𒌑 𒊑 𒁍 𒌒,False,0
1315,UntN TZ 40,in-,3sg.inan1,,,,,UntN_TZ_40_00013,um me,um-me,𒌝 𒈨,False,0
1316,UntN TZ 40,huhua-,3pl.vb,,,,,UntN_TZ_40_00014,hu uh tah ša,hu-uh-tah-ša,𒄷 𒄴 𒈭 𒊭,False,0
1317,UntN TZ 40,u,,,,,,UntN_TZ_40_00015,u2,u2,𒌑,False,0
1318,UntN TZ 40,huhta-,1sg.vb,,,,,UntN_TZ_40_00016,hu uh tah,hu-uh-tah,𒄷 𒄴 𒈭,False,0
1319,UntN TZ 40,hali-,1sg.vb,,,,,UntN_TZ_40_00017,ha li ih,ha-li-ih,𒄩 𒇷 𒄴,False,0
1320,UntN TZ 40,Sian.kuk,,,,,,UntN_TZ_40_00018,si a an ku uk,si-a-an-ku-uk,𒋛 𒀀 𒀭 𒆪 𒊌,False,0
1321,UntN TZ 40,rimum,,,,,,UntN_TZ_40_00019,ri mu um,[ri?]-mu-um,𒊑 𒈬 𒌝,False,0
1322,UntN TZ 40,lamli,3sg.poss,postp.loc,,,,UntN_TZ_40_00020,la am li e ma,la-am-li-e-ma,𒆷 𒄠 𒇷 𒂊 𒈠,False,0
1323,UntN TZ 40,zuz.kata-,1sg.vb,,,,,UntN_TZ_40_00021,zu uz ka tah,zu-uz-ka-tah,𒍪 𒊻 𒅗 𒈭,False,0
1324,UntN TZ 40,Inshushinak,,,,,,UntN_TZ_40_00022,d in šu uš na ak,(d)in-šu-uš-na-ak,𒀭 𒅔 𒋗 𒍑 𒈾 𒀝,False,0
1325,UntN TZ 40,tempti,,,,,,UntN_TZ_40_00023,te ip ti,te-ip-ti,𒋼 𒅁 𒋾,False,0
1326,UntN TZ 40,Sian.kuk,,,,,,UntN_TZ_40_00024,si a ku uk,si-a-ku-uk,𒋛 𒀀 𒆪 𒊌,False,0
1327,UntN TZ 40,laha-,II,3sg.an,,,,UntN_TZ_40_00025,la ha ak ir ra,la-ha-ak-ir-ra,𒆷 𒄩 𒀝 𒅕 𒊏,False,0
1328,UntN TZ 40,u,,,,,,UntN_TZ_40_00026,u2,u2,𒌑,False,0
1329,UntN TZ 40,tuni-,1sg.vb,,,,,UntN_TZ_40_00027,tu4 ni ih,tu4-ni-ih,𒌈 𒉌 𒄴,False,0
1330,UntN TZ 40,tak.me,,,,3sg.inan1,,UntN_TZ_40_00028,ta ak me,ta-ak-[me],𒋫 𒀝 𒈨,False,0
1331,UntN TZ 40,u,3sg.inan1,,,,,UntN_TZ_40_00029,u2 me,u2-me,𒌑 𒈨,False,0
1332,UntN TZ 40,tur,,,,,,UntN_TZ_40_00030,tu4 ur,tu4-ur,𒌈 𒌨,False,0
1333,UntN TZ 40,hih,,,,,,UntN_TZ_40_00031,hi ih,hi-ih,𒄭 𒄴,False,0
1334,UntN TZ 40,sit.me,,,,3sg.inan1,,UntN_TZ_40_00032,si it me,si-it-me,𒋛 𒀉 𒈨,False,0
1335,UntN TZ 40,u,3sg.inan1,,,,,UntN_TZ_40_00033,u2 me,u2-me,𒌑 𒈨,False,0
1336,UntN TZ 40,šullume-,III,1sg.an,,,,UntN_TZ_40_00034,šu lu me en ga,[šu]-lu-me-en-[ga],𒋗 𒇻 𒈨 𒂗 𒂵,False,0
1337,UntN TZ 40,azkit,,,,,,UntN_TZ_40_00035,az ki it,az-ki-it,𒊍 𒆠 𒀉,False,0
1338,UntN TZ 40,tur,,,,,,UntN_TZ_40_00036,tu4 ur,tu4-ur,𒌈 𒌨,False,0
1339,UntN TZ 40,sah,3sg.an,,,,,UntN_TZ_40_00037,sa ah ri,sa-ah-ri,𒊓 𒄴 𒊑,False,0
1340,UntN TZ 40,hušu,adj,,,,,UntN_TZ_40_00038,hu šu ia,hu-šu-ia,𒄷 𒋗 𒅀,False,0
1341,UntN TZ 40,in-,1sg.an,,,,,UntN_TZ_40_00039,in gi,in-gi,𒅔 𒄀,False,0
1342,UntN TZ 40,hi-,III,1sg.an,,,,UntN_TZ_40_00040,hi en ka,hi-en-ka,𒄭 𒂗 𒅗,False,0
1343,UntN TZ 40,in.tika,,,,,,UntN_TZ_40_00041,in ti ig ga,in-ti-ig-ga,𒅔 𒋾 𒅅 𒂵,False,0
1344,UntN TZ 40,ak,,,,,,UntN_TZ_40_00042,a gi,[a-gi],𒀀 𒄀,False,0
1345,UntN TZ 40,huta-,1sg.vb,,,,,UntN_TZ_40_00043,hu ut tah,hu-[ut-tah],𒄷 𒌓 𒈭,False,0
1346,UntN TZ 40,hali-,1sg.vb,,,,,UntN_TZ_40_00044,ha li ih,ha-li-ih,𒄩 𒇷 𒄴,False,0
1347,UntN TZ 40,Inshushinak,,,,,,UntN_TZ_40_00045,d in šu uš na ak,(d)in-šu-uš-na-ak,𒀭 𒅔 𒋗 𒍑 𒈾 𒀝,False,0
1348,UntN TZ 40,tempti,,,,,,UntN_TZ_40_00046,te ip ti,te-ip-ti,𒋼 𒅁 𒋾,False,0
1349,UntN TZ 40,Sian.kuk,,,,,,UntN_TZ_40_00047,si ia an ku uk,si-ia-an-ku-uk,𒋛 𒅀 𒀭 𒆪 𒊌,False,0
1350,UntN TZ 40,laha-,II,3sg.an,,,,UntN_TZ_40_00048,la ha ak ir ra,la-ha-ak-ir-ra,𒆷 𒄩 𒀝 𒅕 𒊏,False,0
1351,UntN TZ 40,u,,,,,,UntN_TZ_40_00049,u2,[u2],𒌑,False,0
1352,UntN TZ 40,tuni-,1sg.vb,,,,,UntN_TZ_40_00050,tu4 ni ih,tu4-ni-ih,𒌈 𒉌 𒄴,False,0
1353,UntN TZ 40,hutak.halik,,,,II,,UntN_TZ_40_00051,hu ut tak ha li ik,hu-ut-tak-ha-li-ik,𒄷 𒌓 𒋳 𒄩 𒇷 𒅅,False,0
1354,UntN TZ 40,u,3sg.inan1,,,,,UntN_TZ_40_00052,u2 me,u2-me,𒌑 𒈨,False,0
1355,UntN TZ 40,Inshushinak,,,,,,UntN_TZ_40_00053,d in šu uš na ak,(d)in-šu-uš-na-ak,𒀭 𒅔 𒋗 𒍑 𒈾 𒀝,False,0
1356,UntN TZ 40,tempti,,,,,,UntN_TZ_40_00054,te ip ti,te-ip-ti,𒋼 𒅁 𒋾,False,0
1357,UntN TZ 40,Sian.kuk,,,,,,UntN_TZ_40_00055,si ia an ku uk,[si]-ia-an-ku-uk,𒋛 𒅀 𒀭 𒆪 𒊌,False,0
1358,UntN TZ 40,laha-,II,3sg.an,,,,UntN_TZ_40_00056,la ha ak ir ra,la-ha-ak-ir-ra,𒆷 𒄩 𒀝 𒅕 𒊏,False,0
1359,UntN TZ 40,u,,,,,,UntN_TZ_40_00057,u2,u2,𒌑,False,0
1360,UntN TZ 40,lina,,,,,,UntN_TZ_40_00058,li na,li-na,𒇷 𒈾,False,0
1361,UntN TZ 40,tela-,II,opt3,,,,UntN_TZ_40_00059,te la ak li,te-la-ak-li,𒋼 𒆷 𒀝 𒇷,False,0
1362,UntN TZ 41,,,,,,,UntN_TZ_41_00001,… a,[…]-a,… 𒀀,False,0
1363,UntN TZ 41,sunki,3pl.an,,,,,UntN_TZ_41_00002,zu u n ki ip,zu-u[n-ki-ip],𒍪 𒌦 𒆠 𒅁,False,0
1364,UntN TZ 41,urpu,3pl.an,,,,,UntN_TZ_41_00003,u2 r i pu up,[u2-r]i-pu-up,𒌑 𒊑 𒁍 𒌒,False,0
1365,UntN TZ 41,in-,3sg.inan1,,,,,UntN_TZ_41_00004,um me,um-me,𒌝 𒈨,False,0
1366,UntN TZ 41,huhta-,3pl.vb,,,,,UntN_TZ_41_00005,hu uh tah ša,hu-uh-[tah-ša],𒄷 𒄴 𒈭 𒊭,False,0
1367,UntN TZ 41,u,,,,,,UntN_TZ_41_00006,u2,[u2,𒌑,False,0
1368,UntN TZ 41,huhta-,1sg.vb,,,,,UntN_TZ_41_00007,hu uh tah,hu]-uh-tah,𒄷 𒄴 𒈭,False,0
1369,UntN TZ 41,hali-,1sg.vb,,,,,UntN_TZ_41_00008,ha li ih,ha-li-[ih,𒄩 𒇷 𒄴,False,0
1370,UntN TZ 41,Sian.kuk,,,,,,UntN_TZ_41_00009,si a an ku uk,si-a-an-ku-uk],𒋛 𒀀 𒀭 𒆪 𒊌,False,0
1371,UntN TZ 41,rimum,,,,,,UntN_TZ_41_00010,ri im mu u m,[ri?-im?]-mu-u[m,𒊑 𒅎 𒈬 𒌝,False,0
1372,UntN TZ 41,lamli,3sg.poss,postp.loc,,,,UntN_TZ_41_00011,la am li e ma,la-am]-li-[e-ma,𒆷 𒄠 𒇷 𒂊 𒈠,False,0
1373,UntN TZ 41,zuz.kata-,1sg.vb,,,,,UntN_TZ_41_00012,su us ka ta h,su-us-ka-ta]h,𒋢 𒊻 𒅗 𒈭,False,0
1374,UntN TZ 41,Inshushinak,,,,,,UntN_TZ_41_00013,d in šu uš na ak,(d)in-šu-[uš]-na-ak,𒀭 𒅔 𒋗 𒍑 𒈾 𒀝,False,0
1375,UntN TZ 41,tempti,,,,,,UntN_TZ_41_00014,te ip ti,te-ip-[ti],𒋼 𒅁 𒋾,False,0
1376,UntN TZ 41,Sian.kuk,,,,,,UntN_TZ_41_00015,si ia an ku uk,si-ia-an-ku-[uk],𒋛 𒅀 𒀭 𒆪 𒊌,False,0
1377,UntN TZ 41,laha-,II,3sg.an,,,,UntN_TZ_41_00016,la ha ak ir ra,la-[ha]-ak-[ir]-ra,𒆷 𒄩 𒀝 𒅕 𒊏,False,0
1378,UntN TZ 41,tuni-,1sg.vb,,,,,UntN_TZ_41_00017,tu4 ni ih,tu4-ni-ih,𒌈 𒉌 𒄴,False,0
1379,UntN TZ 41,tak.me,,,,3sg.inan1,,UntN_TZ_41_00018,ta ak me,ta-[ak]-me,𒋫 𒀝 𒈨,False,0
1380,UntN TZ 41,u,3sg.inan1,,,,,UntN_TZ_41_00019,u2 me,u2-me,𒌑 𒈨,False,0
1381,UntN TZ 41,tur,,,,,,UntN_TZ_41_00020,tu4 ur,tu4-[ur],𒌈 𒌨,False,0
1382,UntN TZ 41,hih,,,,,,UntN_TZ_41_00021,hi ih,[hi-ih,𒄭 𒄴,False,0
1383,UntN TZ 41,sit.me,,,,3sg.inan1,,UntN_TZ_41_00022,si it me,si-it-me],𒋛 𒀉 𒈨,False,0
1384,UntN TZ 41,u,3sg.inan1,,,,,UntN_TZ_41_00023,u2 me,u2-[me,𒌑 𒈨,False,0
1385,UntN TZ 41,in.tika,,,,,,UntN_TZ_41_00024,in ti ig ga,in]-ti-ig-[ga],𒅔 𒋾 𒅅 𒂵,False,0
1386,UntN TZ 41,ak,,,,,,UntN_TZ_41_00025,a gi,a-gi,𒀀 𒄀,False,0
1387,UntN TZ 41,azkit,,,,,,UntN_TZ_41_00026,az ki it,[az-ki-it,𒊍 𒆠 𒀉,False,0
1388,UntN TZ 41,tur,,,,,,UntN_TZ_41_00027,tu4 ur,tu4-ur,𒌈 𒌨,False,0
1389,UntN TZ 41,sah,3sg.an,,,,,UntN_TZ_41_00028,sah ri,sah]-ri,𒆤 𒊑,False,0
1390,UntN TZ 41,hušu,adj,,,,,UntN_TZ_41_00029,hu šu ia,[hu]-šu-ia,𒄷 𒋗 𒅀,False,0
1391,UntN TZ 41,in-,1sg.an,,,,,UntN_TZ_41_00030,in gi,in-gi,𒅔 𒄀,False,0
1392,UntN TZ 41,hi-,III,1sg.an,,,,UntN_TZ_41_00031,hi en g a,hi-[en-g]a,𒄭 𒂗 𒂵,False,0
1393,UntN TZ 41,in.tika,,,,,,UntN_TZ_41_00032,in ti ig ga,in-ti-[ig]-ga,𒅔 𒋾 𒅅 𒂵,False,0
1394,UntN TZ 41,huta-,1sg.vb,,,,,UntN_TZ_41_00033,hu ut2 tah,[hu]-ut2-tah,𒄷 𒀾 𒈭,False,0
1395,UntN TZ 41,hali-,1sg.vb,,,,,UntN_TZ_41_00034,ha li ih,ha-li-ih,𒄩 𒇷 𒄴,False,0
1396,UntN TZ 41,Inshushinak,,,,,,UntN_TZ_41_00035,d in šu uš n a ak,(d)in-šu-uš-n[a-ak],𒀭 𒅔 𒋗 𒍑 𒈾 𒀝,False,0
1397,UntN TZ 41,tempti,,,,,,UntN_TZ_41_00036,t e ip ti,[t]e-ip-ti,𒋼 𒅁 𒋾,False,0
1398,UntN TZ 41,Sian.kuk,3sg.an,,,,,UntN_TZ_41_00037,si ia an ku uk ra,si-ia-an-ku-uk-ra,𒋛 𒅀 𒀭 𒆪 𒊌 𒊏,False,0
1399,UntN TZ 41,laha-,II,3sg.an,,,,UntN_TZ_41_00038,la ha ak ir ra,[la-ha-ak-ir-ra],𒆷 𒄩 𒀝 𒅕 𒊏,False,0
1400,UntN TZ 41,u,,,,,,UntN_TZ_41_00039,u2,u2,𒌑,False,0
1401,UntN TZ 41,tuni-,1sg.vb,,,,,UntN_TZ_41_00040,du ni ih,du-ni-[ih,𒁺 𒉌 𒄴,False,0
1402,UntN TZ 41,hutak.halik,,,,,,UntN_TZ_41_00041,hu ut2 tak ha li ik,hu-ut2-tak-ha]-li-[ik,𒄷 𒀾 𒋳 𒄩 𒇷 𒅅,False,0
1403,UntN TZ 41,u,3sg.inan1,,,,,UntN_TZ_41_00042,u2 me,u2-me,𒌑 𒈨,False,0
1404,UntN TZ 41,Napirisha,,,,,,UntN_TZ_41_00043,dingir gal,dingir-gal],𒀭 𒃲,False,0
1405,UntN TZ 41,Inshushinak,,,,,,UntN_TZ_41_00044,d in šu uš n a ak,(d)in-šu-uš-n[a-ak,𒀭 𒅔 𒋗 𒍑 𒈾 𒀝,False,0
1406,UntN TZ 41,tempti,,,,,,UntN_TZ_41_00045,te ip ti,te-ip-ti],𒋼 𒅁 𒋾,False,0
1407,UntN TZ 41,Sian.kuk,,,,,,UntN_TZ_41_00046,si i an ku uk,[si-i-an]-ku-uk,𒋛 𒄿 𒀭 𒆪 𒊌,False,0
1408,UntN TZ 41,laha-,II,3sg.an,,,,UntN_TZ_41_00047,la ha ak ir ra,[la-ha-ak-ir-ra,𒆷 𒄩 𒀝 𒅕 𒊏,False,0
1409,UntN TZ 41,lin,,,,,,UntN_TZ_41_00048,li na,li-na,𒇷 𒈾,False,0
1410,UntN TZ 41,tela-,II,opt3,,,,UntN_TZ_41_00049,t e la ak li,t]e-la-[ak]-li,𒋼 𒆷 𒀝 𒇷,False,0
1411,UntN TZ 42,u,,,,,,UntN_TZ_42_00001,u2,u2,𒌑,False,0
1412,UntN TZ 42,Untash-Napirisha,,,,,,UntN_TZ_42_00002,m un taš dingir gal,(m)un-taš-dingir-gal,𒁹 𒌦 𒌨 𒀭 𒃲,False,0
1413,UntN TZ 42,šak,,,,,,UntN_TZ_42_00003,ša ak,ša-ak,𒊭 𒀝,False,0
1414,UntN TZ 42,Humban-umena,1sg.an,,,,,UntN_TZ_42_00004,m d hu um ban um me en na ki,(md)hu-um-ban-um-me-en-na-ki,𒁹 𒀭 𒄷 𒌝 𒉼 𒌝 𒈨 𒂗 𒈾 𒆠,False,0
1415,UntN TZ 42,sunki,1sg.an,,,,,UntN_TZ_42_00005,su un ki ik,su-un-ki-ik,𒋢 𒌦 𒆠 𒅅,False,0
1416,UntN TZ 42,Anshan,,,,,,UntN_TZ_42_00006,an za an,an-za-an,𒀭 𒍝 𒀭,False,0
1417,UntN TZ 42,Susa,1sg.an,,,,,UntN_TZ_42_00007,šu šu un ka,šu-šu-un-ka,𒋗 𒋗 𒌦 𒅗,False,0
1418,UntN TZ 42,kizum,,,,,,UntN_TZ_42_00008,ki zu um,[ki?]-zu-um,𒆠 𒍪 𒌝,False,0
1419,UntN TZ 42,muši,adj,,,,,UntN_TZ_42_00009,mu ši a,mu-ši-a,𒈬 𒅆 𒀀,False,0
1420,UntN TZ 42,apa,,,,,,UntN_TZ_42_00010,ap pa,ap-pa,𒀊 𒉺,False,0
1421,UntN TZ 42,sunki,3pl.an,,,,,UntN_TZ_42_00011,su un ki ip,su-un-ki-ip,𒋢 𒌦 𒆠 𒅁,False,0
1422,UntN TZ 42,urpu,3pl.an,,,,,UntN_TZ_42_00012,u2 ri pu pi,u2-ri-pu-pi,𒌑 𒊑 𒁍 𒉿,False,0
1423,UntN TZ 42,in-,3sg.inan1,,,,,UntN_TZ_42_00013,um me,um-me,𒌝 𒈨,False,0
1424,UntN TZ 42,huhta-,3pl.vb,,,,,UntN_TZ_42_00014,hu uh tah ša,hu-uh-tah-ša,𒄷 𒄴 𒈭 𒊭,False,0
1425,UntN TZ 42,u,,,,,,UntN_TZ_42_00015,u2,u2,𒌑,False,0
1426,UntN TZ 42,huhta-,1sg.vb,,,,,UntN_TZ_42_00016,hu uh tah,hu-uh-tah,𒄷 𒄴 𒈭,False,0
1427,UntN TZ 42,hali-,1sg.vb,,,,,UntN_TZ_42_00017,ha li ih,ha-li-ih,𒄩 𒇷 𒄴,False,0
1428,UntN TZ 42,Sian.kuk,,,,,,UntN_TZ_42_00018,si a an ku uk,si-a-an-ku-uk,𒋛 𒀀 𒀭 𒆪 𒊌,False,0
1429,UntN TZ 42,rimum,,,,,,UntN_TZ_42_00019,ri im um,ri?-im?-um,𒊑 𒅎 𒌝,False,0
1430,UntN TZ 42,lamli,3sg.poss,postp.loc,,,,UntN_TZ_42_00020,la am li e ma,la-am-li-e-ma,𒆷 𒄠 𒇷 𒂊 𒈠,False,0
1431,UntN TZ 42,zuz.kata-,1sg.an,,,,,UntN_TZ_42_00021,su us ka tah,su-us-ka-tah,𒋢 𒊻 𒅗 𒈭,False,0
1432,UntN TZ 42,Inshushinak,,,,,,UntN_TZ_42_00022,d in šu uš na ak,(d)in-šu-uš-na-ak,𒀭 𒅔 𒋗 𒍑 𒈾 𒀝,False,0
1433,UntN TZ 42,tempti,,,,,,UntN_TZ_42_00023,te ip ti,te-ip-ti,𒋼 𒅁 𒋾,False,0
1434,UntN TZ 42,Sian.kuk,,,,,,UntN_TZ_42_00024,si a ku uk,si-a-ku-uk,𒋛 𒀀 𒆪 𒊌,False,0
1435,UntN TZ 42,laha-,II,3sg.an,,,,UntN_TZ_42_00025,la ha ak ir ra,la-ha-ak-ir-ra,𒆷 𒄩 𒀝 𒅕 𒊏,False,0
1436,UntN TZ 42,i,,,,,,UntN_TZ_42_00026,ia,ia,𒅀,False,0
1437,UntN TZ 42,tuni-,1sg.vb,,,,,UntN_TZ_42_00027,tu4 ni ih,tu4-ni-ih,𒌈 𒉌 𒄴,False,0
1438,UntN TZ 42,tak.me,,,,3sg.inan1,,UntN_TZ_42_00028,ta ak me,ta-ak-me,𒋫 𒀝 𒈨,False,0
1439,UntN TZ 42,u,3sg.inan1,,,,,UntN_TZ_42_00029,u2 me,u2-me,𒌑 𒈨,False,0
1440,UntN TZ 42,tur,,,,,,UntN_TZ_42_00030,tu4 ur,tu4-ur,𒌈 𒌨,False,0
1441,UntN TZ 42,hih,,,,,,UntN_TZ_42_00031,hi ih,[hi]-ih,𒄭 𒄴,False,0
1442,UntN TZ 42,sit.me,,,,3sg.inan1,,UntN_TZ_42_00032,si it me,si-it-me,𒋛 𒀉 𒈨,False,0
1443,UntN TZ 42,u,3sg.inan1,,,,,UntN_TZ_42_00033,u2 me,u2-me,𒌑 𒈨,False,0
1444,UntN TZ 42,šullume-,III,1sg.an,,,,UntN_TZ_42_00034,šu lu me en ka,šu-lu-me-en-[ka],𒋗 𒇻 𒈨 𒂗 𒅗,False,0
1445,UntN TZ 42,azkit,,,,,,UntN_TZ_42_00035,az ki it,az-ki-it,𒊍 𒆠 𒀉,False,0
1446,UntN TZ 42,tur,,,,,,UntN_TZ_42_00036,tu4 ur,tu4-ur,𒌈 𒌨,False,0
1447,UntN TZ 42,sah,3sg.an,,,,,UntN_TZ_42_00037,sa ah ri,sa-ah-[ri],𒊓 𒄴 𒊑,False,0
1448,UntN TZ 42,hušu,adj,,,,,UntN_TZ_42_00038,hu šu ia,hu-šu-ia,𒄷 𒋗 𒅀,False,0
1449,UntN TZ 42,in-,1sg.an,,,,,UntN_TZ_42_00039,in gi,in-gi,𒅔 𒄀,False,0
1450,UntN TZ 42,hi-,III,1sg.an,,,,UntN_TZ_42_00040,hi en ka,hi-en-ka,𒄭 𒂗 𒅗,False,0
1451,UntN TZ 42,in.tika,,,,,,UntN_TZ_42_00041,in ti ik ka,in-ti-ik-[ka],𒅔 𒋾 𒅅 𒅗,False,0
1452,UntN TZ 42,"huta-, hali-",1sg.vb,,,,,UntN_TZ_42_00042,hu ut2 tah ha li ih,hu-ut2-tah-ha-li-ih,𒄷 𒀾 𒈭 𒄩 𒇷 𒄴,False,0
1453,UntN TZ 42,Inshushinak,,,,,,UntN_TZ_42_00043,d in šu uš na ak,(d)in-šu-uš-na-ak,𒀭 𒅔 𒋗 𒍑 𒈾 𒀝,False,0
1454,UntN TZ 42,tempti,,,,,,UntN_TZ_42_00044,te ip ti,[te-ip]-ti,𒋼 𒅁 𒋾,False,0
1455,UntN TZ 42,Sian.kuk,,,,,,UntN_TZ_42_00045,si ia an ku uk,si-ia-an-ku-uk,𒋛 𒅀 𒀭 𒆪 𒊌,False,0
1456,UntN TZ 42,laha-,II,3sg.an,,,,UntN_TZ_42_00046,la ha ak ir ra,la-ha-ak-ir-ra,𒆷 𒄩 𒀝 𒅕 𒊏,False,0
1457,UntN TZ 42,i,,,,,,UntN_TZ_42_00047,i,[i],𒄿,False,0
1458,UntN TZ 42,tuni-,1sg.vb,,,,,UntN_TZ_42_00048,tu4 ni ih,tu4-ni-ih,𒌈 𒉌 𒄴,False,0
1459,UntN TZ 42,hutak.halik,,,,II,,UntN_TZ_42_00049,hu ut2 tak ha li ik,[hu]-ut2-tak-ha-li-ik,𒄷 𒀾 𒋳 𒄩 𒇷 𒅅,False,0
1460,UntN TZ 42,u,3sg.inan1,,,,,UntN_TZ_42_00050,u2 me,u2-me,𒌑 𒈨,False,0
1461,UntN TZ 42,Napirisha,,,,,,UntN_TZ_42_00051,dingir gal,[dingir-gal],𒀭 𒃲,False,0
1462,UntN TZ 42,Inshushinak,,,,,,UntN_TZ_42_00052,d in šu uš na ak,(d)in-šu-uš-na-ak,𒀭 𒅔 𒋗 𒍑 𒈾 𒀝,False,0
1463,UntN TZ 42,tempti,,,,,,UntN_TZ_42_00053,te ip ti,te-ip-ti,𒋼 𒅁 𒋾,False,0
1464,UntN TZ 42,Sian.kuk,,,,,,UntN_TZ_42_00054,si a an ku uk,si-a-an-ku-uk,𒋛 𒀀 𒀭 𒆪 𒊌,False,0
1465,UntN TZ 42,laha-,II,3sg.an,,,,UntN_TZ_42_00055,la ha ak ir ra,la-ha-ak-ir-ra,𒆷 𒄩 𒀝 𒅕 𒊏,False,0
1466,UntN TZ 42,u,,,,,,UntN_TZ_42_00056,u2,u2,𒌑,False,0
1467,UntN TZ 42,lina,,,,,,UntN_TZ_42_00057,li na,li-na,𒇷 𒈾,False,0
1468,UntN TZ 42,tela-,II,opt2,,,,UntN_TZ_42_00058,te la ak ni,te-la-ak-ni,𒋼 𒆷 𒀝 𒉌,False,0
1469,UntN TZ 43,u,,,,,,UntN_TZ_43_00001,u2,u2,𒌑,False,0
1470,UntN TZ 43,Untash-Napirisha,,,,,,UntN_TZ_43_00002,m un taš dingir gal,(m)un-taš-dingir-gal,𒁹 𒌦 𒌨 𒀭 𒃲,False,0
1471,UntN TZ 43,šak,,,,,,UntN_TZ_43_00003,ša ak,ša-ak,𒊭 𒀝,False,0
1472,UntN TZ 43,Humban-umena,1sg.an,,,,,UntN_TZ_43_00004,m d hu um ban nu me na ki,(md)hu-um-ban-nu-me-na-ki,𒁹 𒀭 𒄷 𒌝 𒉼 𒉡 𒈨 𒈾 𒆠,False,0
1473,UntN TZ 43,sunki,1sg.an,,,,,UntN_TZ_43_00005,zu un ki ik,zu-un-ki-ik,𒍪 𒌦 𒆠 𒅅,False,0
1474,UntN TZ 43,Anshan,,,,,,UntN_TZ_43_00006,an za an,an-za-an,𒀭 𒍝 𒀭,False,0
1475,UntN TZ 43,Susa,1sg.an,,,,,UntN_TZ_43_00007,šu šu un ka,šu-šu-un-ka,𒋗 𒋗 𒌦 𒅗,False,0
1476,UntN TZ 43,sunki,3pl.an,,,,,UntN_TZ_43_00008,zu un ki ip,zu-un-ki-ip,𒍪 𒌦 𒆠 𒅁,False,0
1477,UntN TZ 43,urpu,3pl.an,,,,,UntN_TZ_43_00009,u2 ri pu pi,u2-ri-pu-pi,𒌑 𒊑 𒁍 𒉿,False,0
1478,UntN TZ 43,sian,,,,,,UntN_TZ_43_00010,si ia an,si-ia-an,𒋛 𒅀 𒀭,False,0
1479,UntN TZ 43,Napirisha,,,,,,UntN_TZ_43_00011,dingir gal,dingir-gal,𒀭 𒃲,False,0
1480,UntN TZ 43,in-,3sg.inan1,,,,,UntN_TZ_43_00012,im me,im-me,𒅎 𒈨,False,0
1481,UntN TZ 43,kuši-,1sg.vb,postp.loc,,,,UntN_TZ_43_00013,ku ši ih ši ma,ku-ši-ih-ši-ma,𒆪 𒅆 𒄴 𒅆 𒈠,False,0
1482,UntN TZ 43,u,,,,,,UntN_TZ_43_00014,u2,u2,𒌑,False,0
1483,UntN TZ 43,kuši-,1sg.vb,,,,,UntN_TZ_43_00015,ku ši ih,ku-ši-ih,𒆪 𒅆 𒄴,False,0
1486,UntN TZ 43,muši,adj,,,,,UntN_TZ_43_00018,mu ši a,mu-ši-a,𒈬 𒅆 𒀀,False,0
1487,UntN TZ 43,huhta-,1sg.vb,,,,,UntN_TZ_43_00019,hu uh tah,[hu]-uh-tah,𒄷 𒄴 𒈭,False,0
1488,UntN TZ 43,apa,,,,,,UntN_TZ_43_00020,ap pa,ap-pa,𒀊 𒉺,False,0
1489,UntN TZ 43,u,,,,,,UntN_TZ_43_00021,u2,u2,𒌑,False,0
1490,UntN TZ 43,tuni-,1sg.vb,,,,,UntN_TZ_43_00022,tu4 ni ih,tu4-ni-ih,𒌈 𒉌 𒄴,False,0
1491,UntN TZ 43,hutak.halik,,,,,,UntN_TZ_43_00023,hu ut tak ha li ik,hu-ut-tak-ha-li-ik,𒄷 𒌓 𒋳 𒄩 𒇷 𒅅,False,0
1492,UntN TZ 43,u,3sg.inan1,,,,,UntN_TZ_43_00024,u2 me,u2-me,𒌑 𒈨,False,0
1493,UntN TZ 43,Napirisha,,,,,,UntN_TZ_43_00025,dingir gal,dingir-gal,𒀭 𒃲,False,0
1494,UntN TZ 43,Inshushinak,,,,,,UntN_TZ_43_00026,d in šu uš na ak,(d)in-šu-uš-na-ak,𒀭 𒅔 𒋗 𒍑 𒈾 𒀝,False,0
1495,UntN TZ 43,Sian.kuk,3sg.an,,,,,UntN_TZ_43_00027,si ia an ku uk ra,si-ia-an-ku-uk-ra,𒋛 𒅀 𒀭 𒆪 𒊌 𒊏,False,0
1496,UntN TZ 43,lina,,,,,,UntN_TZ_43_00028,li na,li-na,𒇷 𒈾,False,0
1497,UntN TZ 43,tela-,II,opt2,,,,UntN_TZ_43_00029,te la ak ni,te-la-ak-ni,𒋼 𒆷 𒀝 𒉌,False,0
1498,UntN TZ 44,u,,,,,,UntN_TZ_44_00001,u2,u2,𒌑,False,0
1499,UntN TZ 44,Untash-Napirisha,,,,,,UntN_TZ_44_00002,m un taš dingir gal,(m)un-taš-dingir-gal,𒁹 𒌦 𒌨 𒀭 𒃲,False,0
1500,UntN TZ 44,like,,,,,,UntN_TZ_44_00003,li gi e,li-gi-e,𒇷 𒄀 𒂊,False,0
1501,UntN TZ 44,muši,3sg.inan3,,,,,UntN_TZ_44_00004,mu ši it ta,mu-ši-it-ta,𒈬 𒅆 𒀉 𒋫,False,0
1502,UntN TZ 44,huhta-,1sg.vb,,,,,UntN_TZ_44_00005,hu uh tah,hu-uh-tah,𒄷 𒄴 𒈭,False,0
1503,UntN TZ 44,Ishnikarab,,,,,,UntN_TZ_44_00006,d iš ni ka ra ab,(d)iš-ni-ka-ra-ab,𒀭 𒅖 𒉌 𒅗 𒊏 𒀊,False,0
1504,UntN TZ 44,Sian.kuk,3sg.an,,,,,UntN_TZ_44_00007,si ia an ku uk ra,si-ia-an-ku-uk-ra,𒋛 𒅀 𒀭 𒆪 𒊌 𒊏,False,0
1505,UntN TZ 44,i,3sg.inan2,,,,,UntN_TZ_44_00008,id,id,𒀉,False,0
1506,UntN TZ 44,tuni-,3sg.vb,,,,,UntN_TZ_44_00009,du ni ih,du-ni-ih,𒁺 𒉌 𒄴,False,0
1507,UntN TZ 44,Inshushinak,,,,,,UntN_TZ_44_00010,d in šu ši na ak,(d)in-šu-ši-na-ak,𒀭 𒅔 𒋗 𒅆 𒈾 𒀝,False,0
1508,UntN TZ 44,lupe-,III,,,,,UntN_TZ_44_00011,lu be en,lu-be-en,𒇻 𒁁 𒂗,False,0
1509,UntN TZ 44,lina?,3sg.poss,,,,,UntN_TZ_44_00012,li e,li-e,𒇷 𒂊,False,0
1510,UntN TZ 44,li-,III,3sg.an,,,,UntN_TZ_44_00013,li en ra,li-en-ra,𒇷 𒂗 𒊏,False,0
1511,UntN TZ 44,u,3sg.an,,,,,UntN_TZ_44_00014,ur,[ur(?),𒌨,False,0
1512,UntN TZ 44,i,3sg.inan2,,,,,UntN_TZ_44_00015,in,in(?)],𒅔,False,0
1513,UntN TZ 44,turu-,3sg.vb,opt2,3sg.poss,,,UntN_TZ_44_00016,tu4 ru uš ni e,tu4-ru-uš-ni-e,𒌈 𒊒 𒍑 𒉌 𒂊,False,0
1514,UntN TZ 45,u,,,,,,UntN_TZ_45_00001,u2,u2,𒌑,False,0
1515,UntN TZ 45,Untash-Napirisha,,,,,,UntN_TZ_45_00002,m un taš dingir gal,(m)un-taš-dingir-gal,𒁹 𒌦 𒌨 𒀭 𒃲,False,0
1516,UntN TZ 45,šak,,,,,,UntN_TZ_45_00003,ša ak,ša-ak,𒊭 𒀝,False,0
1517,UntN TZ 45,Humban-umena,1sg.an,,,,,UntN_TZ_45_00004,m d hu um ban nu me en na ki,(md)hu-um-ban-nu-me-en-na-ki,𒁹 𒀭 𒄷 𒌝 𒉼 𒉡 𒈨 𒂗 𒈾 𒆠,False,0
1518,UntN TZ 45,sunki,1sg.an,,,,,UntN_TZ_45_00005,su un ki ik,su-un-ki-ik,𒋢 𒌦 𒆠 𒅅,False,0
1519,UntN TZ 45,Anshan,,,,,,UntN_TZ_45_00006,an za an,an-za-an,𒀭 𒍝 𒀭,False,0
1520,UntN TZ 45,Susa,1sg.an,,,,,UntN_TZ_45_00007,šu šu un ka,šu-šu-un-ka,𒋗 𒋗 𒌦 𒅗,False,0
1522,UntN TZ 45,lansiti-,1sg.vb,,,,,UntN_TZ_45_00009,la an si ti ih,la-an-si-ti-ih,𒆷 𒀭 𒋛 𒋾 𒄴,False,0
1523,UntN TZ 45,hulu-,1sg.vb,,,,,UntN_TZ_45_00010,hu lu uh,hu-lu-uh,𒄷 𒇻 𒄴,False,0
1524,UntN TZ 45,PA.TUG2,,,,,,UntN_TZ_45_00011,d pa tug2,(d)pa-tug2,𒀭 𒉺 𒌆,False,0
1525,UntN TZ 45,Sian.kuk,3sg.an,,,,,UntN_TZ_45_00012,si a an ku uk ra,si-a-an-ku-uk-ra,𒋛 𒀀 𒀭 𒆪 𒊌 𒊏,False,0
1526,UntN TZ 45,i,,,,,,UntN_TZ_45_00013,i,i,𒄿,False,0
1527,UntN TZ 45,tuni-,1sg.vb,,,,,UntN_TZ_45_00014,tu4 ni ih,tu4-ni-ih,𒌈 𒉌 𒄴,False,0
1528,UntN TZ 46,u,,,,,,UntN_TZ_46_00001,u2,u2,𒌑,False,0
1529,UntN TZ 46,Untash-Napirisha,,,,,,UntN_TZ_46_00002,m un taš dingir gal,(m)un-taš-dingir-gal,𒁹 𒌦 𒌨 𒀭 𒃲,False,0
1530,UntN TZ 47,u,,,,,,UntN_TZ_47_00001,u2,u2,𒌑,False,0
1531,UntN TZ 47,Untash-Napirisha,,,,,,UntN_TZ_47_00002,m un taš dingir gal,(m)un-taš-dingir-gal,𒁹 𒌦 𒌨 𒀭 𒃲,False,0
1532,UntN TZ 47,šak,,,,,,UntN_TZ_47_00003,ša ak,ša-ak,𒊭 𒀝,False,0
1533,UntN TZ 47,Humban-umena,1sg.an,,,,,UntN_TZ_47_00004,m d hu um ban nu me na gi,(md)hu-um-ban-nu-me-na-gi,𒁹 𒀭 𒄷 𒌝 𒉼 𒉡 𒈨 𒈾 𒄀,False,0
1534,UntN TZ 47,sunki,1sg.an,,,,,UntN_TZ_47_00005,zu un ki ik,zu-un-ki-ik,𒍪 𒌦 𒆠 𒅅,False,0
1535,UntN TZ 47,Anshan,,,,,,UntN_TZ_47_00006,an za an,an-za-an,𒀭 𒍝 𒀭,False,0
1536,UntN TZ 47,Susa,1sg.an,,,,,UntN_TZ_47_00007,šu šu un ka,šu-šu-un-ka,𒋗 𒋗 𒌦 𒅗,False,0
1537,UntN TZ 47,sian,,,,,,UntN_TZ_47_00008,si ia an,si-ia-an,𒋛 𒅀 𒀭,False,0
1538,UntN TZ 47,Napratep,3sg.inan1,,,,,UntN_TZ_47_00009,d na ap ra te ip me,(d)na-ap-ra-te-ip-me,𒀭 𒈾 𒀊 𒊏 𒋼 𒅁 𒈨,False,0
1539,UntN TZ 47,upat,,,,,,UntN_TZ_47_00010,u2 pa at,u2-pa-at,𒌑 𒉺 𒀜,False,0
1540,UntN TZ 47,husi,3pl.an,3sg.inan1,,,,UntN_TZ_47_00011,hu us si ip me,hu-us-si-ip-me,𒄷 𒊻 𒋛 𒅁 𒈨,False,0
1541,UntN TZ 47,kuši-,1sg.vb,,,,,UntN_TZ_47_00012,ku ši ih,ku-ši-ih,𒆪 𒅆 𒄴,False,0
1542,UntN TZ 48,,,,,,,UntN_TZ_48_00001,…,[…],…,False,0
1543,UntN TZ 48,,,,,,,UntN_TZ_48_00002,ka,ka,𒅗,False,0
1544,UntN TZ 48,,,,,,,UntN_TZ_48_00003,…,[…],…,False,0
1545,UntN TZ 48,,,,,,,UntN_TZ_48_00004,ni,ni,𒉌,False,0
1546,UntN TZ 48,apa,,,,,,UntN_TZ_48_00005,ap pa,ap-pa,𒀊 𒉺,False,0
1547,UntN TZ 48,,,,,,,UntN_TZ_48_00006,ar,ar,𒅈,False,0
1548,UntN TZ 48,,,,,,,UntN_TZ_48_00007,…,[…],…,False,0
1549,UntN TZ 48,,,,,,,UntN_TZ_48_00008,ša,ša,𒊭,False,0
1550,UntN TZ 48,ap,,,,,,UntN_TZ_48_00009,a pi,a-pi,𒀀 𒉿,False,0
1551,UntN TZ 48,,,,,,,UntN_TZ_48_00010,mu,mu,𒈬,False,0
1552,UntN TZ 48,,,,,,,UntN_TZ_48_00011,…,[…],…,False,0
1553,UntN TZ 48,,,,,,,UntN_TZ_48_00012,a,a,𒀀,False,0
1554,UntN TZ 48,,,,,,,UntN_TZ_48_00013,na,na,𒈾,False,0
1555,UntN TZ 48,,,,,,,UntN_TZ_48_00014,ri,ri,𒊑,False,0
1556,UntN TZ 48,,,,,,,UntN_TZ_48_00015,ki,ki,𒆠,False,0
1557,UntN TZ 48,,,,,,,UntN_TZ_48_00016,…,[…],…,False,0
1559,UntN TZ 48,,,,,,,UntN_TZ_48_00018,m ki,(m)ki-,𒁹 𒆠,False,0
1560,UntN TZ 48,,,,,,,UntN_TZ_48_00019,…,[…],…,False,0
1561,UntN TZ/S 1,u,,,,,,UntN_TZ/S_1_00001,u3,u3,𒅇,False,0
1562,UntN TZ/S 1,Untash-Napirisha,,,,,,UntN_TZ/S_1_00002,m un taš dingir gal,(m)un-taš-dingir-gal,𒁹 𒌦 𒌨 𒀭 𒃲,False,0
1563,UntN TZ/S 1,šak,,,,,,UntN_TZ/S_1_00003,ša ak,ša-ak,𒊭 𒀝,False,0
1564,UntN TZ/S 1,Humban-umena,1sg.an,,,,,UntN_TZ/S_1_00004,m d hu um ban nu me na ki,(md)hu-um-ban-nu-me-na-ki,𒁹 𒀭 𒄷 𒌝 𒉼 𒉡 𒈨 𒈾 𒆠,False,0
1565,UntN TZ/S 1,sunki,1sg.an,,,,,UntN_TZ/S_1_00005,su un ki ik,su-un-ki-ik,𒋢 𒌦 𒆠 𒅅,False,0
1566,UntN TZ/S 1,Anshan,,,,,,UntN_TZ/S_1_00006,an za an,an-za-an,𒀭 𒍝 𒀭,False,0
1567,UntN TZ/S 1,Susa,1sg.an,,,,,UntN_TZ/S_1_00007,šu šu un ka,šu-šu-un-ka,𒋗 𒋗 𒌦 𒅗,False,0
1568,UntN TZ/S 1,tak.me,,,,3sg.inan1,,UntN_TZ/S_1_00008,ta ak me,ta-ak-me,𒋫 𒀝 𒈨,False,0
1569,UntN TZ/S 1,u,3sg.inan1,,,,,UntN_TZ/S_1_00009,u2 me,u2-me,𒌑 𒈨,False,0
1570,UntN TZ/S 1,tur,,,,,,UntN_TZ/S_1_00010,tu4 ur,tu4-ur,𒌈 𒌨,False,0
1571,UntN TZ/S 1,hih,,,,,,UntN_TZ/S_1_00011,hi ih,hi-ih,𒄭 𒄴,False,0
1572,UntN TZ/S 1,sit.me,,,,3sg.inan1,,UntN_TZ/S_1_00012,si it me,si-it-me,𒋛 𒀉 𒈨,False,0
1573,UntN TZ/S 1,u,3sg.inan1,,,,,UntN_TZ/S_1_00013,u2 me,u2-me,𒌑 𒈨,False,0
1574,UntN TZ/S 1,šullume-,II,,,,,UntN_TZ/S_1_00014,šu ul lu me ga,šu-ul-lu-me-ga,𒋗 𒌌 𒇻 𒈨 𒂵,False,0
1575,UntN TZ/S 1,azkit,,,,,,UntN_TZ/S_1_00015,az ki it,az-ki-it,𒊍 𒆠 𒀉,False,0
1576,UntN TZ/S 1,tur,,,,,,UntN_TZ/S_1_00016,tu4 ur,tu4-ur,𒌈 𒌨,False,0
1577,UntN TZ/S 1,sah,3sg.an,,,,,UntN_TZ/S_1_00017,sah ri,sah-ri,𒆤 𒊑,False,0
1578,UntN TZ/S 1,hušu,adj,,,,,UntN_TZ/S_1_00018,hu šu ia,hu-šu-ia,𒄷 𒋗 𒅀,False,0
1579,UntN TZ/S 1,in-,,,,,,UntN_TZ/S_1_00019,in gi,in-gi,𒅔 𒄀,False,0
1580,UntN TZ/S 1,hi-,III,1sg.an,,,,UntN_TZ/S_1_00020,hi en ka,hi-en-ka,𒄭 𒂗 𒅗,False,0
1581,UntN TZ/S 1,in.tika,,,,,,UntN_TZ/S_1_00021,in di ig ga,in-di-ig-ga,𒅔 𒁲 𒅅 𒂵,False,0
1582,UntN TZ/S 1,ak,,,,,,UntN_TZ/S_1_00022,a gi,a-gi,𒀀 𒄀,False,0
1583,UntN TZ/S 1,sian,,,,,,UntN_TZ/S_1_00023,si ia an,si-ia-an,𒋛 𒅀 𒀭,False,0
1584,UntN TZ/S 1,upat,,,,,,UntN_TZ/S_1_00024,u2 pa at,u2-pa-at,𒌑 𒉺 𒀜,False,0
1585,UntN TZ/S 1,husi,3pl.an,3sg.inan1,,,,UntN_TZ/S_1_00025,hu us si ip me,hu-us-si-ip-me,𒄷 𒊻 𒋛 𒅁 𒈨,False,0
1586,UntN TZ/S 1,kukunum,,,,,,UntN_TZ/S_1_00026,ku ku un nu um,ku-ku-un-nu-um,𒆪 𒆪 𒌦 𒉡 𒌝,False,0
1587,UntN TZ/S 1,upkum,adj,,,,,UntN_TZ/S_1_00027,up kum mi ia,up-kum-mi-ia,𒌒 𒄣 𒈪 𒅀,False,0
1588,UntN TZ/S 1,kuši-,1sg.vb,,,,,UntN_TZ/S_1_00028,ku ši ih,ku-ši-ih,𒆪 𒅆 𒄴,False,0
1589,UntN TZ/S 1,Inshushinak,,,,,,UntN_TZ/S_1_00029,d in šu uš na ak,(d)in-šu-uš-na-ak,𒀭 𒅔 𒋗 𒍑 𒈾 𒀝,False,0
1590,UntN TZ/S 1,Sian.kuk,3sg.an,,,,,UntN_TZ/S_1_00030,si ia an ku uk ra,si-ia-an-ku-uk-ra,𒋛 𒅀 𒀭 𒆪 𒊌 𒊏,False,0
1591,UntN TZ/S 1,i,3sg.inan2,,,,,UntN_TZ/S_1_00031,in,in,𒅔,False,0
1592,UntN TZ/S 1,tuni-,1sg.vb,,,,,UntN_TZ/S_1_00032,du ni ih,du-ni-ih,𒁺 𒉌 𒄴,False,0
1593,UntN TZ/S 1,u,,,,,,UntN_TZ/S_1_00033,u2,u2,𒌑,False,0
1594,UntN TZ/S 1,zagratum,,,,3sg.inan1,,UntN_TZ/S_1_00034,zig ra tu4 me,zig-ra-tu4-me,𒍨 𒊏 𒌈 𒈨,False,0
1595,UntN TZ/S 1,kiki.te-,1sg.vb,,,,,UntN_TZ/S_1_00035,ki ik ki te eh,ki-ik-ki-te-eh,𒆠 𒅅 𒆠 𒋼 𒄴,False,0
1596,UntN TZ/S 1,hutak.halik,,,,,,UntN_TZ/S_1_00036,hu ut tak ha li ik,hu-ut-tak-ha-li-ik,𒄷 𒌓 𒋳 𒄩 𒇷 𒅅,False,0
1597,UntN TZ/S 1,u,3sg.inan1,,,,,UntN_TZ/S_1_00037,u2 me,u2-me,𒌑 𒈨,False,0
1598,UntN TZ/S 1,Inshushinak,,,,,,UntN_TZ/S_1_00038,d in šu uš na ak,(d)in-šu-uš-na-ak,𒀭 𒅔 𒋗 𒍑 𒈾 𒀝,False,0
1599,UntN TZ/S 1,lina,,,,,,UntN_TZ/S_1_00039,ul li na,ul-li-na,𒌌 𒇷 𒈾,False,0
1600,UntN TZ/S 1,tela-,II,opt2,,,,UntN_TZ/S_1_00040,te la ak ni,te-la-ak-ni,𒋼 𒆷 𒀝 𒉌,False,0
1601,UntN TZ/S 2,u,,,,,,UntN_TZ/S_2_00001,u2,u2,𒌑,False,0
1602,UntN TZ/S 2,Untash-Napirisha,,,,,,UntN_TZ/S_2_00002,m un taš dingir gal,(m)un-taš-dingir-gal,𒁹 𒌦 𒌨 𒀭 𒃲,False,0
1603,UntN TZ/S 2,šak,,,,,,UntN_TZ/S_2_00003,ša ak,ša-ak,𒊭 𒀝,False,0
1604,UntN TZ/S 2,Humban-umena,1sg.an,,,,,UntN_TZ/S_2_00004,m d hu um ban nu me na ki,(md)hu-um-ban-nu-me-na-ki,𒁹 𒀭 𒄷 𒌝 𒉼 𒉡 𒈨 𒈾 𒆠,False,0
1605,UntN TZ/S 2,sunki,1sg.an,,,,,UntN_TZ/S_2_00005,su un ki ik,su-un-ki-ik,𒋢 𒌦 𒆠 𒅅,False,0
1606,UntN TZ/S 2,Anshan,,,,,,UntN_TZ/S_2_00006,an za an,an-za-an,𒀭 𒍝 𒀭,False,0
1607,UntN TZ/S 2,Susa,1sg.an,,,,,UntN_TZ/S_2_00007,šu šu un ka,šu-šu-un-ka,𒋗 𒋗 𒌦 𒅗,False,0
1608,UntN TZ/S 2,aštam,,,,,,UntN_TZ/S_2_00008,a aš2 ta2,a-aš2-ta2,𒀀 aš2 𒁕,False,0
1609,UntN TZ/S 2,kuši-,1sg.vb,,,,,UntN_TZ/S_2_00009,ku ši ih,ku-ši-ih,𒆪 𒅆 𒄴,False,0
1610,UntN TZ/S 2,Pinikir,,,,,,UntN_TZ/S_2_00010,d pi ni gir3,(d)pi-ni-gir3,𒀭 𒉿 𒉌 𒄊,False,0
1611,UntN TZ/S 2,i,3sg.inan2,,,,,UntN_TZ/S_2_00011,in,in,𒅔,False,0
1612,UntN TZ/S 2,tuni-,1sg.vb,,,,,UntN_TZ/S_2_00012,tu4 ni ih,tu4-ni-ih,𒌈 𒉌 𒄴,False,0
1613,UntN TZ/S 3,u,,,,,,UntN_TZ/S_3_00001,u2,u2,𒌑,False,0
1614,UntN TZ/S 3,Untash-Napirisha,,,,,,UntN_TZ/S_3_00002,m un taš dingir gal,(m)un-taš-dingir-gal,𒁹 𒌦 𒌨 𒀭 𒃲,False,0
1615,UntN TZ/S 3,šak,,,,,,UntN_TZ/S_3_00003,ša ak,ša-ak,𒊭 𒀝,False,0
1616,UntN TZ/S 3,Humban-umena,1sg.an,,,,,UntN_TZ/S_3_00004,m d hu um ban nu me na ki,(md)hu-um-ban-nu-me-na-ki,𒁹 𒀭 𒄷 𒌝 𒉼 𒉡 𒈨 𒈾 𒆠,False,0
1617,UntN TZ/S 3,sunki,1sg.an,,,,,UntN_TZ/S_3_00005,su un ki ik,su-un-ki-ik,𒋢 𒌦 𒆠 𒅅,False,0
1618,UntN TZ/S 3,Anshan,,,,,,UntN_TZ/S_3_00006,an za an,an-za-an,𒀭 𒍝 𒀭,False,0
1619,UntN TZ/S 3,Susa,1sg.an,,,,,UntN_TZ/S_3_00007,šu šu un ka,šu-šu-un-ka,𒋗 𒋗 𒌦 𒅗,False,0
1620,UntN TZ/S 3,sian,,,,,,UntN_TZ/S_3_00008,si ia an,si-ia-an,𒋛 𒅀 𒀭,False,0
1621,UntN TZ/S 3,IM,,,,,,UntN_TZ/S_3_00009,d im,(d)im,𒀭 𒅎,False,0
1622,UntN TZ/S 3,ak,,,,,,UntN_TZ/S_3_00010,a ak,a-ak,𒀀 𒀝,False,0
1623,UntN TZ/S 3,Shala,3sg.inan1,,,,,UntN_TZ/S_3_00011,d ša la me,(d)ša-la-me,𒀭 𒊭 𒆷 𒈨,False,0
1624,UntN TZ/S 3,upat,,,,,,UntN_TZ/S_3_00012,u2 pa at,u2-pa-at,𒌑 𒉺 𒀜,False,0
1625,UntN TZ/S 3,husi,3pl.an,3sg.inan1,,,,UntN_TZ/S_3_00013,hu us si ip me,hu-us-si-ip-me,𒄷 𒊻 𒋛 𒅁 𒈨,False,0
1626,UntN TZ/S 3,kuši-,1sg.vb,,,,,UntN_TZ/S_3_00014,ku ši ih,ku-ši-ih,𒆪 𒅆 𒄴,False,0
1627,UntN TZ/S 3,IM,,,,,,UntN_TZ/S_3_00015,d im,(d)im,𒀭 𒅎,False,0
1628,UntN TZ/S 3,ak,,,,,,UntN_TZ/S_3_00016,a ak,a-ak,𒀀 𒀝,False,0
1629,UntN TZ/S 3,Shala,,,,,,UntN_TZ/S_3_00017,d ša la,(d)ša-la,𒀭 𒊭 𒆷,False,0
1630,UntN TZ/S 3,lansiti,3pl.an,,,,,UntN_TZ/S_3_00018,la an si ti ip pa,la-an-si-ti-ip-pa,𒆷 𒀭 𒋛 𒋾 𒅁 𒉺,False,0
1631,UntN TZ/S 3,ap,acc,,,,,UntN_TZ/S_3_00019,a pu un,a-pu-un,𒀀 𒁍 𒌦,False,0
1632,UntN TZ/S 3,aha,3sg.inan2,,,,,UntN_TZ/S_3_00020,a ha an,a-ha-an,𒀀 𒄩 𒀭,False,0
1633,UntN TZ/S 3,mur.ta-,1sg.vb,,,,,UntN_TZ/S_3_00021,mu ur tah,mu-ur-tah,𒈬 𒌨 𒈭,False,0
1634,UntN TZ/S 3,hutak.halik,,,,II,,UntN_TZ/S_3_00022,hu ut tak ha li ik,hu-ut-tak-ha-li-ik,𒄷 𒌓 𒋳 𒄩 𒇷 𒅅,False,0
1635,UntN TZ/S 3,u,3sg.inan1,,,,,UntN_TZ/S_3_00023,u2 me,u2-me,𒌑 𒈨,False,0
1636,UntN TZ/S 3,IM,,,,,,UntN_TZ/S_3_00024,d im,(d)im,𒀭 𒅎,False,0
1637,UntN TZ/S 3,ak,,,,,,UntN_TZ/S_3_00025,a ak,a-ak,𒀀 𒀝,False,0
1638,UntN TZ/S 3,Shala,,,,,,UntN_TZ/S_3_00026,d ša la,(d)ša-la,𒀭 𒊭 𒆷,False,0
1639,UntN TZ/S 3,Sian.kuk,3pl.an,,,,,UntN_TZ/S_3_00027,si ia an ku uk pa,si-ia-an-ku-uk-pa,𒋛 𒅀 𒀭 𒆪 𒊌 𒉺,False,0
1640,UntN TZ/S 3,lina,,,,,,UntN_TZ/S_3_00028,li na,li-na,𒇷 𒈾,False,0
1641,UntN TZ/S 3,tela-,II,opt2,,,,UntN_TZ/S_3_00029,te la ak ni,te-la-ak-ni,𒋼 𒆷 𒀝 𒉌,False,0
1642,UntN TZ/S 4,u,,,,,,UntN_TZ/S_4_00001,u2,u2,𒌑,False,0
1643,UntN TZ/S 4,Untash-Napirisha,,,,,,UntN_TZ/S_4_00002,m un taš dingir gal,(m)un-taš-dingir-gal,𒁹 𒌦 𒌨 𒀭 𒃲,False,0
1644,UntN TZ/S 4,šak,,,,,,UntN_TZ/S_4_00003,ša ak,ša-ak,𒊭 𒀝,False,0
1645,UntN TZ/S 4,Humban-umena,1sg.an,,,,,UntN_TZ/S_4_00004,m d hu um ban nu me na ki,(md)hu-um-ban-nu-me-na-ki,𒁹 𒀭 𒄷 𒌝 𒉼 𒉡 𒈨 𒈾 𒆠,False,0
1646,UntN TZ/S 4,sunki,1sg.an,,,,,UntN_TZ/S_4_00005,su un ki ik,su-un-ki-ik,𒋢 𒌦 𒆠 𒅅,False,0
1647,UntN TZ/S 4,Anshan,,,,,,UntN_TZ/S_4_00006,an za an,an-za-an,𒀭 𒍝 𒀭,False,0
1648,UntN TZ/S 4,Susa,1sg.an,,,,,UntN_TZ/S_4_00007,šu šu un ka,šu-šu-un-ka,𒋗 𒋗 𒌦 𒅗,False,0
1649,UntN TZ/S 4,sian,,,,,,UntN_TZ/S_4_00008,si ia an,si-ia-an,𒋛 𒅀 𒀭,False,0
1650,UntN TZ/S 4,Shimut,,,,,,UntN_TZ/S_4_00009,d ši mut,(d)ši-mut,𒀭 𒅆 𒄷𒄭,False,0
1651,UntN TZ/S 4,ak,,,,,,UntN_TZ/S_4_00010,a ak,a-ak,𒀀 𒀝,False,0
1652,UntN TZ/S 4,NIN.A.LI (?),3sg.inan1,,,,,UntN_TZ/S_4_00011,d nin a li me,(d)nin-a-li-me,𒀭 𒊩𒌆 𒀀 𒇷 𒈨,False,0
1653,UntN TZ/S 4,upat,,,,,,UntN_TZ/S_4_00012,u2 pa at,u2-pa-at,𒌑 𒉺 𒀜,False,0
1654,UntN TZ/S 4,husi,3pl.an,3sg.inan1,,,,UntN_TZ/S_4_00013,hu us si ip me,hu-us-si-ip-me,𒄷 𒊻 𒋛 𒅁 𒈨,False,0
1655,UntN TZ/S 4,kuši-,1sg.vb,,,,,UntN_TZ/S_4_00014,ku ši ih,ku-ši-ih,𒆪 𒅆 𒄴,False,0
1656,UntN TZ/S 4,Shimut,,,,,,UntN_TZ/S_4_00015,d ši mut,(d)ši-mut,𒀭 𒅆 𒄷𒄭,False,0
1657,UntN TZ/S 4,ak,,,,,,UntN_TZ/S_4_00016,a ak,a-ak,𒀀 𒀝,False,0
1658,UntN TZ/S 4,NIN.A.LI (?),,,,,,UntN_TZ/S_4_00017,d nin a li,(d)nin-a-li,𒀭 𒊩𒌆 𒀀 𒇷,False,0
1659,UntN TZ/S 4,lansiti,3pl.an,,,,,UntN_TZ/S_4_00018,la an si ti ip pa,la-an-si-ti-ip-pa,𒆷 𒀭 𒋛 𒋾 𒅁 𒉺,False,0
1660,UntN TZ/S 4,ap,acc,,,,,UntN_TZ/S_4_00019,a pu un,a-pu-un,𒀀 𒁍 𒌦,False,0
1661,UntN TZ/S 4,aha,3sg.inan2,,,,,UntN_TZ/S_4_00020,a ha an,a-ha-an,𒀀 𒄩 𒀭,False,0
1662,UntN TZ/S 4,mur.ta-,1sg.vb,,,,,UntN_TZ/S_4_00021,mu ur tah,mu-ur-tah,𒈬 𒌨 𒈭,False,0
1663,UntN TZ/S 4,hutak.halik,,,,II,,UntN_TZ/S_4_00022,hu ut tak ha li ik,hu-ut-tak-ha-li-ik,𒄷 𒌓 𒋳 𒄩 𒇷 𒅅,False,0
1664,UntN TZ/S 4,u,3sg.inan1,,,,,UntN_TZ/S_4_00023,u2 me,u2-me,𒌑 𒈨,False,0
1665,UntN TZ/S 4,Shimut,,,,,,UntN_TZ/S_4_00024,d ši mut,(d)ši-mut,𒀭 𒅆 𒄷𒄭,False,0
1666,UntN TZ/S 4,ak,,,,,,UntN_TZ/S_4_00025,a ak,a-ak,𒀀 𒀝,False,0
1667,UntN TZ/S 4,NIN.A.LI (?),,,,,,UntN_TZ/S_4_00026,d nin a li,(d)nin-a-li,𒀭 𒊩𒌆 𒀀 𒇷,False,0
1668,UntN TZ/S 4,Sian.kuk,3pl.an,,,,,UntN_TZ/S_4_00027,si ia an ku uk pa,si-ia-an-ku-uk-pa,𒋛 𒅀 𒀭 𒆪 𒊌 𒉺,False,0
1669,UntN TZ/S 4,lina,,,,,,UntN_TZ/S_4_00028,li na,li-na,𒇷 𒈾,False,0
1670,UntN TZ/S 4,tela-,II,opt2,,,,UntN_TZ/S_4_00029,te la ak ni,te-la-ak-ni,𒋼 𒆷 𒀝 𒉌,False,0
1671,UntN TZ/S 5,u,,,,,,UntN_TZ/S_5_00001,u2,u2,𒌑,False,0
1672,UntN TZ/S 5,Untash-Napirisha,,,,,,UntN_TZ/S_5_00002,m un taš dingir gal,(m)un-taš-dingir-gal,𒁹 𒌦 𒌨 𒀭 𒃲,False,0
1673,UntN TZ/S 5,šak,,,,,,UntN_TZ/S_5_00003,ša ak,ša-ak,𒊭 𒀝,False,0
1674,UntN TZ/S 5,Humban-umena,1sg.an,,,,,UntN_TZ/S_5_00004,m d hu um ban nu me na gi,(md)hu-um-ban-nu-me-na-gi,𒁹 𒀭 𒄷 𒌝 𒉼 𒉡 𒈨 𒈾 𒄀,False,0
1675,UntN TZ/S 5,sunki,1sg.an,,,,,UntN_TZ/S_5_00005,su un ki ik,su-un-ki-ik,𒋢 𒌦 𒆠 𒅅,False,0
1676,UntN TZ/S 5,Anshan,,,,,,UntN_TZ/S_5_00006,an za an,an-za-an,𒀭 𒍝 𒀭,False,0
1677,UntN TZ/S 5,Susa,1sg.an,,,,,UntN_TZ/S_5_00007,šu šu un ka,šu-šu-un-ka,𒋗 𒋗 𒌦 𒅗,False,0
1678,UntN TZ/S 5,sian,,,,,,UntN_TZ/S_5_00008,si ia an,si-ia-an,𒋛 𒅀 𒀭,False,0
1679,UntN TZ/S 5,Napratep,3sg.inan1,,,,,UntN_TZ/S_5_00009,d na ap ra te ip me,(d)na-ap-ra-te-ip-me,𒀭 𒈾 𒀊 𒊏 𒋼 𒅁 𒈨,False,0
1680,UntN TZ/S 5,upat,,,,,,UntN_TZ/S_5_00010,u2 pa at,u2-pa-at,𒌑 𒉺 𒀜,False,0
1681,UntN TZ/S 5,husi,3pl.an,3sg.inan1,,,,UntN_TZ/S_5_00011,hu us si ip me,hu-us-si-ip-me,𒄷 𒊻 𒋛 𒅁 𒈨,False,0
1682,UntN TZ/S 5,kuši-,1sg.vb,,,,,UntN_TZ/S_5_00012,ku ši ih,ku-ši-ih,𒆪 𒅆 𒄴,False,0
1683,UntN TZ/S 5,Napratep,,,,,,UntN_TZ/S_5_00013,d na ap ra te ip,(d)na-ap-ra-te-ip,𒀭 𒈾 𒀊 𒊏 𒋼 𒅁,False,0
1684,UntN TZ/S 5,lansiti,3pl.an,,,,,UntN_TZ/S_5_00014,la an si ti pa,la-an-si-ti-pa,𒆷 𒀭 𒋛 𒋾 𒉺,False,0
1685,UntN TZ/S 5,ap,acc,,,,,UntN_TZ/S_5_00015,a pu un,a-pu-un,𒀀 𒁍 𒌦,False,0
1686,UntN TZ/S 5,aha,3sg.inan2,,,,,UntN_TZ/S_5_00016,a ha an,a-ha-an,𒀀 𒄩 𒀭,False,0
1687,UntN TZ/S 5,mur.ta-,1sg.vb,,,,,UntN_TZ/S_5_00017,mu ur tah,mu-ur-tah,𒈬 𒌨 𒈭,False,0
1688,UntN TZ/S 5,hutak.halik,,,,II,,UntN_TZ/S_5_00018,hu ut tak ha li ik,hu-ut-tak-ha-li-ik,𒄷 𒌓 𒋳 𒄩 𒇷 𒅅,False,0
1689,UntN TZ/S 5,u,3sg.inan1,,,,,UntN_TZ/S_5_00019,u2 me,u2-me,𒌑 𒈨,False,0
1690,UntN TZ/S 5,Napratep,,,,,,UntN_TZ/S_5_00020,d na ap ra te ip,(d)na-ap-ra-te-ip,𒀭 𒈾 𒀊 𒊏 𒋼 𒅁,False,0
1691,UntN TZ/S 5,Sian.kuk,3pl.an,,,,,UntN_TZ/S_5_00021,si ia an ku uk pa,si-ia-an-ku-uk-pa,𒋛 𒅀 𒀭 𒆪 𒊌 𒉺,False,0
1692,UntN TZ/S 5,lin,,,,,,UntN_TZ/S_5_00022,ul li na,ul-li-na,𒌌 𒇷 𒈾,False,0
1693,UntN TZ/S 5,tela-,II,opt2,,,,UntN_TZ/S_5_00023,te la ak ni,te-la-ak-ni,𒋼 𒆷 𒀝 𒉌,False,0
1694,UntN TZ/S 6,u,,,,,,UntN_TZ/S_6_00001,u2,u2,𒌑,False,0
1695,UntN TZ/S 6,Untash-Napirisha,,,,,,UntN_TZ/S_6_00002,m un taš dingir gal,(m)un-taš-dingir-gal,𒁹 𒌦 𒌨 𒀭 𒃲,False,0
1696,UntN TZ/S 6,šak,,,,,,UntN_TZ/S_6_00003,ša ak,ša-ak,𒊭 𒀝,False,0
1697,UntN TZ/S 6,Humban-umena,1sg.an,,,,,UntN_TZ/S_6_00004,m d hu um ban nu me na gi,(md)hu-um-ban-nu-me-na-gi,𒁹 𒀭 𒄷 𒌝 𒉼 𒉡 𒈨 𒈾 𒄀,False,0
1698,UntN TZ/S 6,sunki,1sg.an,,,,,UntN_TZ/S_6_00005,su un ki ik,su-un-ki-ik,𒋢 𒌦 𒆠 𒅅,False,0
1699,UntN TZ/S 6,Anshan,,,,,,UntN_TZ/S_6_00006,an za an,an-za-an,𒀭 𒍝 𒀭,False,0
1700,UntN TZ/S 6,Susa,1sg.an,,,,,UntN_TZ/S_6_00007,šu šu un ka,šu-šu-un-ka,𒋗 𒋗 𒌦 𒅗,False,0
1701,UntN TZ/S 6,sian,,,,,,UntN_TZ/S_6_00008,si ia an,si-ia-an,𒋛 𒅀 𒀭,False,0
1703,UntN TZ/S 6,ak,,,,,,UntN_TZ/S_6_00010,a ak,a-ak,𒀀 𒀝,False,0
1704,UntN TZ/S 6,Ruhurater,3sg.inan1,,,,,UntN_TZ/S_6_00011,d ru hu ra te ir me,(d)ru-hu-ra-te-ir-me,𒀭 𒊒 𒄷 𒊏 𒋼 𒅕 𒈨,False,0
1705,UntN TZ/S 6,upat,,,,,,UntN_TZ/S_6_00012,u2 pa at,u2-pa-at,𒌑 𒉺 𒀜,False,0
1706,UntN TZ/S 6,husi,3pl.an,3sg.inan1,,,,UntN_TZ/S_6_00013,hu us si ip me,hu-us-si-ip-me,𒄷 𒊻 𒋛 𒅁 𒈨,False,0
1707,UntN TZ/S 6,kuši-,1sg.vb,,,,,UntN_TZ/S_6_00014,ku ši ih,ku-ši-ih,𒆪 𒅆 𒄴,False,0
1708,UntN TZ/S 6,Hishmitik,,,,,,UntN_TZ/S_6_00015,d hi iš mi ti ik,(d)hi-iš-mi-ti-ik,𒀭 𒄭 𒅖 𒈪 𒋾 𒅅,False,0
1709,UntN TZ/S 6,ak,,,,,,UntN_TZ/S_6_00016,a ak,a-ak,𒀀 𒀝,False,0
1710,UntN TZ/S 6,Ruhurater,,,,,,UntN_TZ/S_6_00017,d ru hu ra te ir,(d)ru-hu-ra-te-ir,𒀭 𒊒 𒄷 𒊏 𒋼 𒅕,False,0
1711,UntN TZ/S 6,lansiti,3pl.an,,,,,UntN_TZ/S_6_00018,la an si ti ip pa,la-an-si-ti-ip-pa,𒆷 𒀭 𒋛 𒋾 𒅁 𒉺,False,0
1712,UntN TZ/S 6,ap,acc,,,,,UntN_TZ/S_6_00019,a pu un,a-pu-un,𒀀 𒁍 𒌦,False,0
1713,UntN TZ/S 6,aha,3sg.inan2,,,,,UntN_TZ/S_6_00020,a ha an,a-ha-an,𒀀 𒄩 𒀭,False,0
1714,UntN TZ/S 6,mur.ta-,1sg.vb,,,,,UntN_TZ/S_6_00021,mu ur tah,mu-ur-tah,𒈬 𒌨 𒈭,False,0
1715,UntN TZ/S 6,hutak.halik,,,,II,,UntN_TZ/S_6_00022,hu ut tak ha li ik,hu-ut-tak-ha-li-ik,𒄷 𒌓 𒋳 𒄩 𒇷 𒅅,False,0
1716,UntN TZ/S 6,u,3sg.inan1,,,,,UntN_TZ/S_6_00023,u2 me,u2-me,𒌑 𒈨,False,0
1717,UntN TZ/S 6,Hishmitik,,,,,,UntN_TZ/S_6_00024,d hi iš mi ti ik,(d)hi-iš-mi-ti-ik,𒀭 𒄭 𒅖 𒈪 𒋾 𒅅,False,0
1718,UntN TZ/S 6,ak,,,,,,UntN_TZ/S_6_00025,a ak,a-ak,𒀀 𒀝,False,0
1719,UntN TZ/S 6,Ruhurater,,,,,,UntN_TZ/S_6_00026,d ru hu ra te ir,(d)ru-hu-ra-te-ir,𒀭 𒊒 𒄷 𒊏 𒋼 𒅕,False,0
1720,UntN TZ/S 6,Sian.kuk,3pl.an,,,,,UntN_TZ/S_6_00027,si ia an ku uk pa,si-ia-an-ku-uk-pa,𒋛 𒅀 𒀭 𒆪 𒊌 𒉺,False,0
1721,UntN TZ/S 6,lina,,,,,,UntN_TZ/S_6_00028,li na,li-na,𒇷 𒈾,False,0
1722,UntN TZ/S 6,tela-,II,opt2,,,,UntN_TZ/S_6_00029,te la ak ni,te-la-ak-ni,𒋼 𒆷 𒀝 𒉌,False,0
1723,UntN TZ/S 7,u,,,,,,UntN_TZ/S_7_00001,u3,u3,𒅇,False,0
1724,UntN TZ/S 7,Untash-Napirisha,,,,,,UntN_TZ/S_7_00002,m un taš dingir gal,(m)un-taš-dingir-gal,𒁹 𒌦 𒌨 𒀭 𒃲,False,0
1725,UntN TZ/S 7,šak,,,,,,UntN_TZ/S_7_00003,ša ak,ša-ak,𒊭 𒀝,False,0
1726,UntN TZ/S 7,Humban-umena,1sg.an,,,,,UntN_TZ/S_7_00004,m d hu ban nu me na ki,(md)hu-ban-nu-me-na-ki,𒁹 𒀭 𒄷 𒉼 𒉡 𒈨 𒈾 𒆠,False,0
1727,UntN TZ/S 7,sunki,1sg.an,,,,,UntN_TZ/S_7_00005,su un ki ik,su-un-ki-ik,𒋢 𒌦 𒆠 𒅅,False,0
1728,UntN TZ/S 7,Anshan,,,,,,UntN_TZ/S_7_00006,an za an,an-za-an,𒀭 𒍝 𒀭,False,0
1729,UntN TZ/S 7,Susa,1sg.an,,,,,UntN_TZ/S_7_00007,šu šu un ka,šu-šu-un-ka,𒋗 𒋗 𒌦 𒅗,False,0
1730,UntN TZ/S 7,nur,,,,,,UntN_TZ/S_7_00008,nu ur,nu-ur,𒉡 𒌨,False,0
1732,UntN TZ/S 7,kuši-,1sg.vb,,,,,UntN_TZ/S_7_00010,ku ši ih,ku-ši-ih,𒆪 𒅆 𒄴,False,0
1733,UntN TZ/S 7,Napirisha,,,,,,UntN_TZ/S_7_00011,dingir gal,dingir-gal,𒀭 𒃲,False,0
1735,UntN TZ/S 7,Sian.kuk,3sg.an,,,,,UntN_TZ/S_7_00013,si ia an ku uk ra,si-ia-an-ku-uk-ra,𒋛 𒅀 𒀭 𒆪 𒊌 𒊏,False,0
1736,UntN TZ/S 7,i,3sg.inan2,,,,,UntN_TZ/S_7_00014,in,in,𒅔,False,0
1737,UntN TZ/S 7,tuni-,1sg.vb,,,,,UntN_TZ/S_7_00015,tu4 ni ih,tu4-ni-ih,𒌈 𒉌 𒄴,False,0
1738,UntN TZ/S 7,tak.me,,,,3sg.inan1,,UntN_TZ/S_7_00016,ta ak me,ta-ak-me,𒋫 𒀝 𒈨,False,0
1739,UntN TZ/S 7,u,3sg.inan1,,,,,UntN_TZ/S_7_00017,u2 me,u2-me,𒌑 𒈨,False,0
1740,UntN TZ/S 7,tur,,,,,,UntN_TZ/S_7_00018,tu4 ur,tu4-ur,𒌈 𒌨,False,0
1741,UntN TZ/S 7,hih,,,,,,UntN_TZ/S_7_00019,hi ih,hi-ih,𒄭 𒄴,False,0
1742,UntN TZ/S 7,sit.me,,,,3sg.inan1,,UntN_TZ/S_7_00020,si it me,si-it-me,𒋛 𒀉 𒈨,False,0
1743,UntN TZ/S 7,u,3sg.inan1,,,,,UntN_TZ/S_7_00021,u2 me,u2-me,𒌑 𒈨,False,0
1744,UntN TZ/S 7,šullume-,II,,,,,UntN_TZ/S_7_00022,šu ul lu me ga,šu-ul-lu-me-ga,𒋗 𒌌 𒇻 𒈨 𒂵,False,0
1745,UntN TZ/S 7,pel,,,,,,UntN_TZ/S_7_00023,pi el,pi-el,𒉿 𒂖,False,0
1746,UntN TZ/S 7,kiti.n,postp.loc,,,,,UntN_TZ/S_7_00024,ki it ti ma,ki-it-ti-ma,𒆠 𒀉 𒋾 𒈠,False,0
1747,UntN TZ/S 7,,,,,,,UntN_TZ/S_7_00025,na,na,𒈾,False,0
1748,UntN TZ/S 7,meluk,3sg.an,,,,,UntN_TZ/S_7_00026,me lu uk ra,me-lu-uk-ra,𒈨 𒇻 𒊌 𒊏,False,0
1749,UntN TZ/S 7,hi-,III,1sg.an,,,,UntN_TZ/S_7_00027,hi en ga,hi-en-ga,𒄭 𒂗 𒂵,False,0
1750,UntN TZ/S 7,in.tika,,,,,,UntN_TZ/S_7_00028,in ti ig ga8,in-ti-ig-ga8,𒅔 𒋾 𒅅 𒄄,False,0
1751,UntN TZ/S 7,ak,,,,,,UntN_TZ/S_7_00029,a gi,a-gi,𒀀 𒄀,False,0
1752,UntN TZ/S 7,nur,,,,,,UntN_TZ/S_7_00030,nu ur,nu-ur,𒉡 𒌨,False,0
1753,UntN TZ/S 7,kibrat,,,,,,UntN_TZ/S_7_00031,ki ib ra at,ki-ib-ra-at,𒆠 𒅁 𒊏 𒀜,False,0
1754,UntN TZ/S 7,kuši-,1sg.vb,,,,,UntN_TZ/S_7_00032,ku ši ih,ku-ši-ih,𒆪 𒅆 𒄴,False,0
1755,UntN TZ/S 7,Napirisha,,,,,,UntN_TZ/S_7_00033,dingir gal,dingir-gal,𒀭 𒃲,False,0
1756,UntN TZ/S 7,Inshushinak,,,,,,UntN_TZ/S_7_00034,d in šu uš na ak,(d)in-šu-uš-na-ak,𒀭 𒅔 𒋗 𒍑 𒈾 𒀝,False,0
1757,UntN TZ/S 7,Sian.kuk,3sg.an,,,,,UntN_TZ/S_7_00035,si ia an ku uk ra,si-ia-an-ku-uk-ra,𒋛 𒅀 𒀭 𒆪 𒊌 𒊏,False,0
1758,UntN TZ/S 7,i,3sg.inan2,,,,,UntN_TZ/S_7_00036,in,in,𒅔,False,0
1759,UntN TZ/S 7,tuni-,1sg.vb,,,,,UntN_TZ/S_7_00037,du ni ih,du-ni-ih,𒁺 𒉌 𒄴,False,0
1760,UntN TZ/S 7,sian,,,,,,UntN_TZ/S_7_00038,si ia an,si-ia-an,𒋛 𒅀 𒀭,False,0
1761,UntN TZ/S 7,apa,,,,,,UntN_TZ/S_7_00039,ap pa,ap-pa,𒀊 𒉺,False,0
1762,UntN TZ/S 7,kuši-,1sg.vb,postp.loc,,,,UntN_TZ/S_7_00040,ku ši ih ma,ku-ši-ih-ma,𒆪 𒅆 𒄴 𒈠,False,0
1763,UntN TZ/S 7,šatu-,1sg.vb,opt2,,,,UntN_TZ/S_7_00041,ša tu4 uh ni,ša-tu4-uh-ni,𒊭 𒌈 𒄴 𒉌,False,0
1764,UntN TZ/S 8,u,,,,,,UntN_TZ/S_8_00001,u2,u2,𒌑,False,0
1765,UntN TZ/S 8,Untash-Napirisha,,,,,,UntN_TZ/S_8_00002,m un taš dingir gal,(m)un-taš-dingir-gal,𒁹 𒌦 𒌨 𒀭 𒃲,False,0
1766,UntN TZ/S 8,šak,,,,,,UntN_TZ/S_8_00003,ša ak,ša-ak,𒊭 𒀝,False,0
1767,UntN TZ/S 8,Humban-umena,1sg.an,,,,,UntN_TZ/S_8_00004,m d hu um ban nu me na gi,(md)hu-um-ban-nu-me-na-gi,𒁹 𒀭 𒄷 𒌝 𒉼 𒉡 𒈨 𒈾 𒄀,False,0
1768,UntN TZ/S 8,sunki,1sg.an,,,,,UntN_TZ/S_8_00005,zu un ki ik,zu-un-ki-ik,𒍪 𒌦 𒆠 𒅅,False,0
1769,UntN TZ/S 8,Anshan,,,,,,UntN_TZ/S_8_00006,an za an,an-za-an,𒀭 𒍝 𒀭,False,0
1770,UntN TZ/S 8,Susa,1sg.an,,,,,UntN_TZ/S_8_00007,šu šu un ka,šu-šu-un-ka,𒋗 𒋗 𒌦 𒅗,False,0
1771,UntN TZ/S 8,Nahunte,,,,,,UntN_TZ/S_8_00008,d na ah hu un te,(d)na-ah-hu-un-te,𒀭 𒈾 𒄴 𒄷 𒌦 𒋼,False,0
1772,UntN TZ/S 8,kula-,III,1sg.an,,,,UntN_TZ/S_8_00009,ku ul la an ka,ku-ul-la-an-ka,𒆪 𒌌 𒆷 𒀭 𒅗,False,0
1773,UntN TZ/S 8,kula,,,,,,UntN_TZ/S_8_00010,ku la a,ku-la-a,𒆪 𒆷 𒀀,False,0
1774,UntN TZ/S 8,u,3sg.an,,,,,UntN_TZ/S_8_00011,ur,ur,𒌨,False,0
1775,UntN TZ/S 8,tumpa-,III,3sg.an,,,,UntN_TZ/S_8_00012,tu4 um pa an ra,tu4-um-pa-an-ra,𒌈 𒌝 𒉺 𒀭 𒊏,False,0
1776,UntN TZ/S 8,ak,,,,,,UntN_TZ/S_8_00013,a ak,a-ak,𒀀 𒀝,False,0
1777,UntN TZ/S 8,turu-,III,1sg.an,,,,UntN_TZ/S_8_00014,tu4 ru un ka,tu4-ru-un-ka,𒌈 𒊒 𒌦 𒅗,False,0
1778,UntN TZ/S 8,huta-,III,3sg.an,,,,UntN_TZ/S_8_00015,hu ut ta an ra,hu-ut-ta-an-ra,𒄷 𒌓 𒋫 𒀭 𒊏,False,0
1779,UntN TZ/S 8,Sian.kuk,,,,,,UntN_TZ/S_8_00016,si ia an ku uk,si-ia-an-ku-uk,𒋛 𒅀 𒀭 𒆪 𒊌,False,0
1780,UntN TZ/S 8,"sian, i",3sg.inan1,,,,,UntN_TZ/S_8_00017,si ia an i me,si-ia-an-i-me,𒋛 𒅀 𒀭 𒄿 𒈨,False,0
1781,UntN TZ/S 8,upat,,,,,,UntN_TZ/S_8_00018,u2 pa at,u2-pa-at,𒌑 𒉺 𒀜,False,0
1782,UntN TZ/S 8,husi,3pl.an,3sg.inan1,,,,UntN_TZ/S_8_00019,hu us si ip me,hu-us-si-ip-me,𒄷 𒊻 𒋛 𒅁 𒈨,False,0
1783,UntN TZ/S 8,kuši-,1sg.vb,,,,,UntN_TZ/S_8_00020,ku ši ih,ku-ši-ih,𒆪 𒅆 𒄴,False,0
1784,UntN TZ/S 8,Nahunte,,,,,,UntN_TZ/S_8_00021,d na ah hu un te,(d)na-ah-hu-un-te,𒀭 𒈾 𒄴 𒄷 𒌦 𒋼,False,0
1785,UntN TZ/S 8,lansiti,3sg.an,,,,,UntN_TZ/S_8_00022,la an si ti ir ra,la-an-si-ti-ir-ra,𒆷 𒀭 𒋛 𒋾 𒅕 𒊏,False,0
1786,UntN TZ/S 8,i,3sg.an,,,,,UntN_TZ/S_8_00023,ir,ir,𒅕,False,0
1787,UntN TZ/S 8,šari-,1sg.vb,,,,,UntN_TZ/S_8_00024,ša ri ih,ša-ri-ih,𒊭 𒊑 𒄴,False,0
1788,UntN TZ/S 8,i,3sg.an,,,,,UntN_TZ/S_8_00025,ir,ir,𒅕,False,0
1789,UntN TZ/S 8,Sian.kuk,,,,,,UntN_TZ/S_8_00026,si ia an ku uk,si-ia-an-ku-uk,𒋛 𒅀 𒀭 𒆪 𒊌,False,0
1790,UntN TZ/S 8,sian,3sg.an,,,,,UntN_TZ/S_8_00027,si ia an ra,si-ia-an-ra,𒋛 𒅀 𒀭 𒊏,False,0
1791,UntN TZ/S 8,i,3sg.an,,,,,UntN_TZ/S_8_00028,ir,ir,𒅕,False,0
1792,UntN TZ/S 8,mur.ta-,1sg.vb,,,,,UntN_TZ/S_8_00029,mu ur tah,mu-ur-tah,𒈬 𒌨 𒈭,False,0
1793,UntN TZ/S 8,hutak.halik,,,,II,,UntN_TZ/S_8_00030,hu ut tak ha li ik,hu-ut-tak-ha-li-ik,𒄷 𒌓 𒋳 𒄩 𒇷 𒅅,False,0
1794,UntN TZ/S 8,u,3sg.inan1,,,,,UntN_TZ/S_8_00031,u2 me,u2-me,𒌑 𒈨,False,0
1795,UntN TZ/S 8,Nahunte,,,,,,UntN_TZ/S_8_00032,d na ah hu un te,(d)na-ah-hu-un-te,𒀭 𒈾 𒄴 𒄷 𒌦 𒋼,False,0
1796,UntN TZ/S 8,Sian.kuk,3sg.an,,,,,UntN_TZ/S_8_00033,si ia an ku uk ra,si-ia-an-ku-uk-ra,𒋛 𒅀 𒀭 𒆪 𒊌 𒊏,False,0
1797,UntN TZ/S 8,u,acc,,,,,UntN_TZ/S_8_00034,un,un,𒌦,False,0
1798,UntN TZ/S 8,lina,,,,,,UntN_TZ/S_8_00035,li na,li-na,𒇷 𒈾,False,0
1799,UntN TZ/S 8,tela-,II,opt2,,,,UntN_TZ/S_8_00036,te la ak ni,te-la-ak-ni,𒋼 𒆷 𒀝 𒉌,False,0
1800,UntN TZ/S 8,pel,,,,,,UntN_TZ/S_8_00037,pi el,pi-el,𒉿 𒂖,False,0
1801,UntN TZ/S 8,kiti.n,postp.loc,,,3sg.inan2,,UntN_TZ/S_8_00038,ki it ti im ma,ki-it-ti-im-ma,𒆠 𒀉 𒋾 𒅎 𒈠,False,0
1802,UntN TZ/S 8,,,,,,,UntN_TZ/S_8_00039,na a,na-a,𒈾 𒀀,False,0
1803,UntN TZ/S 8,meluk,3sg.an,,,,,UntN_TZ/S_8_00040,me lu uk ra,me-lu-uk-ra,𒈨 𒇻 𒊌 𒊏,False,0
1804,UntN TZ/S 8,ak,,,,,,UntN_TZ/S_8_00041,a ak,a-ak,𒀀 𒀝,False,0
1805,UntN TZ/S 8,sunki.me,,,,3sg.inan1,,UntN_TZ/S_8_00042,zu un ki me,zu-un-ki-me,𒍪 𒌦 𒆠 𒈨,False,0
1806,UntN TZ/S 8,"tur, hih",,,,,,UntN_TZ/S_8_00043,tu4 ur hi ih,tu4-ur-hi-ih,𒌈 𒌨 𒄭 𒄴,False,0
1807,UntN TZ/S 8,sit.me,,,,3sg.inan1,,UntN_TZ/S_8_00044,zi it me,zi-it-me,𒍣 𒀉 𒈨,False,0
1808,UntN TZ/S 8,u,acc,,,,,UntN_TZ/S_8_00045,un,un,𒌦,False,0
1809,UntN TZ/S 8,tuni-,3sg.vb,opt2,,,,UntN_TZ/S_8_00046,du ni iš ni,du-ni-iš-ni,𒁺 𒉌 𒅖 𒉌,False,0
1810,UntN TZ/S 9,u,,,,,,UntN_TZ/S_9_00001,u2,u2,𒌑,False,0
1811,UntN TZ/S 9,Untash-Napirisha,,,,,,UntN_TZ/S_9_00002,m un taš dingir gal,(m)un-taš-dingir-gal,𒁹 𒌦 𒌨 𒀭 𒃲,False,0
1812,UntN TZ/S 9,šak,,,,,,UntN_TZ/S_9_00003,ša ak,ša-ak,𒊭 𒀝,False,0
1813,UntN TZ/S 9,Humban-umena,1sg.an,,,,,UntN_TZ/S_9_00004,m d hu um ban nu me na gi,(md)hu-um-ban-nu-me-na-gi,𒁹 𒀭 𒄷 𒌝 𒉼 𒉡 𒈨 𒈾 𒄀,False,0
1814,UntN TZ/S 9,sunki,1sg.an,,,,,UntN_TZ/S_9_00005,su un ki ik,su-un-ki-ik,𒋢 𒌦 𒆠 𒅅,False,0
1815,UntN TZ/S 9,Anshan,,,,,,UntN_TZ/S_9_00006,an za an,an-za-an,𒀭 𒍝 𒀭,False,0
1816,UntN TZ/S 9,Susa,1sg.an,,,,,UntN_TZ/S_9_00007,šu šu un ka,šu-šu-un-ka,𒋗 𒋗 𒌦 𒅗,False,0
1817,UntN TZ/S 9,pel,,,,,,UntN_TZ/S_9_00008,pi el,pi-el,𒉿 𒂖,False,0
1818,UntN TZ/S 9,kiti.n,postp.loc,,,3sg.inan2,,UntN_TZ/S_9_00009,ki it ti im ma,ki-it-ti-im-ma,𒆠 𒀉 𒋾 𒅎 𒈠,False,0
1819,UntN TZ/S 9,,,,,,,UntN_TZ/S_9_00010,na a,na-a,𒈾 𒀀,False,0
1820,UntN TZ/S 9,meluk,3sg.an,,,,,UntN_TZ/S_9_00011,me lu uk ra,me-lu-uk-ra,𒈨 𒇻 𒊌 𒊏,False,0
1821,UntN TZ/S 9,sunki.me,,,,3sg.inan1,,UntN_TZ/S_9_00012,su un ki me,su-un-ki-me,𒋢 𒌦 𒆠 𒈨,False,0
1822,UntN TZ/S 9,tur,,,,,,UntN_TZ/S_9_00013,tu4 ur,tu4-ur,𒌈 𒌨,False,0
1823,UntN TZ/S 9,hih,,,,,,UntN_TZ/S_9_00014,hi ih,hi-ih,𒄭 𒄴,False,0
1824,UntN TZ/S 9,sit.me,,,,3sg.inan1,,UntN_TZ/S_9_00015,si it me,si-it-me,𒋛 𒀉 𒈨,False,0
1825,UntN TZ/S 9,hi-,III,1sg.an,,,,UntN_TZ/S_9_00016,hi en ka,hi-en-ka,𒄭 𒂗 𒅗,False,0
1826,UntN TZ/S 9,in.tika,,,,,,UntN_TZ/S_9_00017,in ti ik ka,in-ti-ik-ka,𒅔 𒋾 𒅅 𒅗,False,0
1827,UntN TZ/S 9,ak,,,,,,UntN_TZ/S_9_00018,a gi,a-gi,𒀀 𒄀,False,0
1828,UntN TZ/S 9,sian,,,,,,UntN_TZ/S_9_00019,si ia an,si-ia-an,𒋛 𒅀 𒀭,False,0
1829,UntN TZ/S 9,Napirisha,3sg.inan1,,,,,UntN_TZ/S_9_00020,dingir gal me,dingir-gal-me,𒀭 𒃲 𒈨,False,0
1830,UntN TZ/S 9,kuši-,,,,,,UntN_TZ/S_9_00021,ku ši ih,ku-ši-ih,𒆪 𒅆 𒄴,False,0
1831,UntN TZ/S 9,Napirisha,,,,,,UntN_TZ/S_9_00022,dingir gal,dingir-gal,𒀭 𒃲,False,0
1832,UntN TZ/S 9,Sian.kuk,3sg.an,,,,,UntN_TZ/S_9_00023,si ia an ku uk ra,si-ia-an-ku-uk-ra,𒋛 𒅀 𒀭 𒆪 𒊌 𒊏,False,0
1833,UntN TZ/S 9,tuni-,,,,,,UntN_TZ/S_9_00024,du ni ih,du-ni-ih,𒁺 𒉌 𒄴,False,0
1834,UntN TZ/S 9,hutak.halik,,,,II,,UntN_TZ/S_9_00025,hu ut tak ha li ik,hu-ut-tak-ha-li-ik,𒄷 𒌓 𒋳 𒄩 𒇷 𒅅,False,0
1835,UntN TZ/S 9,u,3sg.inan1,,,,,UntN_TZ/S_9_00026,u2 me,u2-me,𒌑 𒈨,False,0
1836,UntN TZ/S 9,Napirisha,,,,,,UntN_TZ/S_9_00027,dingir gal,dingir-gal,𒀭 𒃲,False,0
1837,UntN TZ/S 9,ak,,,,,,UntN_TZ/S_9_00028,a ak,a-ak,𒀀 𒀝,False,0
1838,UntN TZ/S 9,Inshushinak,,,,,,UntN_TZ/S_9_00029,d in šu ši na ak,(d)in-šu-ši-na-ak,𒀭 𒅔 𒋗 𒅆 𒈾 𒀝,False,0
1839,UntN TZ/S 9,Sian.kuk,3pl.an,,,,,UntN_TZ/S_9_00030,si ia an ku uk pa,si-ia-an-ku-uk-pa,𒋛 𒅀 𒀭 𒆪 𒊌 𒉺,False,0
1840,UntN TZ/S 9,lina,,,,,,UntN_TZ/S_9_00031,li na,li-na,𒇷 𒈾,False,0
1841,UntN TZ/S 9,tela-,II,opt2,,,,UntN_TZ/S_9_00032,te la ak ni,te-la-ak-ni,𒋼 𒆷 𒀝 𒉌,False,0
1842,UntN TZ/S 10,u,,,,,,UntN_TZ/S_10_00001,u2,u2,𒌑,False,0
1843,UntN TZ/S 10,Untash-Napirisha,,,,,,UntN_TZ/S_10_00002,m un taš dingir gal,(m)un-taš-dingir-gal,𒁹 𒌦 𒌨 𒀭 𒃲,False,0
1844,UntN TZ/S 10,šak,,,,,,UntN_TZ/S_10_00003,ša ak,ša-ak,𒊭 𒀝,False,0
1845,UntN TZ/S 10,Humban-umena,1sg.an,,,,,UntN_TZ/S_10_00004,m d hu ban um me en na ki,(md)hu-ban-um-me-en-na-ki,𒁹 𒀭 𒄷 𒉼 𒌝 𒈨 𒂗 𒈾 𒆠,False,0
1846,UntN TZ/S 10,sunki,1sg.an,,,,,UntN_TZ/S_10_00005,su un ki ik,su-un-ki-ik,𒋢 𒌦 𒆠 𒅅,False,0
1847,UntN TZ/S 10,Anshan,,,,,,UntN_TZ/S_10_00006,an za an,an-za-an,𒀭 𒍝 𒀭,False,0
1848,UntN TZ/S 10,Susa,1sg.an,,,,,UntN_TZ/S_10_00007,šu šu un ka,šu-šu-un-ka,𒋗 𒋗 𒌦 𒅗,False,0
1849,UntN TZ/S 10,sian,,,,,,UntN_TZ/S_10_00008,si a an,si-a-an,𒋛 𒀀 𒀭,False,0
1850,UntN TZ/S 10,upkum,postp.loc,,,,,UntN_TZ/S_10_00009,up qu mi ma,up-qu-mi-ma,𒌒 𒄣 𒈪 𒈠,False,0
1851,UntN TZ/S 10,kuši-,1sg.vb,,,,,UntN_TZ/S_10_00010,ku ši ih,ku-ši-ih,𒆪 𒅆 𒄴,False,0
1852,UntN TZ/S 10,Inshushinak,,,,,,UntN_TZ/S_10_00011,d in šu uš na ak,(d)in-šu-uš-na-ak,𒀭 𒅔 𒋗 𒍑 𒈾 𒀝,False,0
1853,UntN TZ/S 10,u,acc,,,,,UntN_TZ/S_10_00012,un,un,𒌦,False,0
1854,UntN TZ/S 10,tuni-,1sg.vb,,,,,UntN_TZ/S_10_00013,du ni ih,du-ni-ih,𒁺 𒉌 𒄴,False,0
1855,UntN TZ/S 11,u,,,,,,UntN_TZ/S_11_00001,u2,u2,𒌑,False,0
1856,UntN TZ/S 11,Untash-Napirisha,,,,,,UntN_TZ/S_11_00002,m un taš dingir gal,(m)un-taš-dingir-gal,𒁹 𒌦 𒌨 𒀭 𒃲,False,0
1857,UntN TZ/S 11,šak,,,,,,UntN_TZ/S_11_00003,ša ak,ša-ak,𒊭 𒀝,False,0
1858,UntN TZ/S 11,Humban-umena,1sg.an,,,,,UntN_TZ/S_11_00004,m d hu um ban nu me na gi,(md)hu-um-ban-nu-me-na-gi,𒁹 𒀭 𒄷 𒌝 𒉼 𒉡 𒈨 𒈾 𒄀,False,0
1859,UntN TZ/S 11,sunki,1sg.an,,,,,UntN_TZ/S_11_00005,su un ki ik,su-un-ki-ik,𒋢 𒌦 𒆠 𒅅,False,0
1860,UntN TZ/S 11,Anshan,,,,,,UntN_TZ/S_11_00006,an za an,an-za-an,𒀭 𒍝 𒀭,False,0
1861,UntN TZ/S 11,Susa,1sg.an,,,,,UntN_TZ/S_11_00007,šu šu un ka,šu-šu-un-ka,𒋗 𒋗 𒌦 𒅗,False,0
1862,UntN TZ/S 11,pel,,,,,,UntN_TZ/S_11_00008,pi el,pi-el,𒉿 𒂖,False,0
1863,UntN TZ/S 11,kiti.n,postp.loc,,,3sg.inan2,,UntN_TZ/S_11_00009,ki it ti im ma,ki-it-ti-im-ma,𒆠 𒀉 𒋾 𒅎 𒈠,False,0
1864,UntN TZ/S 11,,,,,,,UntN_TZ/S_11_00010,na a,na-a,𒈾 𒀀,False,0
1865,UntN TZ/S 11,meluk,3sg.an,,,,,UntN_TZ/S_11_00011,me lu uk ra,me-lu-uk-ra,𒈨 𒇻 𒊌 𒊏,False,0
1866,UntN TZ/S 11,sunki.me,,,,3sg.inan1,,UntN_TZ/S_11_00012,su un ki me,su-un-ki-me,𒋢 𒌦 𒆠 𒈨,False,0
1867,UntN TZ/S 11,tur,,,,,,UntN_TZ/S_11_00013,tu4 ur,tu4-ur,𒌈 𒌨,False,0
1868,UntN TZ/S 11,hih,,,,,,UntN_TZ/S_11_00014,hi ih,hi-ih,𒄭 𒄴,False,0
1869,UntN TZ/S 11,sit.me,,,,3sg.inan1,,UntN_TZ/S_11_00015,si it me,si-it-me,𒋛 𒀉 𒈨,False,0
1870,UntN TZ/S 11,hi-,III,1sg.an,,,,UntN_TZ/S_11_00016,hi en ga,hi-en-ga,𒄭 𒂗 𒂵,False,0
1871,UntN TZ/S 11,in.tika,,,,,,UntN_TZ/S_11_00017,in ti ik ka,in-ti-ik-ka,𒅔 𒋾 𒅅 𒅗,False,0
1872,UntN TZ/S 11,ak,,,,,,UntN_TZ/S_11_00018,a gi,a-gi,𒀀 𒄀,False,0
1873,UntN TZ/S 11,sian,,,,,,UntN_TZ/S_11_00019,si ia an,si-ia-an,𒋛 𒅀 𒀭,False,0
1874,UntN TZ/S 11,malku,,,,,,UntN_TZ/S_11_00020,mi el ki,mi-el-ki,𒈪 𒂖 𒆠,False,0
1875,UntN TZ/S 11,ilu,,,,3sg.inan1,,UntN_TZ/S_11_00021,i la a ni me,i-la-a-ni-me,𒄿 𒆷 𒀀 𒉌 𒈨,False,0
1876,UntN TZ/S 11,kuši-,1sg.vb,,,,,UntN_TZ/S_11_00022,ku ši ih,ku-ši-ih,𒆪 𒅆 𒄴,False,0
1877,UntN TZ/S 11,Napirisha,,,,,,UntN_TZ/S_11_00023,dingir gal,dingir-gal,𒀭 𒃲,False,0
1878,UntN TZ/S 11,ak,,,,,,UntN_TZ/S_11_00024,a ak,a-ak,𒀀 𒀝,False,0
1879,UntN TZ/S 11,Inshushinak,,,,,,UntN_TZ/S_11_00025,d in šu uš na ak,(d)in-šu-uš-na-ak,𒀭 𒅔 𒋗 𒍑 𒈾 𒀝,False,0
1880,UntN TZ/S 11,Sian.kuk,3pl.an,,,,,UntN_TZ/S_11_00026,si ia an ku uk pa,si-ia-an-ku-uk-pa,𒋛 𒅀 𒀭 𒆪 𒊌 𒉺,False,0
1881,UntN TZ/S 11,i,3sg.inan2,,,,,UntN_TZ/S_11_00027,in,in,𒅔,False,0
1882,UntN TZ/S 11,tuni-,1sg.vb,,,,,UntN_TZ/S_11_00028,du ni ih,du-ni-ih,𒁺 𒉌 𒄴,False,0
1883,UntN TZ/S 11,hutak.halik,,,,II,,UntN_TZ/S_11_00029,hu ut ta ak ha li ik,hu-ut-ta-ak-ha-li-ik,𒄷 𒌓 𒋫 𒀝 𒄩 𒇷 𒅅,False,0
1884,UntN TZ/S 11,u,3sg.inan1,,,,,UntN_TZ/S_11_00030,u2 me,u2-me,𒌑 𒈨,False,0
1885,UntN TZ/S 11,Napirisha,,,,,,UntN_TZ/S_11_00031,dingir gal,dingir-gal,𒀭 𒃲,False,0
1886,UntN TZ/S 11,ak,,,,,,UntN_TZ/S_11_00032,a ak,a-ak,𒀀 𒀝,False,0
1887,UntN TZ/S 11,Inshushinak,,,,,,UntN_TZ/S_11_00033,d in šu uš na ak,(d)in-šu-uš-na-ak,𒀭 𒅔 𒋗 𒍑 𒈾 𒀝,False,0
1888,UntN TZ/S 11,Sian.kuk,3pl.an,,,,,UntN_TZ/S_11_00034,si ia an ku uk pa,si-ia-an-ku-uk-pa,𒋛 𒅀 𒀭 𒆪 𒊌 𒉺,False,0
1889,UntN TZ/S 11,lina,,,,,,UntN_TZ/S_11_00035,li na,li-na,𒇷 𒈾,False,0
1890,UntN TZ/S 11,tela-,II,opt2,,,,UntN_TZ/S_11_00036,te la ak ni,te-la-ak-ni,𒋼 𒆷 𒀝 𒉌,False,0
1891,UntN TZ/S 12,u,,,,,,UntN_TZ/S_12_00001,u2,u2,𒌑,False,0
1892,UntN TZ/S 12,Untash-Napirisha,,,,,,UntN_TZ/S_12_00002,m un taš dingir gal,(m)un-taš-dingir-gal,𒁹 𒌦 𒌨 𒀭 𒃲,False,0
1893,UntN TZ/S 12,šak,,,,,,UntN_TZ/S_12_00003,ša ak,ša-ak,𒊭 𒀝,False,0
1894,UntN TZ/S 12,Humban-umena,1sg.an,,,,,UntN_TZ/S_12_00004,m d hu um ban nu me na gi,(md)hu-um-ban-nu-me-na-gi,𒁹 𒀭 𒄷 𒌝 𒉼 𒉡 𒈨 𒈾 𒄀,False,0
1895,UntN TZ/S 12,sunki,1sg.an,,,,,UntN_TZ/S_12_00005,su un ki ik,su-un-ki-ik,𒋢 𒌦 𒆠 𒅅,False,0
1896,UntN TZ/S 12,Anshan,,,,,,UntN_TZ/S_12_00006,an za an,an-za-an,𒀭 𒍝 𒀭,False,0
1897,UntN TZ/S 12,Susa,1sg.an,,,,,UntN_TZ/S_12_00007,šu šu un ka,šu-šu-un-ka,𒋗 𒋗 𒌦 𒅗,False,0
1898,UntN TZ/S 12,ain,,,,,,UntN_TZ/S_12_00008,a i in,a-i-in,𒀀 𒄿 𒅔,False,0
1899,UntN TZ/S 12,kuten,,,,,,UntN_TZ/S_12_00009,ku te en,ku-te-en,𒆪 𒋼 𒂗,False,0
1900,UntN TZ/S 12,upat,,,,,,UntN_TZ/S_12_00010,u2 pa at,u2-pa-at,𒌑 𒉺 𒀜,False,0
1901,UntN TZ/S 12,husi,3pl.an,3sg.inan1,,,,UntN_TZ/S_12_00011,hu us si ip me,hu-us-si-ip-me,𒄷 𒊻 𒋛 𒅁 𒈨,False,0
1902,UntN TZ/S 12,kuši-,1sg.vb,,,,,UntN_TZ/S_12_00012,ku ši ih,ku-ši-ih,𒆪 𒅆 𒄴,False,0
1903,UntN TZ/S 12,Napirisha,,,,,,UntN_TZ/S_12_00013,dingir gal,dingir-gal,𒀭 𒃲,False,0
1904,UntN TZ/S 12,i,3sg.inan2,,,,,UntN_TZ/S_12_00014,in,in,𒅔,False,0
1905,UntN TZ/S 12,tuni-,1sg.vb,,,,,UntN_TZ/S_12_00015,du ni ih,du-ni-ih,𒁺 𒉌 𒄴,False,0
1906,UntN TZ/S 12,Sian.kuk,,,,,,UntN_TZ/S_12_00016,si ia an ku uk,si-ia-an-ku-uk,𒋛 𒅀 𒀭 𒆪 𒊌,False,0
1907,UntN TZ/S 12,ulluru-,II,,,,,UntN_TZ/S_12_00017,ul lu ru uk,ul-lu-ru-uk,𒌌 𒇻 𒊒 𒊌,False,0
1908,UntN TZ/S 12,Sian.kuk,,,,,,UntN_TZ/S_12_00018,si ia an ku uk,si-ia-an-ku-uk,𒋛 𒅀 𒀭 𒆪 𒊌,False,0
1909,UntN TZ/S 12,sima-,3sg.vb,,,,,UntN_TZ/S_12_00019,si ma aš2,si-ma-aš2,𒋛 𒈠 aš2,False,0
1910,UntN TZ/S 12,hutak.halik,,,,II,,UntN_TZ/S_12_00020,hu ut tak ha li ik,hu-ut-tak-ha-li-ik,𒄷 𒌓 𒋳 𒄩 𒇷 𒅅,False,0
1911,UntN TZ/S 12,u,3sg.inan1,,,,,UntN_TZ/S_12_00021,u2 me,u2-me,𒌑 𒈨,False,0
1912,UntN TZ/S 12,Napirisha,,,,,,UntN_TZ/S_12_00022,dingir gal,dingir-gal,𒀭 𒃲,False,0
1913,UntN TZ/S 12,lina,,,,,,UntN_TZ/S_12_00023,li na,li-na,𒇷 𒈾,False,0
1914,UntN TZ/S 12,tela-,II,opt2,,,,UntN_TZ/S_12_00024,te la ak ni,te-la-ak-ni,𒋼 𒆷 𒀝 𒉌,False,0
1915,UntN TZ/S 13,u,,,,,,UntN_TZ/S_13_00001,u2,u2,𒌑,False,0
1916,UntN TZ/S 13,Untash-Napirisha,,,,,,UntN_TZ/S_13_00002,m un taš dingir gal,(m)un-taš-dingir-gal,𒁹 𒌦 𒌨 𒀭 𒃲,False,0
1917,UntN TZ/S 13,šak,,,,,,UntN_TZ/S_13_00003,ša ak,ša-ak,𒊭 𒀝,False,0
1918,UntN TZ/S 13,Humban-umena,1sg.an,,,,,UntN_TZ/S_13_00004,m d hu um ban nu me na gi,(md)hu-um-ban-nu-me-na-gi,𒁹 𒀭 𒄷 𒌝 𒉼 𒉡 𒈨 𒈾 𒄀,False,0
1919,UntN TZ/S 13,sunki,1sg.an,,,,,UntN_TZ/S_13_00005,su un ki ik,su-un-ki-ik,𒋢 𒌦 𒆠 𒅅,False,0
1920,UntN TZ/S 13,Anshan,,,,,,UntN_TZ/S_13_00006,an za an,an-za-an,𒀭 𒍝 𒀭,False,0
1921,UntN TZ/S 13,Susa,1sg.an,,,,,UntN_TZ/S_13_00007,šu šu un ka,šu-šu-un-ka,𒋗 𒋗 𒌦 𒅗,False,0
1922,UntN TZ/S 13,sian,,,,,,UntN_TZ/S_13_00008,si ia an,si-ia-an,𒋛 𒅀 𒀭,False,0
1923,UntN TZ/S 13,Nabu,3sg.inan1,,,,,UntN_TZ/S_13_00009,d na bu me,(d)na-bu-me,𒀭 𒈾 𒁍 𒈨,False,0
1924,UntN TZ/S 13,upat,,,,,,UntN_TZ/S_13_00010,u2 pa at,u2-pa-at,𒌑 𒉺 𒀜,False,0
1925,UntN TZ/S 13,husi,3pl.an,3sg.inan1,,,,UntN_TZ/S_13_00011,hu us si ip me,hu-us-si-ip-me,𒄷 𒊻 𒋛 𒅁 𒈨,False,0
1926,UntN TZ/S 13,kuši-,1sg.vb,,,,,UntN_TZ/S_13_00012,ku ši ih,ku-ši-ih,𒆪 𒅆 𒄴,False,0
1927,UntN TZ/S 13,Nabu,,,,,,UntN_TZ/S_13_00013,d na bu u2,(d)na-bu-u2,𒀭 𒈾 𒁍 𒌑,False,0
1928,UntN TZ/S 13,lansiti,3sg.an,,,,,UntN_TZ/S_13_00014,la an si ti ra,la-an-si-ti-ra,𒆷 𒀭 𒋛 𒋾 𒊏,False,0
1929,UntN TZ/S 13,i,3sg.an,,,,,UntN_TZ/S_13_00015,ir,ir,𒅕,False,0
1930,UntN TZ/S 13,aha,3sg.an,,,,,UntN_TZ/S_13_00016,a ha ar,a-ha-ar,𒀀 𒄩 𒅈,False,0
1931,UntN TZ/S 13,mur.ta-,1sg.vb,,,,,UntN_TZ/S_13_00017,mu ur tah,mu-ur-tah,𒈬 𒌨 𒈭,False,0
1932,UntN TZ/S 13,hutak.halik,,,,II,,UntN_TZ/S_13_00018,hu ut tak ha li ik,hu-ut-tak-ha-li-ik,𒄷 𒌓 𒋳 𒄩 𒇷 𒅅,False,0
1933,UntN TZ/S 13,u,3sg.inan1,,,,,UntN_TZ/S_13_00019,u2 me,u2-me,𒌑 𒈨,False,0
1934,UntN TZ/S 13,Nabu,,,,,,UntN_TZ/S_13_00020,d na bu u2,(d)na-bu-u2,𒀭 𒈾 𒁍 𒌑,False,0
1935,UntN TZ/S 13,Sian.kuk,3sg.an,,,,,UntN_TZ/S_13_00021,si ia an ku uk ra,si-ia-an-ku-uk-ra,𒋛 𒅀 𒀭 𒆪 𒊌 𒊏,False,0
1936,UntN TZ/S 13,lina,,,,,,UntN_TZ/S_13_00022,ul li na,ul-li-na,𒌌 𒇷 𒈾,False,0
1937,UntN TZ/S 13,tela-,II,opt2,,,,UntN_TZ/S_13_00023,te la ak ni,te-la-ak-ni,𒋼 𒆷 𒀝 𒉌,False,0
1938,UntN TZ/S 14,Sian.kuk,3sg.an,,,,,UntN_TZ/S_14_00001,si ia an ku uk ra,si-ia-an-ku-uk-ra,𒋛 𒅀 𒀭 𒆪 𒊌 𒊏,False,0
1939,UntN TZ/S 14,lina,,,,,,UntN_TZ/S_14_00002,li na,li-na,𒇷 𒈾,False,0
1940,UntN TZ/S 14,tela-,II,opt2,,,,UntN_TZ/S_14_00003,te la ak ni,te-[la-ak-ni],𒋼 𒆷 𒀝 𒉌,False,0
1941,UntN TZ/S 14,pel,,,,,,UntN_TZ/S_14_00004,pi el,pi-el,𒉿 𒂖,False,0
1942,UntN TZ/S 14,kiti.n,postp.loc,,,,,UntN_TZ/S_14_00005,ki it ti im ma,ki-it-ti-im-ma,𒆠 𒀉 𒋾 𒅎 𒈠,False,0
1943,UntN TZ/S 14,,,,,,,UntN_TZ/S_14_00006,na a,na-a,𒈾 𒀀,False,0
1944,UntN TZ/S 14,meluk,3sg.an,,,,,UntN_TZ/S_14_00007,me lu u k ra,[me]-lu-u[k-ra],𒈨 𒇻 𒊌 𒊏,False,0
1945,UntN TZ/S 14,"šut, ki",3sg.inan1,,,,,UntN_TZ/S_14_00008,šu ut ki me,šu-<ut>-ki-me,𒋗 𒌓 𒆠 𒈨,False,0
1946,UntN TZ/S 14,"šat, ki",3sg.inan1,,,,,UntN_TZ/S_14_00009,ša at ki me,ša-at-ki-me,𒊭 𒀜 𒆠 𒈨,False,0
1947,UntN TZ/S 14,sunki.me,,,,3sg.inan1,,UntN_TZ/S_14_00010,su un ki me,su-un-ki-me,𒋢 𒌦 𒆠 𒈨,False,0
1948,UntN TZ/S 14,tur,,,,,,UntN_TZ/S_14_00011,tu4 ur,[tu4-ur],𒌈 𒌨,False,0
1949,UntN TZ/S 14,hih,,,,,,UntN_TZ/S_14_00012,hi ih,hi-ih,𒄭 𒄴,False,0
1950,UntN TZ/S 14,sit.me,,,,3sg.inan1,,UntN_TZ/S_14_00013,si it me,si-it-me,𒋛 𒀉 𒈨,False,0
1951,UntN TZ/S 14,Inshushinak,,,,,,UntN_TZ/S_14_00014,d in šu uš na ak,(d)in-šu-uš-[na-ak],𒀭 𒅔 𒋗 𒍑 𒈾 𒀝,False,0
1952,UntN TZ/S 15,u,,,,,,UntN_TZ/S_15_00001,u2,u2,𒌑,False,0
1953,UntN TZ/S 15,Untash-Napirisha,,,,,,UntN_TZ/S_15_00002,m un taš dingir gal,(m)un-taš-dingir-gal,𒁹 𒌦 𒌨 𒀭 𒃲,False,0
1954,UntN TZ/S 15,šak,,,,,,UntN_TZ/S_15_00003,ša ak,ša-ak,𒊭 𒀝,False,0
1955,UntN TZ/S 15,Humban-umena,1sg.an,,,,,UntN_TZ/S_15_00004,m d hu um ba nu me na ki,(md)hu-um-ba-nu-me-na-[ki,𒁹 𒀭 𒄷 𒌝 𒁀 𒉡 𒈨 𒈾 𒆠,False,0
1956,UntN TZ/S 15,sunki,1sg.an,,,,,UntN_TZ/S_15_00005,su un ki ik,su-un-ki]-ik,𒋢 𒌦 𒆠 𒅅,False,0
1957,UntN TZ/S 15,Anshan,,,,,,UntN_TZ/S_15_00006,an za an,an-za-an,𒀭 𒍝 𒀭,False,0
1958,UntN TZ/S 15,Susa,1sg.an,,,,,UntN_TZ/S_15_00007,šu šu un ka,šu-šu-un-ka,𒋗 𒋗 𒌦 𒅗,False,0
1959,UntN TZ/S 15,kukunum,,,,,,UntN_TZ/S_15_00008,ku ku un nu um,ku-ku-un-[nu-um,𒆪 𒆪 𒌦 𒉡 𒌝,False,0
1960,UntN TZ/S 15,,,,,,,UntN_TZ/S_15_00009,… ti ia,[…]-ti-ia,… 𒋾 𒅀,False,0
1961,UntN TZ/S 15,ak,,,,,,UntN_TZ/S_15_00010,a ak,a-ak,𒀀 𒀝,False,0
1962,UntN TZ/S 15,lansiti,3sg.inan1,,,,,UntN_TZ/S_15_00011,la an si ti me,la-an-si-ti-me,𒆷 𒀭 𒋛 𒋾 𒈨,False,0
1963,UntN TZ/S 15,kuši-,1sg.vb,,,,,UntN_TZ/S_15_00012,ku ši ih,ku-ši-ih,𒆪 𒅆 𒄴,False,0
1964,UntN TZ/S 15,Napirisha,,,,,,UntN_TZ/S_15_00013,dingir gal,[dingir-gal,𒀭 𒃲,False,0
1965,UntN TZ/S 15,ak,,,,,,UntN_TZ/S_15_00014,a ak,a-ak],𒀀 𒀝,False,0
1966,UntN TZ/S 15,Inshushinak,,,,,,UntN_TZ/S_15_00015,d in šu uš na ak,(d)in-šu-uš-[na-ak,𒀭 𒅔 𒋗 𒍑 𒈾 𒀝,False,0
1967,UntN TZ/S 15,Sian.kuk,3pl.an,,,,,UntN_TZ/S_15_00016,si ia an ku uk pa,si-ia]-an-ku-uk-pa,𒋛 𒅀 𒀭 𒆪 𒊌 𒉺,False,0
1968,UntN TZ/S 15,i,3sg.inan2,,,,,UntN_TZ/S_15_00017,in,[in,𒅔,False,0
1969,UntN TZ/S 15,tuni-,1sg.vb,,,,,UntN_TZ/S_15_00018,du ni ih,du-ni-ih,𒁺 𒉌 𒄴,False,0
1970,UntN TZ/S 15,kukunum,,,,,,UntN_TZ/S_15_00019,ku ku un nu um,ku]-ku-un-[nu-um,𒆪 𒆪 𒌦 𒉡 𒌝,False,0
1971,UntN TZ/S 15,,,,,,,UntN_TZ/S_15_00020,… ak,[…]-ak,… 𒀝,False,0
1972,UntN TZ/S 15,Napirisha,,,,,,UntN_TZ/S_15_00021,dingir gal,dingir-gal,𒀭 𒃲,False,0
1973,UntN TZ/S 15,ak,,,,,,UntN_TZ/S_15_00022,a ak,[a-ak,𒀀 𒀝,False,0
1974,UntN TZ/S 15,Inshushinak,,,,,,UntN_TZ/S_15_00023,d in šu uš n a ak,(d)in]-šu-uš-n[a-ak,𒀭 𒅔 𒋗 𒍑 𒈾 𒀝,False,0
1975,UntN TZ/S 15,Sian.kuk,3pl.an,,,,,UntN_TZ/S_15_00024,si ia an ku uk pa,si-ia-an-ku]-uk-pa,𒋛 𒅀 𒀭 𒆪 𒊌 𒉺,False,0
1976,UntN TZ/S 15,,,,,,,UntN_TZ/S_15_00025,…,[…],…,False,0
1977,UntN TZ/S 15,,,,,,,UntN_TZ/S_15_00026,ni,ni,𒉌,False,0
1978,UntN TZ/S 15,,,,,,,UntN_TZ/S_15_00027,…,[…],…,False,0
1979,UntN TZ/S 15,,,,,,,UntN_TZ/S_15_00028,ra,ra,𒊏,False,0
1980,UntN TZ/S 15,,,,,,,UntN_TZ/S_15_00029,… uš ni e,[…]-uš-ni-e,… 𒍑 𒉌 𒂊,False,0
1981,UntN TZ/S 16,u,,,,,,UntN_TZ/S_16_00001,u2,u2,𒌑,False,0
1982,UntN TZ/S 16,Untash-Napirisha,,,,,,UntN_TZ/S_16_00002,m un taš dingir gal,(m)un-taš-dingir-gal,𒁹 𒌦 𒌨 𒀭 𒃲,False,0
1983,UntN TZ/S 16,šak,,,,,,UntN_TZ/S_16_00003,ša ak,ša-[ak,𒊭 𒀝,False,0
1984,UntN TZ/S 16,Humban-umena,1sg.an,,,,,UntN_TZ/S_16_00004,m d hu um ba nu me na ki,(md)hu-um-ba-nu-me-na-ki],𒁹 𒀭 𒄷 𒌝 𒁀 𒉡 𒈨 𒈾 𒆠,False,0
1985,UntN TZ/S 16,sunki,1sg.an,,,,,UntN_TZ/S_16_00005,su un ki ik,su-un-ki-ik,𒋢 𒌦 𒆠 𒅅,False,0
1986,UntN TZ/S 16,Anshan,,,,,,UntN_TZ/S_16_00006,an za an,an-za-an,𒀭 𒍝 𒀭,False,0
1987,UntN TZ/S 16,Susa,1sg.an,,,,,UntN_TZ/S_16_00007,šu šu un ka,šu-[šu-un-ka,𒋗 𒋗 𒌦 𒅗,False,0
1988,UntN TZ/S 16,kukunum,,,,,,UntN_TZ/S_16_00008,ku ku un nu um,ku-ku-un-nu-um],𒆪 𒆪 𒌦 𒉡 𒌝,False,0
1989,UntN TZ/S 16,,,,,,,UntN_TZ/S_16_00009,… ti ia,[…]-ti-ia,… 𒋾 𒅀,False,0
1990,UntN TZ/S 16,ak,,,,,,UntN_TZ/S_16_00010,a ak,a-ak,𒀀 𒀝,False,0
1991,UntN TZ/S 16,lansiti,3sg.inan1,,,,,UntN_TZ/S_16_00011,la an si ti me,la-an-[si-ti-me,𒆷 𒀭 𒋛 𒋾 𒈨,False,0
1992,UntN TZ/S 16,kuši-,1sg.vb,,,,,UntN_TZ/S_16_00012,ku ši ih,ku-ši-ih,𒆪 𒅆 𒄴,False,0
1993,UntN TZ/S 16,Napirisha,,,,,,UntN_TZ/S_16_00013,dingir gal,dingir-gal,𒀭 𒃲,False,0
1994,UntN TZ/S 16,ak,,,,,,UntN_TZ/S_16_00014,a ak,a-ak,𒀀 𒀝,False,0
1995,UntN TZ/S 16,Inshushinak,,,,,,UntN_TZ/S_16_00015,d in šu uš na ak,(d)in-šu-uš]-na-ak,𒀭 𒅔 𒋗 𒍑 𒈾 𒀝,False,0
1996,UntN TZ/S 16,Sian.kuk,3pl.an,,,,,UntN_TZ/S_16_00016,si ia an ku uk pa,si-ia-an-[ku-uk-pa,𒋛 𒅀 𒀭 𒆪 𒊌 𒉺,False,0
1997,UntN TZ/S 16,i,3sg.inan2,,,,,UntN_TZ/S_16_00017,in,in,𒅔,False,0
1998,UntN TZ/S 16,tuni-,1sg.vb,,,,,UntN_TZ/S_16_00018,du ni ih,du-ni-ih,𒁺 𒉌 𒄴,False,0
1999,UntN TZ/S 16,kukunum,,,,,,UntN_TZ/S_16_00019,ku ku un nu um…,ku-ku-un-nu-um…,𒆪 𒆪 𒌦 𒉡 um…,False,0
2000,UntN TZ/S 16,Napirisha,,,,,,UntN_TZ/S_16_00020,dingir gal,dingir-gal,𒀭 𒃲,False,0
2001,UntN TZ/S 16,ak,,,,,,UntN_TZ/S_16_00021,a ak,a]-ak,𒀀 𒀝,False,0
2002,UntN TZ/S 16,Inshushinak,,,,,,UntN_TZ/S_16_00022,d in šu uš na ak,(d)in-šu-[uš-na-ak,𒀭 𒅔 𒋗 𒍑 𒈾 𒀝,False,0
2003,UntN TZ/S 16,Sian.kuk,3pl.an,,,,,UntN_TZ/S_16_00023,si ia an ku uk pa,si-ia-an-ku-uk-pa],𒋛 𒅀 𒀭 𒆪 𒊌 𒉺,False,0
2004,UntN TZ/S 16,,,,,,,UntN_TZ/S_16_00024,…,[…],…,False,0
2005,UntN X 1,,,,,,,UntN_X_1_00001,…,[…],…,False,0
2006,UntN X 1,,,,,,,UntN_X_1_00002,šu šu un ka,[šu-šu]-un-ka,𒋗 𒋗 𒌦 𒅗,False,0
2007,UntN X 1,tak.me,,,,3sg.inan1,,UntN_X_1_00003,ta ak me,ta-ak-me,𒋫 𒀝 𒈨,False,0
2008,UntN X 1,u,3sg.inan1,,,,,UntN_X_1_00004,u2 me,u2-me,𒌑 𒈨,False,0
2009,UntN X 1,,,,,,,UntN_X_1_00005,…,[…],…,False,0
2010,UntN X 1,,,,,,,UntN_X_1_00006,š u ut ta,[š]u?-ut?-ta?,𒋗 𒌓 𒋫,False,0
2011,UntN X 1,in-,3sg.an,,,,,UntN_X_1_00007,in gi,in-gi,𒅔 𒄀,False,0
2012,UntN X 1,,,,,,,UntN_X_1_00008,hi …,hi-[…],𒄭 …,False,0
2013,UntN X 1,aha,3sg.inan2,,,,,UntN_X_1_00009,a h a an,[a-h]a-an,𒀀 𒄩 𒀭,False,0
2014,UntN X 1,,,,,,,UntN_X_1_00010,hi iš,hi?-iš,𒄭 𒅖,False,0
2015,UntN X 1,u,3sg.inan1,,,,,UntN_X_1_00011,u2 me,u2-me,𒌑 𒈨,False,0
2016,UntN X 1,,,,,,,UntN_X_1_00012,…,[…],…,False,0
2017,UntN X 1,,,,,,,UntN_X_1_00013,hi iš e,hi-iš-e,𒄭 𒅖 𒂊,False,0
2018,UntN X 1,upat,,,,,,UntN_X_1_00014,…u2 pa at,[…u2]-pa-at,…u2 𒉺 𒀜,False,0
2019,UntN X 1,ta-,1sg.vb,,,,,UntN_X_1_00015,ta ah,ta-ah,𒋫 𒄴,False,0
2020,UntN X 1,,,,,,,UntN_X_1_00016,…,[…],…,False,0
2021,UntN X 1,u,3sg.inan1,,,,,UntN_X_1_00017,u2 me,u2-me,𒌑 𒈨,False,0
2022,UntN X 1,Upurku.pak,,,,,,UntN_X_1_00018,d u2 pur ku pa ak,(d)u2-pur-ku-pa-ak,𒀭 𒌑 𒁓 𒆪 𒉺 𒀝,False,0
2023,UntN X 1,,,,,,,UntN_X_1_00019,…,[…],…,False,0
2024,UntN X 1,u,,,,,,UntN_X_1_00020,u2,u2,𒌑,False,0
2025,UntN X 1,zagratum,,,,,,UntN_X_1_00021,zig ra tu4,zig-ra-tu4,𒍨 𒊏 𒌈,False,0
2026,UntN X 1,,,,,,,UntN_X_1_00022,#NAME,#NAME?,#name,False,0
2027,UntN X 1,,,,,,,UntN_X_1_00023,… ti e,[…]-ti-e?,… 𒋾 𒂊,False,0
2028,UntN X 1,i,3sg.inan1,,,,,UntN_X_1_00024,in,in,𒅔,False,0
2029,UntN X 1,tuni-,1sg.vb,,,,,UntN_X_1_00025,du ni ih,du-ni-ih,𒁺 𒉌 𒄴,False,0
2030,UntN X 2,,,,,,,UntN_X_2_00001,…,[…],…,False,0
2031,UntN X 2,Anshan,,,,,,UntN_X_2_00002,an za a n,[an-za-a]n,𒀭 𒍝 𒀭,False,0
2032,UntN X 2,Susa,1sg.an,,,,,UntN_X_2_00003,šu šu un ka …,šu-šu-un-[ka]-[…],𒋗 𒋗 𒌦 𒅗 …,False,0
2033,UntN X 2,tur,,,,,,UntN_X_2_00004,tu ur,[tu-ur],𒌅 𒌨,False,0
2034,UntN X 2,hih,,,,,,UntN_X_2_00005,hi ih,hi-ih,𒄭 𒄴,False,0
2035,UntN X 2,sit.me,,,,3sg.inan1,,UntN_X_2_00006,si it me,si-it-me,𒋛 𒀉 𒈨,False,0
2036,UntN X 2,,,,,,,UntN_X_2_00007,…,[…],…,False,0
2037,UntN X 2,in-,1sg.an,,,,,UntN_X_2_00008,in gi,[in]-gi,𒅔 𒄀,False,0
2038,UntN X 2,hi-,III,1sg.an,,,,UntN_X_2_00009,hi en ka,hi-en-ka,𒄭 𒂗 𒅗,False,0
2039,UntN X 2,in.tika,,,,,,UntN_X_2_00010,in ti ik ka,in-[ti-ik-ka,𒅔 𒋾 𒅅 𒅗,False,0
2040,UntN X 2,ak,,,,,,UntN_X_2_00011,a ak,a-ak],𒀀 𒀝,False,0
2041,UntN X 2,,,,,,,UntN_X_2_00012,…,[…],…,False,0
2042,UntN X 2,kukunum,,,,,,UntN_X_2_00013,ku ku un nu um,[ku-ku]-un-nu-um,𒆪 𒆪 𒌦 𒉡 𒌝,False,0
2043,UntN X 2,upkum,adj,,,,,UntN_X_2_00014,up ku mi ia,up-ku-mi-[ia],𒌒 𒆪 𒈪 𒅀,False,0
2044,UntN X 2,,,,,,,UntN_X_2_00015,…,[…],…,False,0
2045,UntN X 2,upat,,,,,,UntN_X_2_00016,…u2 pa at,[…u2-pa-at,…u2 𒉺 𒀜,False,0
2046,UntN X 2,husi,3pl.an,3sg.inan1,,,,UntN_X_2_00017,hu us si ip me,hu]-us-si-ip-me,𒄷 𒊻 𒋛 𒅁 𒈨,False,0
2047,UntN X 2,kukši-,1sg.vb,,,,,UntN_X_2_00018,ku u k ši ih,ku-u[k-ši-ih],𒆪 𒊌 𒅆 𒄴,False,0
2048,UntN X 2,,,,,,,UntN_X_2_00019,…,[…],…,False,0
2049,UntN X 2,Inshushinak,,,,,,UntN_X_2_00020,d in šu uš na ak,[(d)in]-šu-uš-na-ak,𒀭 𒅔 𒋗 𒍑 𒈾 𒀝,False,0
2050,UntN X 2,,,,,,,UntN_X_2_00021,…,[…],…,False,0
2051,UntN S 1,u,,,,,,UntN_S_1_00001,u2,u2,𒌑,False,0
2052,UntN S 1,Untash-Napirisha,,,,,,UntN_S_1_00002,m un taš dingir gal,(m)un-taš-dingir-gal,𒁹 𒌦 𒌨 𒀭 𒃲,False,0
2053,UntN S 1,šak,,,,,,UntN_S_1_00003,ša ak,ša-ak,𒊭 𒀝,False,0
2054,UntN S 1,Humban-umena,1sg.an,,,,,UntN_S_1_00004,m d hu um ban nu me na gi,(md)hu-um-ban-nu-me-na-gi,𒁹 𒀭 𒄷 𒌝 𒉼 𒉡 𒈨 𒈾 𒄀,False,0
2055,UntN S 1,sunki,1sg.an,,,,,UntN_S_1_00005,su un ki ik,su-un-ki-ik,𒋢 𒌦 𒆠 𒅅,False,0
2056,UntN S 1,Anshan,,,,,,UntN_S_1_00006,an za an,an-za-an,𒀭 𒍝 𒀭,False,0
2057,UntN S 1,Susa,1sg.an,,,,,UntN_S_1_00007,šu šu un ka,šu-šu-un-ka,𒋗 𒋗 𒌦 𒅗,False,0
2058,UntN S 1,sian,,,,,,UntN_S_1_00008,si ia an,si-ia-an,𒋛 𒅀 𒀭,False,0
2059,UntN S 1,kuši-,,,,,,UntN_S_1_00009,ku ši ih,ku-ši-ih,𒆪 𒅆 𒄴,False,0
2060,UntN S 1,Inshushinak,,,,,,UntN_S_1_00010,d in šu ši na ak,(d)in-šu-ši-na-ak,𒀭 𒅔 𒋗 𒅆 𒈾 𒀝,False,0
2061,UntN S 1,i,3sg.inan2,,,,,UntN_S_1_00011,in,in,𒅔,False,0
2062,UntN S 1,tuni-,1sg.vb,,,,,UntN_S_1_00012,du ni ih,du-ni-ih,𒁺 𒉌 𒄴,False,0
2063,UntN S 2,u,,,,,,UntN_S_2_00001,u2,u2,𒌑,False,0
2064,UntN S 2,Untash-Napirisha,,,,,,UntN_S_2_00002,m un taš dingir gal,(m)un-taš-dingir-gal,𒁹 𒌦 𒌨 𒀭 𒃲,False,0
2065,UntN S 2,šak,,,,,,UntN_S_2_00003,ša ak,ša-ak,𒊭 𒀝,False,0
2066,UntN S 2,Humban-umena,1sg.an,,,,,UntN_S_2_00004,m d hu ban um me en na ki,(md)hu-ban-um-me-en-na-ki,𒁹 𒀭 𒄷 𒉼 𒌝 𒈨 𒂗 𒈾 𒆠,False,0
2067,UntN S 2,sunki,1sg.an,,,,,UntN_S_2_00005,su un ki ik,su-un-ki-ik,𒋢 𒌦 𒆠 𒅅,False,0
2068,UntN S 2,Anshan,,,,,,UntN_S_2_00006,an za an,an-za-an,𒀭 𒍝 𒀭,False,0
2069,UntN S 2,Susa,1sg.an,,,,,UntN_S_2_00007,šu šu un ka,šu-šu-un-ka,𒋗 𒋗 𒌦 𒅗,False,0
2070,UntN S 2,sian,,,,,,UntN_S_2_00008,si ia an,si-ia-an,𒋛 𒅀 𒀭,False,0
2071,UntN S 2,kuši-,1sg.vb,,,,,UntN_S_2_00009,ku ši ih,ku-ši-ih,𒆪 𒅆 𒄴,False,0
2073,UntN S 2,"u, i",3sg.inan2,,,,,UntN_S_2_00011,un,un,𒌦,False,0
2074,UntN S 2,tuni-,1sg.vb,,,,,UntN_S_2_00012,tu4 ni ih,tu4-ni-ih,𒌈 𒉌 𒄴,False,0
2075,UntN S 3,u,,,,,,UntN_S_3_00001,u2,u2,𒌑,False,0
2076,UntN S 3,Untash-Napirisha,,,,,,UntN_S_3_00002,m un taš dingir gal,(m)un-taš-dingir-gal,𒁹 𒌦 𒌨 𒀭 𒃲,False,0
2077,UntN S 3,šak,,,,,,UntN_S_3_00003,ša ak,ša-ak,𒊭 𒀝,False,0
2078,UntN S 3,Humban-umena,1sg.an,,,,,UntN_S_3_00004,m d hu ban nu um me en na ki,(md)hu-ban-nu-um-me-en-na-ki,𒁹 𒀭 𒄷 𒉼 𒉡 𒌝 𒈨 𒂗 𒈾 𒆠,False,0
2079,UntN S 3,sunki,1sg.an,,,,,UntN_S_3_00005,su un ki ik,su-un-ki-ik,𒋢 𒌦 𒆠 𒅅,False,0
2080,UntN S 3,Anshan,,,,,,UntN_S_3_00006,an za an,an-za-an,𒀭 𒍝 𒀭,False,0
2081,UntN S 3,Susa,1sg.an,,,,,UntN_S_3_00007,šu šu un ka,šu-šu-un-ka,𒋗 𒋗 𒌦 𒅗,False,0
2082,UntN S 3,sian,,,,,,UntN_S_3_00008,si ia an,si-ia-an,𒋛 𒅀 𒀭,False,0
2083,UntN S 3,kuši-,1sg.vb,,,,,UntN_S_3_00009,ku ši ih,ku-ši-ih,𒆪 𒅆 𒄴,False,0
2084,UntN S 3,IM,,,,,,UntN_S_3_00010,d im,(d)im,𒀭 𒅎,False,0
2085,UntN S 3,"u, i",3sg.inan2,,,,,UntN_S_3_00011,un,un,𒌦,False,0
2086,UntN S 3,tuni-,1sg.vb,,,,,UntN_S_3_00012,tu4 ni ih,tu4-ni-ih,𒌈 𒉌 𒄴,False,0
2087,UntN S 4,u,,,,,,UntN_S_4_00001,u2,u2,𒌑,False,0
2088,UntN S 4,Untash-Napirisha,,,,,,UntN_S_4_00002,m un taš dingir gal,(m)un-taš-dingir-gal,𒁹 𒌦 𒌨 𒀭 𒃲,False,0
2089,UntN S 4,šak,,,,,,UntN_S_4_00003,ša ak,ša-ak,𒊭 𒀝,False,0
2090,UntN S 4,Humban-umena,1sg.an,,,,,UntN_S_4_00004,m d hu um ban nu me na gi,(md)hu-[um-ban-nu-me-na-gi],𒁹 𒀭 𒄷 𒌝 𒉼 𒉡 𒈨 𒈾 𒄀,False,0
2091,UntN S 4,sunki,1sg.an,,,,,UntN_S_4_00005,zu un ki ik,zu-un-ki-ik,𒍪 𒌦 𒆠 𒅅,False,0
2092,UntN S 4,Anshan,,,,,,UntN_S_4_00006,an za an,an-za-an,𒀭 𒍝 𒀭,False,0
2093,UntN S 4,Susa,1sg.an,,,,,UntN_S_4_00007,šu šu un ka,šu-šu-[un-ka],𒋗 𒋗 𒌦 𒅗,False,0
2094,UntN S 4,sian,,,,,,UntN_S_4_00008,si ia an,si-ia-an,𒋛 𒅀 𒀭,False,0
2095,UntN S 4,hušti.n,,,,3sg.inan2,,UntN_S_4_00009,hu uš ti in,hu-uš-ti-in,𒄷 𒍑 𒋾 𒅔,False,0
2096,UntN S 4,upat,,,,,,UntN_S_4_00010,u2 pa at,u2-pa-at,𒌑 𒉺 𒀜,False,0
2097,UntN S 4,husi,3pl.an,3sg.inan1,,,,UntN_S_4_00011,hu us si ip me,[hu-us-si]-ip-me,𒄷 𒊻 𒋛 𒅁 𒈨,False,0
2098,UntN S 4,kuši-,1sg.vb,,,,,UntN_S_4_00012,ku ši ih,{ku-ši-ih},𒆪 𒅆 𒄴,False,0
2099,UntN S 4,Nabu,,,,,,UntN_S_4_00013,d na bu u2,(d){na-bu}-u2,𒀭 𒈾 𒁍 𒌑,False,0
2100,UntN S 4,i,3sg.inan2,,,,,UntN_S_4_00014,in,in,𒅔,False,0
2101,UntN S 4,tuni-,1sg.vb,,,,,UntN_S_4_00015,du ni ih,du-ni-ih,𒁺 𒉌 𒄴,False,0
2102,UntN S 5,u,,,,,,UntN_S_5_00001,u2,u2,𒌑,False,0
2103,UntN S 5,Untash-Napirisha,,,,,,UntN_S_5_00002,m un taš dingir gal,(m)un-taš-dingir-gal,𒁹 𒌦 𒌨 𒀭 𒃲,False,0
2104,UntN S 5,šak,,,,,,UntN_S_5_00003,ša ak,ša-ak,𒊭 𒀝,False,0
2105,UntN S 5,Humban-umena,1sg.an,,,,,UntN_S_5_00004,m hu ban um me na ki,(m)hu-ban-um-me-na-ki,𒁹 𒄷 𒉼 𒌝 𒈨 𒈾 𒆠,False,0
2106,UntN S 5,sunki,1sg.an,,,,,UntN_S_5_00005,su un ki ik,su-un-ki-ik,𒋢 𒌦 𒆠 𒅅,False,0
2107,UntN S 5,Anshan,,,,,,UntN_S_5_00006,an za an,an-za-an,𒀭 𒍝 𒀭,False,0
2108,UntN S 5,Susa,1sg.an,,,,,UntN_S_5_00007,šu šu un ka,šu-šu-un-ka,𒋗 𒋗 𒌦 𒅗,False,0
2109,UntN S 5,sian,,,,,,UntN_S_5_00008,si ia an,si-ia-an,𒋛 𒅀 𒀭,False,0
2110,UntN S 5,Upurku.pak,3sg.inan1,,,,,UntN_S_5_00009,d u2 pur ku ba ak me,(d)u2-pur-ku-ba-ak-me,𒀭 𒌑 𒁓 𒆪 𒁀 𒀝 𒈨,False,0
2111,UntN S 5,sunki,3pl.an,,,,,UntN_S_5_00010,su un ki ip,su-un-ki-ip,𒋢 𒌦 𒆠 𒅁,False,0
2112,UntN S 5,urpu,3pl.an,,,,,UntN_S_5_00011,u2 ri pu pi,u2-ri-pu-pi,𒌑 𒊑 𒁍 𒉿,False,0
2113,UntN S 5,Susa,,,,,,UntN_S_5_00012,šu šu un,šu-šu-un,𒋗 𒋗 𒌦,False,0
2114,UntN S 5,in-,3sg.inan1,,,,,UntN_S_5_00013,im me,im-me,𒅎 𒈨,False,0
2115,UntN S 5,kuši-,3pl.vb,postp.loc,,,,UntN_S_5_00014,ku ši ih ši ma,ku-ši-ih-ši-ma,𒆪 𒅆 𒄴 𒅆 𒈠,False,0
2116,UntN S 5,u,,,,,,UntN_S_5_00015,u2,u2,𒌑,False,0
2117,UntN S 5,alumelu,,,,,,UntN_S_5_00016,a lu me lu,a-lu-me-lu,𒀀 𒇻 𒈨 𒇻,False,0
2118,UntN S 5,kuši-,1sg.vb,,,,,UntN_S_5_00017,ku ši ih,ku-ši-ih,𒆪 𒅆 𒄴,False,0
2119,UntN S 5,hiš,3sg.poss,,,,,UntN_S_5_00018,hi še,hi-še,𒄭 𒊺,False,0
2120,UntN S 5,aha,,,,,,UntN_S_5_00019,a ha,a-ha,𒀀 𒄩,False,0
2121,UntN S 5,ta-,1sg.vb,,,,,UntN_S_5_00020,ta ah,ta-ah,𒋫 𒄴,False,0
2122,UntN S 5,ak,,,,,,UntN_S_5_00021,a ak,a-ak,𒀀 𒀝,False,0
2123,UntN S 5,šari-,II,,,,,UntN_S_5_00022,ša ri ik,ša-ri-ik,𒊭 𒊑 𒅅,False,0
2124,UntN S 5,tuš,,,,,,UntN_S_5_00023,tuš,tuš,𒆪,False,0
2125,UntN S 5,kuš,,,,,,UntN_S_5_00024,kuš3,kuš3,kuš3,False,0
2126,UntN S 5,10,postp.gen1,,,,,UntN_S_5_00025,10 na,10-na,𒌋 𒈾,False,0
2127,UntN S 5,kuši-,1sg.vb,,,,,UntN_S_5_00026,ku ši ih,ku-ši-ih,𒆪 𒅆 𒄴,False,0
2128,UntN S 6,u,,,,,,UntN_S_6_00001,u2,u2,𒌑,False,0
2129,UntN S 6,Untash-Napirisha,,,,,,UntN_S_6_00002,m un taš dingir gal,(m)un-taš-dingir-gal,𒁹 𒌦 𒌨 𒀭 𒃲,False,0
2130,UntN S 6,šak,,,,,,UntN_S_6_00003,ša ak,ša-ak,𒊭 𒀝,False,0
2131,UntN S 6,Humban-umena,1sg.an,,,,,UntN_S_6_00004,m d hu um ban nu me na gi,(md)hu-um-ban-nu-me-na-gi,𒁹 𒀭 𒄷 𒌝 𒉼 𒉡 𒈨 𒈾 𒄀,False,0
2132,UntN S 6,sunki,1sg.an,,,,,UntN_S_6_00005,su un ki ik,su-un-ki-ik,𒋢 𒌦 𒆠 𒅅,False,0
2133,UntN S 6,Anshan,,,,,,UntN_S_6_00006,an za an,an-za-an,𒀭 𒍝 𒀭,False,0
2134,UntN S 6,Susa,1sg.an,,,,,UntN_S_6_00007,šu šu un ka,šu-šu-un-ka,𒋗 𒋗 𒌦 𒅗,False,0
2135,UntN S 6,sian,,,,,,UntN_S_6_00008,si ia an,si-ia-an,𒋛 𒅀 𒀭,False,0
2136,UntN S 6,Pinikir,3sg.inan1,postp.loc,,,,UntN_S_6_00009,d pi ni gir3 me im ma,(d)pi-ni-gir3-me-im-ma,𒀭 𒉿 𒉌 𒄊 𒈨 𒅎 𒈠,False,0
2137,UntN S 6,upat,,,,,,UntN_S_6_00010,u2 pa at,u2-pa-at,𒌑 𒉺 𒀜,False,0
2138,UntN S 6,husi,3pl.an,3sg.inan1,,,,UntN_S_6_00011,hu us si ip me,hu-us-si-ip-me,𒄷 𒊻 𒋛 𒅁 𒈨,False,0
2139,UntN S 6,kuši-,1sg.vb,,,,,UntN_S_6_00012,ku ši ih,ku-ši-ih,𒆪 𒅆 𒄴,False,0
2140,UntN S 6,Pinikir,,,,,,UntN_S_6_00013,d pi ni gir3,(d)pi-ni-gir3,𒀭 𒉿 𒉌 𒄊,False,0
2141,UntN S 6,i,3sg.inan2,,,,,UntN_S_6_00014,in,in,𒅔,False,0
2142,UntN S 6,tuni-,1sg.vb,,,,,UntN_S_6_00015,du ni ih,du-ni-ih,𒁺 𒉌 𒄴,False,0
2143,UntN S 7,u,,,,,,UntN_S_7_00001,u2,u2,𒌑,False,0
2144,UntN S 7,Untash-Napirisha,,,,,,UntN_S_7_00002,m un taš dingir gal,(m)un-taš-dingir-gal,𒁹 𒌦 𒌨 𒀭 𒃲,False,0
2145,UntN S 7,šak,,,,,,UntN_S_7_00003,ša ak,ša-ak,𒊭 𒀝,False,0
2146,UntN S 7,Humban-umena,1sg.an,,,,,UntN_S_7_00004,m d hu um ban nu me na gi,(md)hu-um-ban-nu-me-na-gi,𒁹 𒀭 𒄷 𒌝 𒉼 𒉡 𒈨 𒈾 𒄀,False,0
2147,UntN S 7,sunki,1sg.an,,,,,UntN_S_7_00005,zu un ki ik,zu-un-ki-ik,𒍪 𒌦 𒆠 𒅅,False,0
2148,UntN S 7,Anshan,,,,,,UntN_S_7_00006,an za an,an-za-an,𒀭 𒍝 𒀭,False,0
2149,UntN S 7,Susa,1sg.an,,,,,UntN_S_7_00007,šu šu un ka,šu-šu-un-ka,𒋗 𒋗 𒌦 𒅗,False,0
2150,UntN S 7,pel,,,,,,UntN_S_7_00008,pi el,pi-el,𒉿 𒂖,False,0
2151,UntN S 7,kiti.n,postp.loc,,,3sg.inan2,,UntN_S_7_00009,ki it ti im ma,ki-it-ti-im-ma,𒆠 𒀉 𒋾 𒅎 𒈠,False,0
2152,UntN S 7,,,,,,,UntN_S_7_00010,na a,na-a,𒈾 𒀀,False,0
2153,UntN S 7,meluk,3sg.an,,,,,UntN_S_7_00011,me lu uk ra,me-lu-uk-ra,𒈨 𒇻 𒊌 𒊏,False,0
2154,UntN S 7,sunki.me,,,,3sg.inan1,,UntN_S_7_00012,zu un ki me,zu-un-ki-me,𒍪 𒌦 𒆠 𒈨,False,0
2155,UntN S 7,tur,,,,,,UntN_S_7_00013,tu4 ur,tu4-ur,𒌈 𒌨,False,0
2156,UntN S 7,hih,,,,,,UntN_S_7_00014,hi ih,hi-ih,𒄭 𒄴,False,0
2157,UntN S 7,sit.me,,,,3sg.inan1,,UntN_S_7_00015,zi it me,zi-it-me,𒍣 𒀉 𒈨,False,0
2158,UntN S 7,hi-,III,1sg.an,,,,UntN_S_7_00016,hi en ka,hi-en-ka,𒄭 𒂗 𒅗,False,0
2159,UntN S 7,in.tika,,,,,,UntN_S_7_00017,in ti ik ka,in-ti-ik-ka,𒅔 𒋾 𒅅 𒅗,False,0
2160,UntN S 7,ak,,,,,,UntN_S_7_00018,a gi,a-gi,𒀀 𒄀,False,0
2161,UntN S 7,sian,,,,,,UntN_S_7_00019,si ia an,si-ia-an,𒋛 𒅀 𒀭,False,0
2163,UntN S 7,kuši-,1sg.vb,,,,,UntN_S_7_00021,ku ši ih,ku-ši-ih,𒆪 𒅆 𒄴,False,0
2165,UntN S 7,Sian.kuk,3sg.an,,,,,UntN_S_7_00023,si ia an ku uk ra,si-ia-an-ku-uk-ra,𒋛 𒅀 𒀭 𒆪 𒊌 𒊏,False,0
2166,UntN S 7,tuni-,1sg.vb,,,,,UntN_S_7_00024,du ni ih,du-ni-ih,𒁺 𒉌 𒄴,False,0
2167,UntN S 7,hutak.halik,,,,II,,UntN_S_7_00025,hu ut tak ha li ik,hu-ut-tak-ha-li-ik,𒄷 𒌓 𒋳 𒄩 𒇷 𒅅,False,0
2168,UntN S 7,u,3sg.inan1,,,,,UntN_S_7_00026,u2 me,u2-me,𒌑 𒈨,False,0
2169,UntN S 7,Napirisha,,,,,,UntN_S_7_00027,dingir gal,dingir-gal,𒀭 𒃲,False,0
2170,UntN S 7,ak,,,,,,UntN_S_7_00028,a ak,a-ak,𒀀 𒀝,False,0
2171,UntN S 7,Inshushinak,,,,,,UntN_S_7_00029,d in šu ši na ak,(d)in-šu-ši-na-ak,𒀭 𒅔 𒋗 𒅆 𒈾 𒀝,False,0
2172,UntN S 7,Sian.kuk,3pl.an,,,,,UntN_S_7_00030,si ia an ku uk pa,si-ia-an-ku-uk-pa,𒋛 𒅀 𒀭 𒆪 𒊌 𒉺,False,0
2173,UntN S 7,lina,,,,,,UntN_S_7_00031,li na,li-na,𒇷 𒈾,False,0
2174,UntN S 7,tela-,II,opt2,,,,UntN_S_7_00032,te la ak ni,te-la-ak-ni,𒋼 𒆷 𒀝 𒉌,False,0
2175,UntN S 8,u,,,,,,UntN_S_8_00001,u2,u2,𒌑,False,0
2176,UntN S 8,Untash-Napirisha,,,,,,UntN_S_8_00002,m un taš dingir gal,(m)un-taš-dingir-gal,𒁹 𒌦 𒌨 𒀭 𒃲,False,0
2177,UntN S 8,šak,,,,,,UntN_S_8_00003,ša ak,ša-ak,𒊭 𒀝,False,0
2178,UntN S 8,Humban-umena,1sg.an,,,,,UntN_S_8_00004,m d hu um ban nu me na gi,(md)hu-um-ban-nu-me-na-gi,𒁹 𒀭 𒄷 𒌝 𒉼 𒉡 𒈨 𒈾 𒄀,False,0
2179,UntN S 8,sunki,1sg.an,,,,,UntN_S_8_00005,zu un ki ik,zu-un-ki-ik,𒍪 𒌦 𒆠 𒅅,False,0
2180,UntN S 8,Anshan,,,,,,UntN_S_8_00006,an za an,an-za-an,𒀭 𒍝 𒀭,False,0
2181,UntN S 8,Susa,1sg.an,,,,,UntN_S_8_00007,šu šu un ka,šu-šu-un-ka,𒋗 𒋗 𒌦 𒅗,False,0
2182,UntN S 8,pel,,,,,,UntN_S_8_00008,pi el,pi-el,𒉿 𒂖,False,0
2183,UntN S 8,kiti.n,postp.loc,,,3sg.inan2,,UntN_S_8_00009,ki it ti im ma,ki-it-ti-im-ma,𒆠 𒀉 𒋾 𒅎 𒈠,False,0
2184,UntN S 8,,,,,,,UntN_S_8_00010,na a,na-a,𒈾 𒀀,False,0
2185,UntN S 8,meluk,3sg.an,,,,,UntN_S_8_00011,me lu uk ra,me-lu-uk-ra,𒈨 𒇻 𒊌 𒊏,False,0
2186,UntN S 8,sunki.me,,,,3sg.inan1,,UntN_S_8_00012,zu un ki me,zu-un-ki-me,𒍪 𒌦 𒆠 𒈨,False,0
2187,UntN S 8,tur,,,,,,UntN_S_8_00013,tu4 ur,tu4-ur,𒌈 𒌨,False,0
2188,UntN S 8,hih,,,,,,UntN_S_8_00014,hi ih,hi-ih,𒄭 𒄴,False,0
2189,UntN S 8,sit.me,,,,3sg.inan1,,UntN_S_8_00015,zi it me,zi-it-me,𒍣 𒀉 𒈨,False,0
2190,UntN S 8,hi-,III,1sg.an,,,,UntN_S_8_00016,hi en ka,hi-en-ka,𒄭 𒂗 𒅗,False,0
2191,UntN S 8,in.tika,,,,,,UntN_S_8_00017,in ti ik ka,in-ti-ik-ka,𒅔 𒋾 𒅅 𒅗,False,0
2192,UntN S 8,ak,,,,,,UntN_S_8_00018,a gi,a-gi,𒀀 𒄀,False,0
2193,UntN S 8,sian,,,,,,UntN_S_8_00019,si ia an,si-ia-an,𒋛 𒅀 𒀭,False,0
2194,UntN S 8,Nazit,3sg.inan1,,,,,UntN_S_8_00020,d na zi it me,(d)na-zi-it-me,𒀭 𒈾 𒍣 𒀉 𒈨,False,0
2195,UntN S 8,kuši-,1sg.vb,,,,,UntN_S_8_00021,ku ši ih,ku-ši-ih,𒆪 𒅆 𒄴,False,0
2196,UntN S 8,Nazit,,,,,,UntN_S_8_00022,d na zi it,(d)na-zi-it,𒀭 𒈾 𒍣 𒀉,False,0
2197,UntN S 8,Sian.kuk,3sg.an,,,,,UntN_S_8_00023,si ia an ku uk ra,si-ia-an-ku-uk-ra,𒋛 𒅀 𒀭 𒆪 𒊌 𒊏,False,0
2198,UntN S 8,tuni-,1sg.vb,,,,,UntN_S_8_00024,du ni ih,du-ni-ih,𒁺 𒉌 𒄴,False,0
2199,UntN S 8,hutak.halik,,,,II,,UntN_S_8_00025,hu ut tak ha li ik,hu-ut-tak-ha-li-ik,𒄷 𒌓 𒋳 𒄩 𒇷 𒅅,False,0
2200,UntN S 8,u,3sg.inan1,,,,,UntN_S_8_00026,u2 me,u2-me,𒌑 𒈨,False,0
2201,UntN S 8,Napirisha,,,,,,UntN_S_8_00027,dingir gal,dingir-gal,𒀭 𒃲,False,0
2202,UntN S 8,ak,,,,,,UntN_S_8_00028,a ak,a-ak,𒀀 𒀝,False,0
2203,UntN S 8,Inshushinak,,,,,,UntN_S_8_00029,d in šu ši na ak,(d)in-šu-ši-na-ak,𒀭 𒅔 𒋗 𒅆 𒈾 𒀝,False,0
2204,UntN S 8,Sian.kuk,3pl.an,,,,,UntN_S_8_00030,si ia an ku uk pa,si-ia-an-ku-{uk}-[pa],𒋛 𒅀 𒀭 𒆪 𒊌 𒉺,False,0
2205,UntN S 8,lina,,,,,,UntN_S_8_00031,li na,{li}-na,𒇷 𒈾,False,0
2206,UntN S 8,tela-,II,opt2,,,,UntN_S_8_00032,te la ak ni,{te-la}-ak-ni,𒋼 𒆷 𒀝 𒉌,False,0
2207,UntN S 9,u,,,,,,UntN_S_9_00001,u2,u2,𒌑,False,0
2208,UntN S 9,Untash-Napirisha,,,,,,UntN_S_9_00002,m un taš dingir gal,(m)un-taš-dingir-gal,𒁹 𒌦 𒌨 𒀭 𒃲,False,0
2209,UntN S 9,šak,,,,,,UntN_S_9_00003,ša ak,ša-ak,𒊭 𒀝,False,0
2210,UntN S 9,Humban-umena,1sg.an,,,,,UntN_S_9_00004,m d hu um ban nu me na gi,(md)hu-um-ban-nu-me-na-gi,𒁹 𒀭 𒄷 𒌝 𒉼 𒉡 𒈨 𒈾 𒄀,False,0
2211,UntN S 9,sunki,1sg.an,,,,,UntN_S_9_00005,zu un ki ik,zu-un-ki-ik,𒍪 𒌦 𒆠 𒅅,False,0
2212,UntN S 9,Anshan,,,,,,UntN_S_9_00006,an za an,an-za-an,𒀭 𒍝 𒀭,False,0
2213,UntN S 9,Susa,1sg.an,,,,,UntN_S_9_00007,šu šu un ka,šu-šu-un-ka,𒋗 𒋗 𒌦 𒅗,False,0
2214,UntN S 9,Belala,,,,,,UntN_S_9_00008,d be la la,(d)be-la-la,𒀭 𒁁 𒆷 𒆷,False,0
2215,UntN S 9,kula-,III,1sg.an,,,,UntN_S_9_00009,ku ul la an ka,ku-ul-la-an-ka,𒆪 𒌌 𒆷 𒀭 𒅗,False,0
2216,UntN S 9,kula,,,,,,UntN_S_9_00010,ku la a,ku-la-a,𒆪 𒆷 𒀀,False,0
2217,UntN S 9,u,3sg.an,,,,,UntN_S_9_00011,ur,ur,𒌨,False,0
2218,UntN S 9,tumpa-,III,3sg.an,,,,UntN_S_9_00012,tu4 um pa an ra,tu4-um-pa-an-ra,𒌈 𒌝 𒉺 𒀭 𒊏,False,0
2219,UntN S 9,ak,,,,,,UntN_S_9_00013,a ak,a-ak,𒀀 𒀝,False,0
2220,UntN S 9,turu-,III,1sg.an,,,,UntN_S_9_00014,tu4 ru un ka,tu4-ru-un-ka,𒌈 𒊒 𒌦 𒅗,False,0
2221,UntN S 9,huta-,III,3sg.an,,,,UntN_S_9_00015,hu ut ta an ra,hu-ut-ta-an-ra,𒄷 𒌓 𒋫 𒀭 𒊏,False,0
2222,UntN S 9,Sian.kuk,,,,,,UntN_S_9_00016,si ia an ku uk,si-ia-an-ku-uk,𒋛 𒅀 𒀭 𒆪 𒊌,False,0
2223,UntN S 9,"sian, i",3sg.inan1,,,,,UntN_S_9_00017,si ia an i me,si-ia-an-i-me,𒋛 𒅀 𒀭 𒄿 𒈨,False,0
2224,UntN S 9,upat,,,,,,UntN_S_9_00018,u2 pa at,u2-pa-at,𒌑 𒉺 𒀜,False,0
2225,UntN S 9,husi,3pl.an,3sg.inan1,,,,UntN_S_9_00019,hu us si ip me,hu-us-si-ip-me,𒄷 𒊻 𒋛 𒅁 𒈨,False,0
2226,UntN S 9,kuši-,1sg.vb,,,,,UntN_S_9_00020,ku ši ih,ku-ši-ih,𒆪 𒅆 𒄴,False,0
2227,UntN S 9,Belala,,,,,,UntN_S_9_00021,d be la la,(d)be-la-la,𒀭 𒁁 𒆷 𒆷,False,0
2228,UntN S 9,lansiti,3sg.an,,,,,UntN_S_9_00022,la an si ti ir ra,la-an-si-ti-ir-ra,𒆷 𒀭 𒋛 𒋾 𒅕 𒊏,False,0
2229,UntN S 9,i,3sg.an,,,,,UntN_S_9_00023,ir,ir,𒅕,False,0
2230,UntN S 9,šari-,1sg.vb,,,,,UntN_S_9_00024,ša ri ih,ša-ri-ih,𒊭 𒊑 𒄴,False,0
2231,UntN S 9,i,3sg.an,,,,,UntN_S_9_00025,ir,ir,𒅕,False,0
2232,UntN S 9,Sian.kuk,,,,,,UntN_S_9_00026,si ia an ku uk,si-ia-an-ku-uk,𒋛 𒅀 𒀭 𒆪 𒊌,False,0
2233,UntN S 9,sian,3sg.an,,,,,UntN_S_9_00027,si ia an ra,si-ia-an-ra,𒋛 𒅀 𒀭 𒊏,False,0
2234,UntN S 9,i,3sg.an,,,,,UntN_S_9_00028,ir,ir,𒅕,False,0
2235,UntN S 9,mur.ta-,1sg.vb,,,,,UntN_S_9_00029,mu ur tah,mu-ur-tah,𒈬 𒌨 𒈭,False,0
2236,UntN S 9,hutak.halik,,,,II,,UntN_S_9_00030,hu ut tak ha li ik,hu-ut-tak-ha-li-ik,𒄷 𒌓 𒋳 𒄩 𒇷 𒅅,False,0
2237,UntN S 9,u,3sg.inan1,,,,,UntN_S_9_00031,u2 me,u2-me,𒌑 𒈨,False,0
2238,UntN S 9,Belala,,,,,,UntN_S_9_00032,d be la la,(d)be-la-la,𒀭 𒁁 𒆷 𒆷,False,0
2239,UntN S 9,Sian.kuk,3sg.an,,,,,UntN_S_9_00033,si ia an ku uk ra,si-ia-an-ku-uk-ra,𒋛 𒅀 𒀭 𒆪 𒊌 𒊏,False,0
2240,UntN S 9,"u, i",3sg.inan2,,,,,UntN_S_9_00034,un,un,𒌦,False,0
2241,UntN S 9,lina,,,,,,UntN_S_9_00035,li na,li-na,𒇷 𒈾,False,0
2242,UntN S 9,tela-,II,opt2,,,,UntN_S_9_00036,te la ak ni,te-la-ak-ni,𒋼 𒆷 𒀝 𒉌,False,0
2243,UntN S 9,pel,,,,,,UntN_S_9_00037,pi el,pi-el,𒉿 𒂖,False,0
2244,UntN S 9,kiti.n,postp.loc,,,3sg.inan2,,UntN_S_9_00038,ki it ti im ma,ki-it-ti-im-ma,𒆠 𒀉 𒋾 𒅎 𒈠,False,0
2245,UntN S 9,,,,,,,UntN_S_9_00039,na a,na-a,𒈾 𒀀,False,0
2246,UntN S 9,meluk,3sg.an,,,,,UntN_S_9_00040,me lu uk ra,me-lu-uk-ra,𒈨 𒇻 𒊌 𒊏,False,0
2247,UntN S 9,ak,,,,,,UntN_S_9_00041,a ak,a-ak,𒀀 𒀝,False,0
2248,UntN S 9,sunki.me,3sg.inan1,,,,,UntN_S_9_00042,zu un ki me,zu-[un-ki-me,𒍪 𒌦 𒆠 𒈨,False,0
2249,UntN S 9,tur,,,,,,UntN_S_9_00043,tu4 ur,tu4-ur],𒌈 𒌨,False,0
2250,UntN S 9,hih,,,,,,UntN_S_9_00044,hi ih,hi-ih,𒄭 𒄴,False,0
2251,UntN S 9,sit.me,3sg.inan1,,,,,UntN_S_9_00045,zi it me,zi-it-me,𒍣 𒀉 𒈨,False,0
2252,UntN S 9,u,acc.,,,,,UntN_S_9_00046,un,un,𒌦,False,0
2253,UntN S 9,tuni-,3sg.vb,opt2,,,,UntN_S_9_00047,du ni iš ni,du-ni-iš-ni,𒁺 𒉌 𒅖 𒉌,False,0
2254,UntN S 10,u,,,,,,UntN_S_10_00001,u2,u2,𒌑,False,0
2255,UntN S 10,Untash-Napirisha,,,,,,UntN_S_10_00002,m un taš dingir gal,(m)un-taš-dingir-gal,𒁹 𒌦 𒌨 𒀭 𒃲,False,0
2256,UntN S 10,šak,,,,,,UntN_S_10_00003,ša ak,ša-ak,𒊭 𒀝,False,0
2257,UntN S 10,Humban-umena,1sg.an,,,,,UntN_S_10_00004,m d hu um ban nu me na gi,(md)hu-um-ban-nu-me-na-gi,𒁹 𒀭 𒄷 𒌝 𒉼 𒉡 𒈨 𒈾 𒄀,False,0
2258,UntN S 10,sunki,1sg.an,,,,,UntN_S_10_00005,zu un ki ik,zu-un-ki-ik,𒍪 𒌦 𒆠 𒅅,False,0
2259,UntN S 10,Anshan,,,,,,UntN_S_10_00006,an za an,an-za-an,𒀭 𒍝 𒀭,False,0
2260,UntN S 10,Susa,1sg.an,,,,,UntN_S_10_00007,šu šu un ka,šu-šu-un-ka,𒋗 𒋗 𒌦 𒅗,False,0
2261,UntN S 10,Sin,,,,,,UntN_S_10_00008,d 30,(d)30,𒀭 𒌍,False,0
2262,UntN S 10,kula-,III,1sg.an,,,,UntN_S_10_00009,ku ul la an ka,ku-ul-la-an-ka,𒆪 𒌌 𒆷 𒀭 𒅗,False,0
2263,UntN S 10,kula,,,,,,UntN_S_10_00010,ku la a,ku-la-a,𒆪 𒆷 𒀀,False,0
2264,UntN S 10,u,3sg.an,,,,,UntN_S_10_00011,ur,ur,𒌨,False,0
2265,UntN S 10,tumpa-,III,3sg.an,,,,UntN_S_10_00012,tu4 um pa an ra,tu4-um-pa-an-ra,𒌈 𒌝 𒉺 𒀭 𒊏,False,0
2266,UntN S 10,ak,,,,,,UntN_S_10_00013,a ak,a-ak,𒀀 𒀝,False,0
2267,UntN S 10,turu-,III,1sg.an,,,,UntN_S_10_00014,tu4 ru un ka,tu4-ru-un-ka,𒌈 𒊒 𒌦 𒅗,False,0
2268,UntN S 10,huta-,III,3sg.an,,,,UntN_S_10_00015,hu ut ta an ra,hu-ut-ta-an-ra,𒄷 𒌓 𒋫 𒀭 𒊏,False,0
2269,UntN S 10,Sian.kuk,,,,,,UntN_S_10_00016,si ia an ku uk,si-ia-an-ku-uk,𒋛 𒅀 𒀭 𒆪 𒊌,False,0
2270,UntN S 10,"sian, i",3sg.inan1,,,,,UntN_S_10_00017,si ia an i me,si-ia-an-i-me,𒋛 𒅀 𒀭 𒄿 𒈨,False,0
2271,UntN S 10,upat,,,,,,UntN_S_10_00018,u2 pa at,u2-pa-at,𒌑 𒉺 𒀜,False,0
2272,UntN S 10,husi,3pl.an,3sg.inan1,,,,UntN_S_10_00019,hu us si ip me,hu-us-si-ip-me,𒄷 𒊻 𒋛 𒅁 𒈨,False,0
2273,UntN S 10,kuši-,1sg.vb,,,,,UntN_S_10_00020,ku ši ih,ku-ši-ih,𒆪 𒅆 𒄴,False,0
2274,UntN S 10,Sin,,,,,,UntN_S_10_00021,d 30,(d)30,𒀭 𒌍,False,0
2275,UntN S 10,lansiti,3sg.an,,,,,UntN_S_10_00022,la an si ti ir ra,la-an-si-ti-ir-ra,𒆷 𒀭 𒋛 𒋾 𒅕 𒊏,False,0
2276,UntN S 10,i,3sg.an,,,,,UntN_S_10_00023,ir,ir,𒅕,False,0
2277,UntN S 10,šari-,1sg.vb,,,,,UntN_S_10_00024,ša ri ih,ša-ri-ih,𒊭 𒊑 𒄴,False,0
2278,UntN S 10,i,3sg.an,,,,,UntN_S_10_00025,ir,ir,𒅕,False,0
2279,UntN S 10,Sian.kuk,,,,,,UntN_S_10_00026,si ia an ku uk,si-ia-an-ku-uk,𒋛 𒅀 𒀭 𒆪 𒊌,False,0
2280,UntN S 10,sian,3sg.an,,,,,UntN_S_10_00027,si ia an ra,si-ia-an-ra,𒋛 𒅀 𒀭 𒊏,False,0
2281,UntN S 10,i,3sg.an,,,,,UntN_S_10_00028,ir,ir,𒅕,False,0
2282,UntN S 10,mur.ta-,1sg.vb,,,,,UntN_S_10_00029,mu ur tah,mu-ur-tah,𒈬 𒌨 𒈭,False,0
2283,UntN S 10,hutak.halik,,,,II,,UntN_S_10_00030,hu ut tak ha li ik,hu-ut-tak-ha-li-ik,𒄷 𒌓 𒋳 𒄩 𒇷 𒅅,False,0
2284,UntN S 10,u,3sg.inan1,,,,,UntN_S_10_00031,u2 me,u2-me,𒌑 𒈨,False,0
2285,UntN S 10,Sin,,,,,,UntN_S_10_00032,d 30,(d)30,𒀭 𒌍,False,0
2286,UntN S 10,Sian.kuk,3sg.an,,,,,UntN_S_10_00033,si ia an ku uk ra,si-ia-an-ku-uk-ra,𒋛 𒅀 𒀭 𒆪 𒊌 𒊏,False,0
2287,UntN S 10,"u, i",3sg.inan2,,,,,UntN_S_10_00034,un,un,𒌦,False,0
2288,UntN S 10,lina,,,,,,UntN_S_10_00035,li na,li-na,𒇷 𒈾,False,0
2289,UntN S 10,tela-,II,opt2,,,,UntN_S_10_00036,te la ak ni,te-la-ak-ni,𒋼 𒆷 𒀝 𒉌,False,0
2290,UntN S 10,pel,,,,,,UntN_S_10_00037,pi el,pi-el,𒉿 𒂖,False,0
2291,UntN S 10,kiti.n,postp.loc,,,3sg.inan2,,UntN_S_10_00038,ki it ti im ma,ki-it-ti-im-ma,𒆠 𒀉 𒋾 𒅎 𒈠,False,0
2292,UntN S 10,,,,,,,UntN_S_10_00039,na a,na-a,𒈾 𒀀,False,0
2293,UntN S 10,meluk,3sg.an,,,,,UntN_S_10_00040,me lu uk ra,me-lu-uk-ra,𒈨 𒇻 𒊌 𒊏,False,0
2294,UntN S 10,ak,,,,,,UntN_S_10_00041,a ak,a-ak,𒀀 𒀝,False,0
2295,UntN S 10,sunki.me,,,,3sg.inan1,,UntN_S_10_00042,zu un ki me,zu-un-ki-me,𒍪 𒌦 𒆠 𒈨,False,0
2296,UntN S 10,tur,,,,,,UntN_S_10_00043,tu4 ur,tu4-ur,𒌈 𒌨,False,0
2297,UntN S 10,hih,,,,,,UntN_S_10_00044,hi ih,hi-ih,𒄭 𒄴,False,0
2298,UntN S 10,sit.me,,,,,,UntN_S_10_00045,zi it me,zi-it-me,𒍣 𒀉 𒈨,False,0
2299,UntN S 10,u,acc,,,,,UntN_S_10_00046,un,un,𒌦,False,0
2300,UntN S 10,tuni-,3sg.vb,opt2,,,,UntN_S_10_00047,du ni iš ni,du-ni-iš-ni,𒁺 𒉌 𒅖 𒉌,False,0
2301,UntN S 11,u,,,,,,UntN_S_11_00001,u2,u2,𒌑,False,0
2302,UntN S 11,Untash-Napirisha,,,,,,UntN_S_11_00002,m un taš dingir gal,(m)un-taš-dingir-gal,𒁹 𒌦 𒌨 𒀭 𒃲,False,0
2303,UntN S 11,šak,,,,,,UntN_S_11_00003,ša ak,ša-ak,𒊭 𒀝,False,0
2304,UntN S 11,Humban-umena,1sg.an,,,,,UntN_S_11_00004,m d hu um ban nu me na gi,(md)hu-um-ban-nu-me-na-gi,𒁹 𒀭 𒄷 𒌝 𒉼 𒉡 𒈨 𒈾 𒄀,False,0
2305,UntN S 11,sunki,1sg.an,,,,,UntN_S_11_00005,zu un ki ik,zu-un-ki-ik,𒍪 𒌦 𒆠 𒅅,False,0
2306,UntN S 11,Anshan,,,,,,UntN_S_11_00006,an za an,an-za-an,𒀭 𒍝 𒀭,False,0
2307,UntN S 11,Susa,1sg.an,,,,,UntN_S_11_00007,šu šu un ka,šu-šu-un-ka,𒋗 𒋗 𒌦 𒅗,False,0
2308,UntN S 11,Nahunte,,,,,,UntN_S_11_00008,d na ah hu un te,(d)na-ah-hu-un-te,𒀭 𒈾 𒄴 𒄷 𒌦 𒋼,False,0
2309,UntN S 11,kula-,III,1sg.an,,,,UntN_S_11_00009,ku ul la an ka,ku-ul-la-an-ka,𒆪 𒌌 𒆷 𒀭 𒅗,False,0
2310,UntN S 11,kula,,,,,,UntN_S_11_00010,ku la a,ku-la-a,𒆪 𒆷 𒀀,False,0
2311,UntN S 11,u,3sg.an,,,,,UntN_S_11_00011,ur,ur,𒌨,False,0
2312,UntN S 11,tumpa-,III,3sg.an,,,,UntN_S_11_00012,tu4 um pa an ra,tu4-um-pa-an-ra,𒌈 𒌝 𒉺 𒀭 𒊏,False,0
2313,UntN S 11,ak,,,,,,UntN_S_11_00013,a ak,a-ak,𒀀 𒀝,False,0
2314,UntN S 11,turu-,III,1sg.an,,,,UntN_S_11_00014,tu4 ru un ka,tu4-ru-un-ka,𒌈 𒊒 𒌦 𒅗,False,0
2315,UntN S 11,huta-,III,3sg.an,,,,UntN_S_11_00015,hu ut ta an ra,hu-ut-ta-an-ra,𒄷 𒌓 𒋫 𒀭 𒊏,False,0
2316,UntN S 11,Sian.kuk,,,,,,UntN_S_11_00016,si ia an ku uk,si-ia-an-ku-uk,𒋛 𒅀 𒀭 𒆪 𒊌,False,0
2317,UntN S 11,"sian, i",3sg.inan1,,,,,UntN_S_11_00017,si ia an i me,si-ia-an-i-me,𒋛 𒅀 𒀭 𒄿 𒈨,False,0
2318,UntN S 11,upat,,,,,,UntN_S_11_00018,u2 pa at,u2-pa-at,𒌑 𒉺 𒀜,False,0
2319,UntN S 11,husi,3pl.an,3sg.inan1,,,,UntN_S_11_00019,hu us si ip me,hu-us-si-ip-me,𒄷 𒊻 𒋛 𒅁 𒈨,False,0
2320,UntN S 11,kuši-,1sg.vb,,,,,UntN_S_11_00020,ku ši ih,ku-ši-ih,𒆪 𒅆 𒄴,False,0
2321,UntN S 11,Sin,,,,,,UntN_S_11_00021,d 30,(d)30,𒀭 𒌍,False,0
2322,UntN S 11,lansiti,3sg.an,,,,,UntN_S_11_00022,la an si ti ir ra,la-an-si-ti-ir-ra,𒆷 𒀭 𒋛 𒋾 𒅕 𒊏,False,0
2323,UntN S 11,i,3sg.an,,,,,UntN_S_11_00023,ir,ir,𒅕,False,0
2324,UntN S 11,šari-,1sg.vb,,,,,UntN_S_11_00024,ša ri ih,ša-ri-ih,𒊭 𒊑 𒄴,False,0
2325,UntN S 11,i,3sg.an,,,,,UntN_S_11_00025,ir,ir,𒅕,False,0
2326,UntN S 11,Sian.kuk,,,,,,UntN_S_11_00026,si ia an ku uk,si-ia-an-ku-uk,𒋛 𒅀 𒀭 𒆪 𒊌,False,0
2327,UntN S 11,sian,3sg.an,,,,,UntN_S_11_00027,si ia an ra,si-ia-an-ra,𒋛 𒅀 𒀭 𒊏,False,0
2328,UntN S 11,irmu,,,,,,UntN_S_11_00028,ir mu,ir-mu,𒅕 𒈬,False,0
2329,UntN S 11,hutak.halik,,,,II,,UntN_S_11_00029,hu ut tak ha li ku,hu-ut-tak-ha-li-ku,𒄷 𒌓 𒋳 𒄩 𒇷 𒆪,False,0
2330,UntN S 11,u,3sg.inan1,,,,,UntN_S_11_00030,u2 me,u2-me,𒌑 𒈨,False,0
2331,UntN S 11,Sin,,,,,,UntN_S_11_00031,d 30,(d)30,𒀭 𒌍,False,0
2332,UntN S 11,Sian.kuk,3sg.an,,,,,UntN_S_11_00032,si ia an ku uk ra,si-ia-an-ku-uk-ra,𒋛 𒅀 𒀭 𒆪 𒊌 𒊏,False,0
2333,UntN S 11,"u, i",3sg.inan2,,,,,UntN_S_11_00033,un,un,𒌦,False,0
2334,UntN S 11,lina,,,,,,UntN_S_11_00034,li na,li-na,𒇷 𒈾,False,0
2335,UntN S 11,tela-,II,opt2,,,,UntN_S_11_00035,te la ak ni,te-la-ak-ni,𒋼 𒆷 𒀝 𒉌,False,0
2336,UntN S 11,pel,,,,,,UntN_S_11_00036,pi el,pi-el,𒉿 𒂖,False,0
2337,UntN S 11,kiti.n,postp.loc,,,,,UntN_S_11_00037,ki it ti im ma,ki-it-ti-im-ma,𒆠 𒀉 𒋾 𒅎 𒈠,False,0
2338,UntN S 11,,,,,,,UntN_S_11_00038,na a,na-a,𒈾 𒀀,False,0
2339,UntN S 11,meluk,3sg.an,,,,,UntN_S_11_00039,me lu uk ra,me-lu-uk-ra,𒈨 𒇻 𒊌 𒊏,False,0
2340,UntN S 11,ak,,,,,,UntN_S_11_00040,a ak,a-ak,𒀀 𒀝,False,0
2341,UntN S 11,sunki.me,,,,3sg.inan1,,UntN_S_11_00041,zu un ki me,zu-un-ki-me,𒍪 𒌦 𒆠 𒈨,False,0
2342,UntN S 11,tur,,,,,,UntN_S_11_00042,tu4 ur,tu4-ur,𒌈 𒌨,False,0
2343,UntN S 11,hih,,,,,,UntN_S_11_00043,hi ih,hi-ih,𒄭 𒄴,False,0
2344,UntN S 11,sit.me,,,,3sg.inan1,,UntN_S_11_00044,zi it me,zi-it-me,𒍣 𒀉 𒈨,False,0
2345,UntN S 11,u,acc,,,,,UntN_S_11_00045,un,un,𒌦,False,0
2346,UntN S 11,tuni-,3sg.vb,opt2,,,,UntN_S_11_00046,du ni iš ni,du-ni-iš-ni,𒁺 𒉌 𒅖 𒉌,False,0
2347,UntN S 12,u,,,,,,UntN_S_12_00001,u2,u2,𒌑,False,0
2348,UntN S 12,Untash-Napirisha,,,,,,UntN_S_12_00002,m un taš dingir gal,(m)un-taš-dingir-gal,𒁹 𒌦 𒌨 𒀭 𒃲,False,0
2349,UntN S 12,šak,,,,,,UntN_S_12_00003,ša ak,ša-ak,𒊭 𒀝,False,0
2350,UntN S 12,Humban-umena,1sg.an,,,,,UntN_S_12_00004,d hu ban um me na ki,(d)hu-ban-um-me-na-ki,𒀭 𒄷 𒉼 𒌝 𒈨 𒈾 𒆠,False,0
2351,UntN S 12,sunki,1sg.an,,,,,UntN_S_12_00005,su un ki ik,su-un-ki-ik,𒋢 𒌦 𒆠 𒅅,False,0
2352,UntN S 12,Anshan,,,,,,UntN_S_12_00006,an za an,an-za-an,𒀭 𒍝 𒀭,False,0
2353,UntN S 12,Susa,1sg.an,,,,,UntN_S_12_00007,šu šu un ka,šu-šu-un-ka,𒋗 𒋗 𒌦 𒅗,False,0
2354,UntN S 12,kukunum,,,,,,UntN_S_12_00008,ku ku un nu um,ku-ku-un-nu-um,𒆪 𒆪 𒌦 𒉡 𒌝,False,0
2355,UntN S 12,Inshushinak,,,,,,UntN_S_12_00009,d in šu uš na ak,(d)in-šu-uš-na-ak,𒀭 𒅔 𒋗 𒍑 𒈾 𒀝,False,0
2356,UntN S 12,uštana,,,,,,UntN_S_12_00010,uš ta na,uš-ta-na,𒍑 𒋫 𒈾,False,0
2357,UntN S 12,intum,,,,,,UntN_S_12_00011,in tu4 um,in-tu4-um,𒅔 𒌈 𒌝,False,0
2358,UntN S 12,i,,,,,,UntN_S_12_00012,i,i,𒄿,False,0
2359,UntN S 12,kata-,,,,,,UntN_S_12_00013,ka tah2,ka-tah2,𒅗 𒃮,False,0
2360,UntN S 12,sunki,3pl.an,,,,,UntN_S_12_00014,su un ki ip,su-un-ki-ip,𒋢 𒌦 𒆠 𒅁,False,0
2361,UntN S 12,urpu,3pl.an,,,,,UntN_S_12_00015,u2 ri pu be,u2-ri-pu-be,𒌑 𒊑 𒁍 𒁁,False,0
2362,UntN S 12,in-,3sg.inan1,,,,,UntN_S_12_00016,im me,im-me,𒅎 𒈨,False,0
2363,UntN S 12,huta-,3pl.an,,,,,UntN_S_12_00017,hu ut tah ša,hu-ut-tah-ša,𒄷 𒌓 𒈭 𒊭,False,0
2364,UntN S 12,kukunum,,,,,,UntN_S_12_00018,ku ku un nu um,ku-ku-un-nu-um,𒆪 𒆪 𒌦 𒉡 𒌝,False,0
2365,UntN S 12,iku,,,,,,UntN_S_12_00019,ik ku,ik-ku,𒅅 𒆪,False,0
2366,UntN S 12,tepta,,,,,,UntN_S_12_00020,te ip ta,te-ip-ta,𒋼 𒅁 𒋫,False,0
2367,UntN S 12,Sian.kuk,3sg.inan1,,,,,UntN_S_12_00021,si ia a an ku uk me,si-ia-a-an-ku-uk-me,𒋛 𒅀 𒀀 𒀭 𒆪 𒊌 𒈨,False,0
2368,UntN S 12,ta-,1sg.vb,,,,,UntN_S_12_00022,da ah,da-ah,𒁕 𒄴,False,0
2369,UntN S 12,Inshushinak,,,,,,UntN_S_12_00023,d in šu uš na ak,(d)in-šu-uš-na-ak,𒀭 𒅔 𒋗 𒍑 𒈾 𒀝,False,0
2370,UntN S 12,i,,,,,,UntN_S_12_00024,i,i,𒄿,False,0
2371,UntN S 12,tuni-,1sg.vb,,,,,UntN_S_12_00025,du ni ih,du-ni-ih,𒁺 𒉌 𒄴,False,0
2372,UntN S 12,sunki.me,,,,3sg.inan1,,UntN_S_12_00026,su un ki me,su-un-ki-me,𒋢 𒌦 𒆠 𒈨,False,0
2373,UntN S 12,kiti.n,postp.loc,,,3sg.inan2,,UntN_S_12_00027,ki it ti im ma,ki-it-ti-im-ma,𒆠 𒀉 𒋾 𒅎 𒈠,False,0
2374,UntN S 12,te,postp.loc,,,,,UntN_S_12_00028,te im ma,te-im-ma,𒋼 𒅎 𒈠,False,0
2375,UntN S 12,tur,,,,,,UntN_S_12_00029,tu4 ur,tu4-ur,𒌈 𒌨,False,0
2376,UntN S 12,hih,,,,,,UntN_S_12_00030,hi ih,hi-ih,𒄭 𒄴,False,0
2377,UntN S 12,sit.me,postp.loc,,,3sg.inan2,,UntN_S_12_00031,si di im ma,si-di-im-ma,𒋛 𒁲 𒅎 𒈠,False,0
2378,UntN S 12,u,acc,,,,,UntN_S_12_00032,un,un,𒌦,False,0
2379,UntN S 12,tuni-,3sg.vb,,,,,UntN_S_12_00033,du ni iš,du-ni-iš,𒁺 𒉌 𒅖,False,0
2380,UntN S 12,šut,3sg.inan1,,,,,UntN_S_12_00034,šu ut me,šu-ut-me,𒋗 𒌓 𒈨,False,0
2381,UntN S 12,šat,3sg.inan1,,,,,UntN_S_12_00035,ša at me,ša-at-me,𒊭 𒀜 𒈨,False,0
2382,UntN S 12,kiti.n,,,,,,UntN_S_12_00036,ki it ti in,ki-it-ti-in,𒆠 𒀉 𒋾 𒅔,False,0
2383,UntN S 12,meluk,postp.loc,,,,,UntN_S_12_00037,me lu uk ma,me-lu-uk-ma,𒈨 𒇻 𒊌 𒈠,False,0
2384,UntN S 12,te,postp.loc,,,,,UntN_S_12_00038,te im ma,te-im-ma,𒋼 𒅎 𒈠,False,0
2385,UntN S 12,giri,postp.gen2,,,,,UntN_S_12_00039,gi ri na,gi-ri-na,𒄀 𒊑 𒈾,False,0
2386,UntN S 12,"hun, hi-",1sg.vb,opt1,,,,UntN_S_12_00040,hu un hi ih na,hu-un-hi-ih-na,𒄷 𒌦 𒄭 𒄴 𒈾,False,0
2387,UntN S 13,u,,,,,,UntN_S_13_00001,u2,u2,𒌑,False,0
2388,UntN S 13,Untash-Napirisha,,,,,,UntN_S_13_00002,m un taš dingir gal,(m)un-taš-dingir-gal,𒁹 𒌦 𒌨 𒀭 𒃲,False,0
2389,UntN S 13,šak,,,,,,UntN_S_13_00003,ša ak,ša-ak,𒊭 𒀝,False,0
2390,UntN S 13,Humban-umena,1sg.an,,,,,UntN_S_13_00004,d hu um ban nu me na gi,(d)hu-um-ban-nu-me-na-gi,𒀭 𒄷 𒌝 𒉼 𒉡 𒈨 𒈾 𒄀,False,0
2391,UntN S 13,sunki,1sg.an,,,,,UntN_S_13_00005,su un ki ik,su-un-ki-ik,𒋢 𒌦 𒆠 𒅅,False,0
2392,UntN S 13,Anshan,,,,,,UntN_S_13_00006,an za an,an-za-an,𒀭 𒍝 𒀭,False,0
2393,UntN S 13,Susa,1sg.an,,,,,UntN_S_13_00007,šu šu un ka,šu-šu-un-ka,𒋗 𒋗 𒌦 𒅗,False,0
2394,UntN S 13,Napirisha,,,,,,UntN_S_13_00008,dingir gal,dingir-gal,𒀭 𒃲,False,0
2395,UntN S 13,ak,,,,,,UntN_S_13_00009,a ak,a-ak,𒀀 𒀝,False,0
2396,UntN S 13,Inshushinak,,,,,,UntN_S_13_00010,d in šu ši na ak,(d)in-šu-ši-na-ak,𒀭 𒅔 𒋗 𒅆 𒈾 𒀝,False,0
2397,UntN S 13,u,acc,,,,,UntN_S_13_00011,un,un,𒌦,False,0
2398,UntN S 13,hani-,3sg.vb,,,,,UntN_S_13_00012,ha ni ih ši,ha-ni-ih-ši,𒄩 𒉌 𒄴 𒅆,False,0
2399,UntN S 13,tašu,3pl.an,,,,,UntN_S_13_00013,ta š šu up,[ta]š?-šu?-up,𒌨 𒋗 𒌒,False,0
2400,UntN S 13,"turna-, utena?",1sg.vb (turna-),,,,,UntN_S_13_00014,dur na ah u2 te na,dur-na-ah-u2-te-{na}?,𒄙 𒈾 𒄴 𒌑 𒋼 𒈾,False,0
2401,UntN S 13,mur.ta-,III,,,,,UntN_S_13_00015,mu ur ta an,mu-ur-ta-an,𒈬 𒌨 𒋫 𒀭,False,0
2402,UntN S 13,kukunum,,,,,,UntN_S_13_00016,ku ku un nu um,ku-[ku]-un-nu-um,𒆪 𒆪 𒌦 𒉡 𒌝,False,0
2403,UntN S 13,lulu-,3sg.vb,,,,,UntN_S_13_00017,lu lu uh šu,lu-lu-uh-šu,𒇻 𒇻 𒄴 𒋗,False,0
2404,UntN S 13,ak,,,,,,UntN_S_13_00018,a ak,a-ak,𒀀 𒀝,False,0
2405,UntN S 13,šame-,3sg.vb,,,,,UntN_S_13_00019,ša am me eh ši,ša-am?-me-eh-ši,𒊭 𒄠 𒈨 𒄴 𒅆,False,0
2406,UntN S 13,kukunum?,,,,,,UntN_S_13_00020,ku nu um,{ku}?-nu-um,𒆪 𒉡 𒌝,False,0
2407,UntN S 13,tu-?,1sg.vb,,,,,UntN_S_13_00021,du uh,du-uh,𒁺 𒄴,False,0
2408,UntN S 13,ak,,,,,,UntN_S_13_00022,a ak,a-ak,𒀀 𒀝,False,0
2409,UntN S 13,uku.me,,,,3sg.inan1,,UntN_S_13_00023,uk ku me,{uk-ku}-me,𒊌 𒆪 𒈨,False,0
2410,UntN S 13,i,3sg.inan2,,,,,UntN_S_13_00024,en,en,𒂗,False,0
2411,UntN S 13,zuka-,III,1sg.an,,,,UntN_S_13_00025,zu uk ka an ka,zu-uk-ka-an-ka,𒍪 𒊌 𒅗 𒀭 𒅗,False,0
2412,UntN S 13,hutak.halik,,,,II,,UntN_S_13_00026,hu ut tak ha li ik,hu-[ut]-tak-ha-li-ik,𒄷 𒌓 𒋳 𒄩 𒇷 𒅅,False,0
2413,UntN S 13,u,3sg.inan1,,,,,UntN_S_13_00027,u2 me,u2-me,𒌑 𒈨,False,0
2414,UntN S 13,Napirisha,,,,,,UntN_S_13_00028,dingir gal,dingir-gal,𒀭 𒃲,False,0
2415,UntN S 13,ak,,,,,,UntN_S_13_00029,a ak,a-ak,𒀀 𒀝,False,0
2416,UntN S 13,Inshushinak,,,,,,UntN_S_13_00030,d in šu ši na ak,(d)in-šu-ši-na-ak,𒀭 𒅔 𒋗 𒅆 𒈾 𒀝,False,0
2417,UntN S 13,Sian.kuk,3pl.an,,,,,UntN_S_13_00031,si ia an ku uk pa,si-ia-an-ku-uk-pa,𒋛 𒅀 𒀭 𒆪 𒊌 𒉺,False,0
2418,UntN S 13,lina,,,,,,UntN_S_13_00032,li na,li-na,𒇷 𒈾,False,0
2419,UntN S 13,num,acc,,,,,UntN_S_13_00033,nu mu un,nu-mu-un,𒉡 𒈬 𒌦,False,0
2420,UntN S 13,tela-,II,opt2,,,,UntN_S_13_00034,te la ak ni,te-la-ak-ni,𒋼 𒆷 𒀝 𒉌,False,0
2421,UntN S 14,u,,,,,,UntN_S_14_00001,u2,u2,𒌑,False,0
2422,UntN S 14,Untash-Napirisha,,,,,,UntN_S_14_00002,m un taš dingir gal,(m)un-taš-dingir-gal,𒁹 𒌦 𒌨 𒀭 𒃲,False,0
2423,UntN S 14,šak,,,,,,UntN_S_14_00003,ša ak,ša-ak,𒊭 𒀝,False,0
2424,UntN S 14,Humban-umena,1sg.an,,,,,UntN_S_14_00004,m d hu um ban nu me na ki,(md)hu-um-ban-nu-me-na-ki,𒁹 𒀭 𒄷 𒌝 𒉼 𒉡 𒈨 𒈾 𒆠,False,0
2425,UntN S 14,sunki,1sg.an,,,,,UntN_S_14_00005,su un ki ik,su-un-ki-ik,𒋢 𒌦 𒆠 𒅅,False,0
2426,UntN S 14,Anshan,,,,,,UntN_S_14_00006,an za an,an-za-an,𒀭 𒍝 𒀭,False,0
2427,UntN S 14,Susa,1sg.an,,,,,UntN_S_14_00007,šu šu un ka,šu-šu-un-ka,𒋗 𒋗 𒌦 𒅗,False,0
2428,UntN S 14,sian,,,,,,UntN_S_14_00008,si ia an,si-ia-an,𒋛 𒅀 𒀭,False,0
2429,UntN S 14,Pinikir,,,,,,UntN_S_14_00009,d pi ni gir3 me,(d)pi-ni-gir3-me,𒀭 𒉿 𒉌 𒄊 𒈨,False,0
2430,UntN S 14,upat,,,,,,UntN_S_14_00010,u2 pa at,u2-pa-at,𒌑 𒉺 𒀜,False,0
2431,UntN S 14,husi,3pl.an,3sg.inan1,,,,UntN_S_14_00011,hu us si ip me,hu-us-si-ip-me,𒄷 𒊻 𒋛 𒅁 𒈨,False,0
2432,UntN S 14,kuši-,1sg.vb,,,,,UntN_S_14_00012,ku ši ih,ku-ši-ih,𒆪 𒅆 𒄴,False,0
2433,UntN PAE,u,,,,,,UntN_PAE_00001,u2,u2,𒌑,False,0
2434,UntN PAE,Untash-Napirisha,,,,,,UntN_PAE_00002,m un taš dingir gal,(m)un-taš-dingir-gal,𒁹 𒌦 𒌨 𒀭 𒃲,False,0
2435,UntN PAE,šak,,,,,,UntN_PAE_00003,ša ak,ša-ak,𒊭 𒀝,False,0
2436,UntN PAE,Humban-umena,1sg.an,,,,,UntN_PAE_00004,m d hu um ban nu me en na ki,(md)hu-um-ban-nu-me-en-na-ki,𒁹 𒀭 𒄷 𒌝 𒉼 𒉡 𒈨 𒂗 𒈾 𒆠,False,0
2437,UntN PAE,sunki,1sg.an,,,,,UntN_PAE_00005,su un ki ik,su-un-ki-ik,𒋢 𒌦 𒆠 𒅅,False,0
2438,UntN PAE,Anshan,,,,,,UntN_PAE_00006,an za an,an-[za-an],𒀭 𒍝 𒀭,False,0
2439,UntN PAE,Susa,1sg.an,,,,,UntN_PAE_00007,šu šu un ka,šu-šu-un-ka,𒋗 𒋗 𒌦 𒅗,False,0
2440,UntN PAE,tak.me,,,,3sg.inan1,,UntN_PAE_00008,ta ak me,ta-ak-me,𒋫 𒀝 𒈨,False,0
2441,UntN PAE,u,3sg.inan1,,,,,UntN_PAE_00009,u2 me,u2-me,𒌑 𒈨,False,0
2442,UntN PAE,tur,,,,,,UntN_PAE_00010,tu4 ur,tu4-ur,𒌈 𒌨,False,0
2443,UntN PAE,hih,,,,,,UntN_PAE_00011,hi ih,hi-ih,𒄭 𒄴,False,0
2444,UntN PAE,sit.me,,,,3sg.inan1,,UntN_PAE_00012,si it me,si-it-me,𒋛 𒀉 𒈨,False,0
2445,UntN PAE,u,3sg.inan1,,,,,UntN_PAE_00013,u2 me,u2-me,𒌑 𒈨,False,0
2446,UntN PAE,šullume-,III,1sg.an,,,,UntN_PAE_00014,šu ul lu me en ka,šu-ul-lu-me-en-ka,𒋗 𒌌 𒇻 𒈨 𒂗 𒅗,False,0
2447,UntN PAE,azkit,,,,,,UntN_PAE_00015,az ki it,az-ki-it,𒊍 𒆠 𒀉,False,0
2448,UntN PAE,tur,,,,,,UntN_PAE_00016,tu4 ur,tu4-ur,𒌈 𒌨,False,0
2449,UntN PAE,sah,3sg.an,,,,,UntN_PAE_00017,za ah ri,za-ah-ri,𒍝 𒄴 𒊑,False,0
2450,UntN PAE,in-,1sg.an,,,,,UntN_PAE_00018,in gi,[in-gi,𒅔 𒄀,False,0
2451,UntN PAE,hi-,III,1sg.an,,,,UntN_PAE_00019,hi e n ka,hi-e]n-ka,𒄭 𒂗 𒅗,False,0
2452,UntN PAE,in.tika,,,,,,UntN_PAE_00020,in ti ik ka,in-ti-ik-ka,𒅔 𒋾 𒅅 𒅗,False,0
2453,UntN PAE,ak,,,,,,UntN_PAE_00021,a gi,a-gi,𒀀 𒄀,False,0
2454,UntN PAE,sian,,,,,,UntN_PAE_00022,si ia an,si-ia-an,𒋛 𒅀 𒀭,False,0
2455,UntN PAE,Upurku.pak,,,,,,UntN_PAE_00023,d u2 pur ku pa ak,(d)u2-pur-ku-pa-ak,𒀭 𒌑 𒁓 𒆪 𒉺 𒀝,False,0
2456,UntN PAE,ak,,,,,,UntN_PAE_00024,a gi,a-gi,𒀀 𒄀,False,0
2457,UntN PAE,Haterišnu,3sg.inan1,,,,,UntN_PAE_00025,d ha te ri iš nu me,(d)ha-te-ri-iš-nu-me,𒀭 𒄩 𒋼 𒊑 𒅖 𒉡 𒈨,False,0
2458,UntN PAE,upat,,,,,,UntN_PAE_00026,u2 pa at,u2-pa-at,𒌑 𒉺 𒀜,False,0
2459,UntN PAE,husi,3pl.an,3sg.inan1,,,,UntN_PAE_00027,hu si ip me,hu-si-ip-me,𒄷 𒋛 𒅁 𒈨,False,0
2460,UntN PAE,Kabnak,,,,,,UntN_PAE_00028,ka ap na ak,ka?-ap-na-ak,𒅗 𒀊 𒈾 𒀝,False,0
2461,UntN PAE,kuši-,1sg.vb,,,,,UntN_PAE_00029,ku ši ih,ku-ši-ih,𒆪 𒅆 𒄴,False,0
2462,UntN PAE,Upurku.pak,,,,,,UntN_PAE_00030,d u2 pur ku pa ak,(d)u2-pur-ku-pa-ak,𒀭 𒌑 𒁓 𒆪 𒉺 𒀝,False,0
2463,UntN PAE,ak,,,,,,UntN_PAE_00031,a gi,a-gi,𒀀 𒄀,False,0
2464,UntN PAE,Haterišnu,,,,,,UntN_PAE_00032,d ha te ri iš nu,(d)ha-te-ri-iš-nu,𒀭 𒄩 𒋼 𒊑 𒅖 𒉡,False,0
2465,UntN PAE,,,,,,,UntN_PAE_00033,…,[…],…,False,0
2466,UntN PAE,Kabnak,,,,,,UntN_PAE_00034,ka ap na ak,ka?-ap-na-ak,𒅗 𒀊 𒈾 𒀝,False,0
2467,UntN PAE,sian,,,,,,UntN_PAE_00035,si ia an,si-ia-an,𒋛 𒅀 𒀭,False,0
2468,UntN PAE,pata-,1sg.vb,,,,,UntN_PAE_00036,pa at tah,pa-at-tah,𒉺 𒀜 𒈭,False,0
2469,UntN PAE,,,,,,,UntN_PAE_00037,…,[…],…,False,0
2470,UntN PAE,pel,,,,,,UntN_PAE_00038,pi el,[pi-el],𒉿 𒂖,False,0
2471,UntN PAE,kiti.n,postp.loc,,,3sg.inan2,,UntN_PAE_00039,ki it ti im ma,ki-it-ti-[im-ma],𒆠 𒀉 𒋾 𒅎 𒈠,False,0
2472,UntN PAE,,,,,,,UntN_PAE_00040,na a,na-a,𒈾 𒀀,False,0
2473,UntN PAE,meluk,3sg.an,,,,,UntN_PAE_00041,me lu uk ra,me-[lu]-uk-ra,𒈨 𒇻 𒊌 𒊏,False,0
2474,UntN PAE,hutak.halik,,,,II,,UntN_PAE_00042,hu ut ta ak,hu-ut-ta-ak,𒄷 𒌓 𒋫 𒀝,False,0
2475,UntN PAE,hutak.halik,,,,II,,UntN_PAE_00043,ha li ik,ha-li-ik,𒄩 𒇷 𒅅,False,0
2476,UntN PAE,u,3sg.inan1,,,,,UntN_PAE_00044,u2 me,u2-me,𒌑 𒈨,False,0
2477,UntN PAE,Upurku.pak,,,,,,UntN_PAE_00045,d u2 pur ku pa ak,(d)u2-pur-ku-pa-ak,𒀭 𒌑 𒁓 𒆪 𒉺 𒀝,False,0
2478,UntN PAE,Haterišnu,,,,,,UntN_PAE_00046,d ha te ri iš …,(d)ha-te-ri-iš-[…],𒀭 𒄩 𒋼 𒊑 𒅖 …,False,0
2479,UntN PAE,likri.n,,,,,,UntN_PAE_00047,li ik ri,li-ik-ri,𒇷 𒅅 𒊑,False,0
2480,UntN PAE,aha,,,,,,UntN_PAE_00048,a ah,a-ah?,𒀀 𒄴,False,0
2481,UntN PAE,tu-?,1sg.vb,,,,,UntN_PAE_00049,du uh,du-uh?,𒁺 𒄴,False,0
2482,UntN PAE,u,,,,,,UntN_PAE_00050,u2,u2,𒌑,False,0
2483,UntN PAE,zagratum,,,,,,UntN_PAE_00051,sig ra tu4,sig-ra-tu4,𒋝 𒊏 𒌈,False,0
2484,UntN PAE,kiki.te-,,,,,,UntN_PAE_00052,ki ik ki …,ki-ik-ki-[…],𒆠 𒅅 𒆠 …,False,0
2485,UntN GOT,u,,,,,,UntN_GOT_00001,u2,u2,𒌑,False,0
2486,UntN GOT,Untash-Napirisha,,,,,,UntN_GOT_00002,m un taš dingir gal,(m)un-taš-dingir-gal,𒁹 𒌦 𒌨 𒀭 𒃲,False,0
2487,UntN GOT,šak,,,,,,UntN_GOT_00003,ša ak,ša-ak,𒊭 𒀝,False,0
2488,UntN GOT,Humban-umena,1sg.an,,,,,UntN_GOT_00004,m d hu um ban nu me na ki,(md)hu-um-ban-nu-me-na-ki,𒁹 𒀭 𒄷 𒌝 𒉼 𒉡 𒈨 𒈾 𒆠,False,0
2489,UntN GOT,sunki,1sg.an,,,,,UntN_GOT_00005,su un ki ik,su-un-ki-ik,𒋢 𒌦 𒆠 𒅅,False,0
2490,UntN GOT,Anshan,,,,,,UntN_GOT_00006,an za an,an-za-an,𒀭 𒍝 𒀭,False,0
2491,UntN GOT,Susa,1sg.an,,,,,UntN_GOT_00007,šu šu un ka,šu-šu-un-ka,𒋗 𒋗 𒌦 𒅗,False,0
2492,UntN GOT,Upurku.pak,,,,,,UntN_GOT_00008,d u2 pur ku ba ak,(d)u2-pur-ku-ba-ak,𒀭 𒌑 𒁓 𒆪 𒁀 𒀝,False,0
2493,UntN GOT,kula-,III,1sg.an,,,,UntN_GOT_00009,ku ul la an ka,ku-ul-la-an-ka,𒆪 𒌌 𒆷 𒀭 𒅗,False,0
2494,UntN GOT,hahni?,3sg.an,,,,,UntN_GOT_00010,ha ah ni in ra,ha-ah-ni-in-ra,𒄩 𒄴 𒉌 𒅔 𒊏,False,0
2495,UntN GOT,turu-,III,1sg.an,,,,UntN_GOT_00011,tu4 ru un ka,tu4-ru-un-ka,𒌈 𒊒 𒌦 𒅗,False,0
2496,UntN GOT,huta-,III,3sg.an,,,,UntN_GOT_00012,hu ut ta an ra,hu-ut-ta-an-ra,𒄷 𒌓 𒋫 𒀭 𒊏,False,0
2497,UntN GOT,sian,,,,,,UntN_GOT_00013,si ia an,si-ia-an,𒋛 𒅀 𒀭,False,0
2498,UntN GOT,kuši-,1sg.vb,,,,,UntN_GOT_00014,ku ši ih,ku-ši-ih,𒆪 𒅆 𒄴,False,0
2499,UntN GOT,Upurku.pak,,,,,,UntN_GOT_00015,d u2 pur ku ba ak,(d)u2-pur-ku-ba-ak,𒀭 𒌑 𒁓 𒆪 𒁀 𒀝,False,0
2500,UntN GOT,i,3sg.an,,,,,UntN_GOT_00016,ir,ir,𒅕,False,0
2501,UntN GOT,šari-,1sg.vb,,,,,UntN_GOT_00017,ša ri ih,ša-ri-ih,𒊭 𒊑 𒄴,False,0
2502,UntN GOT,i,3sg.an,,,,,UntN_GOT_00018,ir,ir,𒅕,False,0
2503,UntN GOT,sian,3sg.an,,,,,UntN_GOT_00019,si ia an ra,si-ia-an-ra,𒋛 𒅀 𒀭 𒊏,False,0
2504,UntN GOT,mur.ta-,1sg.vb,,,,,UntN_GOT_00020,mu ur tah,mu-ur-tah,𒈬 𒌨 𒈭,False,0
2505,UntN GOT,hutak.halik,,,,II,,UntN_GOT_00021,hu ut ta ak,hu-ut-ta-ak,𒄷 𒌓 𒋫 𒀝,False,0
2506,UntN GOT,hutak.halik,,,,II,,UntN_GOT_00022,ha li ik,ha-li-ik,𒄩 𒇷 𒅅,False,0
2507,UntN GOT,u,3sg.inan1,,,,,UntN_GOT_00023,u2 me,u2-me,𒌑 𒈨,False,0
2508,UntN GOT,Upurku.pak,,,,,,UntN_GOT_00024,d u2 pur ku ba ak,(d)u2-pur-ku-ba-ak,𒀭 𒌑 𒁓 𒆪 𒁀 𒀝,False,0
2509,UntN GOT,lina,,,,,,UntN_GOT_00025,ul li na,ul-li-na,𒌌 𒇷 𒈾,False,0
2510,UntN GOT,tela-,II,opt2,,,,UntN_GOT_00026,te la ak ni,te-la-ak-ni,𒋼 𒆷 𒀝 𒉌,False,0
2511,UntN D,u,,,,,,UntN_D_00001,u2,u2,𒌑,False,0
2512,UntN D,Untash-Napirisha,,,,,,UntN_D_00002,m un taš dingir gal,(m)un-taš-dingir-gal,𒁹 𒌦 𒌨 𒀭 𒃲,False,0
2513,UntN D,šak,,,,,,UntN_D_00003,ša ak,ša-ak,𒊭 𒀝,False,0
2514,UntN D,Humban-umena,1sg.an,,,,,UntN_D_00004,m d hu ban nu me na gi,(md)hu-ban-nu-me-na-gi,𒁹 𒀭 𒄷 𒉼 𒉡 𒈨 𒈾 𒄀,False,0
2515,UntN D,sunki,1sg.an,,,,,UntN_D_00005,su un ki ik,su-un-ki-ik,𒋢 𒌦 𒆠 𒅅,False,0
2516,UntN D,Anshan,,,,,,UntN_D_00006,an za an,an-za-an,𒀭 𒍝 𒀭,False,0
2517,UntN D,Susa,1sg.an,,,,,UntN_D_00007,šu šu un ka,šu-šu-un-ka,𒋗 𒋗 𒌦 𒅗,False,0
2518,UntN D,sian,,,,,,UntN_D_00008,si ia an,si-ia-an,𒋛 𒅀 𒀭,False,0
2519,UntN D,Inshushinak,,,,,,UntN_D_00009,d in šu ši na ak,(d)in-šu-ši-na-ak,𒀭 𒅔 𒋗 𒅆 𒈾 𒀝,False,0
2520,UntN D,mašti,,,,,,UntN_D_00010,d ma áš ti,(d)ma-áš-ti,𒀭 𒈠 áš 𒋾,False,0
2521,UntN D,ak,,,,,,UntN_D_00011,a ak,a-ak,𒀀 𒀝,False,0
2522,UntN D,tepti,,,,,,UntN_D_00012,d te ip ti,(d)te-ip-ti,𒀭 𒋼 𒅁 𒋾,False,0
2523,UntN D,sit.me,,,,3sg.inan2,3sg.inan1,UntN_D_00013,si it tan me,si-it-tan-me,𒋛 𒀉 𒆗 𒈨,False,0
2524,UntN D,muhtun,3sg.inan1,,,,,UntN_D_00014,mu uh du uh me,mu-uh-du-uh-me,𒈬 𒄴 𒁺 𒄴 𒈨,False,0
2525,UntN D,kuši-,1sg.vb,,,,,UntN_D_00015,ku ši ih,ku-ši-ih,𒆪 𒅆 𒄴,False,0
2526,UntN D,šup,,,,,,UntN_D_00016,šu up,šu-up,𒋗 𒌒,False,0
2527,UntN D,ap,3sg.inan1,,,,,UntN_D_00017,a pi me,a-pi-me,𒀀 𒉿 𒈨,False,0
2528,UntN D,ak,,,,,,UntN_D_00018,a ak,a-ak,𒀀 𒀝,False,0
2529,UntN D,liki.r,,,,3sg.an,,UntN_D_00019,li ki ir,li-ki-ir,𒇷 𒆠 𒅕,False,0
2530,UntN D,ap,3sg.inan3,,,,,UntN_D_00020,a pi te,a-pi-te,𒀀 𒉿 𒋼,False,0
2531,UntN D,pepši-,3sg.inan3,,,,,UntN_D_00021,pi ip ši it te,pi-ip-ši-it-te,𒉿 𒅁 𒅆 𒀉 𒋼,False,0
2532,UntN D,huta-,1sg.vb,,,,,UntN_D_00022,hu ut tah,hu-ut-tah,𒄷 𒌓 𒈭,False,0
2533,UntN D,"šut, ki",3sg.inan1,,,,,UntN_D_00023,šu ut ku me,šu-ut-ku-me,𒋗 𒌓 𒆪 𒈨,False,0
2534,UntN D,"šat, ki",3sg.inan1,,,,,UntN_D_00024,ša at ki me,ša-at-ki-me,𒊭 𒀜 𒆠 𒈨,False,0
2535,UntN D,ak,,,,,,UntN_D_00025,a ak,a-ak,𒀀 𒀝,False,0
2536,UntN D,"tur, hih",,,,,,UntN_D_00026,tu4 ur hi ih,tu4-ur-hi-ih,𒌈 𒌨 𒄭 𒄴,False,0
2537,UntN D,sit.me,,,,3sg.inan1,,UntN_D_00027,si it me,si-it-me,𒋛 𒀉 𒈨,False,0
2538,UntN D,u,acc,,,,,UntN_D_00028,un,un,𒌦,False,0
2539,UntN D,tuni-,3sg.vb,opt2,3sg.poss,,,UntN_D_00029,du ni ih ši ni e,du-ni-ih-ši-ni-e,𒁺 𒉌 𒄴 𒅆 𒉌 𒂊,False,0
2540,Nasu,u,,,,,,Nasu_00001,u2,u2,𒌑,False,0
2541,Nasu,Napirasu,,,,,,Nasu_00002,f na pir2 a su,(f)na-pir2-a-su,𒊩 𒈾 𒂟 𒀀 𒋢,False,0
2542,Nasu,rutu,,,,,,Nasu_00003,ru tu4,ru-tu4,𒊒 𒌈,False,0
2543,Nasu,Untash-Napirisha,,,,,,Nasu_00004,m un taš dingir gal ki,(m)un-taš-dingir-gal-ki,𒁹 𒌦 𒌨 𒀭 𒃲 𒆠,False,0
2544,Nasu,u,,,,,,Nasu_00005,u2,u2,𒌑,False,0
2545,Nasu,Napirasu,,,,,,Nasu_00006,f na pír a su,(f)na-pír-a-su,𒊩 𒈾 pír 𒀀 𒋢,False,0
2546,Nasu,rutu,,,,,,Nasu_00007,ru tu4,ru-tu4,𒊒 𒌈,False,0
2547,Nasu,Untash-Napirisha,,,,,,Nasu_00008,m un taš dingir gal ki,(m)un-taš-dingir-gal-ki,𒁹 𒌦 𒌨 𒀭 𒃲 𒆠,False,0
2548,Nasu,aka,,,,,,Nasu_00009,ak ka,ak-ka,𒀝 𒅗,False,0
2549,Nasu,salmu,,,,,,Nasu_00010,sa al mu um,sa-al-mu-um,𒊓 𒀠 𒈬 𒌝,False,0
2550,Nasu,u,3sg.inan1,,,,,Nasu_00011,u2 me,u2-me,𒌑 𒈨,False,0
2551,Nasu,huma-,III,3sg.an,,,,Nasu_00012,hu ma an ra,hu-ma-an-ra,𒄷 𒈠 𒀭 𒊏,False,0
2552,Nasu,aka,,,,,,Nasu_00013,ak ka,ak-ka,𒀝 𒅗,False,0
2553,Nasu,hutu-,III,3sg.an,,,,Nasu_00014,hu tu4 un ra,hu-tu4-un-ra,𒄷 𒌈 𒌦 𒊏,False,0
2554,Nasu,aka,,,,,,Nasu_00015,ak ka,ak-ka,𒀝 𒅗,False,0
2555,Nasu,tuppi.me,,,,3sg.inan1,,Nasu_00016,tu4 up pi me,tu4-up-pi-me,𒌈 𒌒 𒉿 𒈨,False,0
2556,Nasu,melka-,III,3sg.an,,,,Nasu_00017,me el ka an ra,me-el-ka-an-ra,𒈨 𒂖 𒅗 𒀭 𒊏,False,0
2557,Nasu,aka,,,,,,Nasu_00018,ak ka,ak-ka,𒀝 𒅗,False,0
2558,Nasu,hiš,,,,,,Nasu_00019,hi iš,hi-iš,𒄭 𒅖,False,0
2559,Nasu,u,3sg.inan1,,,,,Nasu_00020,u2 me,u2-me,𒌑 𒈨,False,0
2560,Nasu,suku-,III,3sg.an,,,,Nasu_00021,su ku un ra,su-ku-un-ra,𒋢 𒆪 𒌦 𒊏,False,0
2561,Nasu,hat,,,,,,Nasu_00022,ha at,ha-<at>,𒄩 𒀜,False,0
2562,Nasu,Napirisha,,,,,,Nasu_00023,dingir gal,dingir-gal,𒀭 𒃲,False,0
2563,Nasu,Kiririsha,,,,,,Nasu_00024,d ki ri ri ša,(d)ki-ri-ri-ša,𒀭 𒆠 𒊑 𒊑 𒊭,False,0
2564,Nasu,Inshushinak,3sg.an,,,,,Nasu_00025,d in šu uš na ak ri,(d)in-šu-uš-na-ak-ri,𒀭 𒅔 𒋗 𒍑 𒈾 𒀝 𒊑,False,0
2565,Nasu,uku,3sg.an,,,,,Nasu_00026,uk ku ri,uk-ku-ri,𒊌 𒆪 𒊑,False,0
2566,Nasu,i,3sg.an,,,,,Nasu_00027,ir,ir,𒅕,False,0
2567,Nasu,ta-,II,opt2,,,,Nasu_00028,ta ak ni,ta-ak-ni,𒋫 𒀝 𒉌,False,0
2568,Nasu,Nahunte,3sg.an,,,,,Nasu_00029,na ah hu un te ir,na-ah-hu-un-te-ir,𒈾 𒄴 𒄷 𒌦 𒋼 𒅕,False,0
2569,Nasu,šara,3sg.an,,,,,Nasu_00030,ša ra ra,ša-ra-ra,𒊭 𒊏 𒊏,False,0
2570,Nasu,hiš,,,,,,Nasu_00031,hi iš,hi-iš,𒄭 𒅖,False,0
2571,Nasu,ani,,,,,,Nasu_00032,a ni,a-ni,𒀀 𒉌,False,0
2572,Nasu,pili-,III,,,,,Nasu_00033,pi li in,pi-li-in,𒉿 𒇷 𒅔,False,0
2573,Nasu,par,,,,,,Nasu_00034,pa ar,pa-ar,𒉺 𒅈,False,0
2574,Nasu,ani,,,,,,Nasu_00035,a ni,a-ni,𒀀 𒉌,False,0
2575,Nasu,kutu-,III,,,,,Nasu_00036,ku tu4 un,ku-tu4-un,𒆪 𒌈 𒌦,False,0
2576,Nasu,hih,,,,,,Nasu_00037,hi ih,hi-ih,𒄭 𒄴,False,0
2577,Nasu,Peltiya,,,,,,Nasu_00038,d pi el ti ya,(d)pi-el-ti-ya,𒀭 𒉿 𒂖 𒋾 𒉿,False,0
2578,Nasu,"nap, riša",3pl.an,,,,,Nasu_00039,na pir2 ri ša ar ra pi,na-pir2-ri-ša-ar-ra-pi,𒈾 𒂟 𒊑 𒊭 𒅈 𒊏 𒉿,False,0
2579,Nasu,uku,3pl.an,,,,,Nasu_00040,uk ku pi,uk-ku-pi,𒊌 𒆪 𒉿,False,0
2580,Nasu,i,3pl.an,,,,,Nasu_00041,ip,ip,𒅁,False,0
2581,Nasu,met-,II,opt2,,,,Nasu_00042,me it ki ni,me-it-ki-ni,𒈨 𒀉 𒆠 𒉌,False,0
