id_text,id_word,transliteration,lemma,morpheme1,morpheme2,morpheme3,base suffixes,base suffixes2
UntN TZ 1,UntN_TZ_1_00001,u2,u,,,,,
UntN TZ 1,UntN_TZ_1_00002,(m)un-taš-dingir-gal,Untash-Napirisha,,,,,
UntN TZ 1,UntN_TZ_1_00003,ša-ak,šak,,,,,
UntN TZ 1,UntN_TZ_1_00004,(md)hu-ban-nu-me-na-gi,Humban-umena,1sg.an,,,,
UntN TZ 1,UntN_TZ_1_00005,su-un-ki-ik,sunki,1sg.an,,,,
UntN TZ 1,UntN_TZ_1_00006,an-za-an,Anshan,,,,,
UntN TZ 1,UntN_TZ_1_00007,šu-šu-un-ka,Susa,,,,,
UntN TZ 1,UntN_TZ_1_00008,u2-pa-at,upat,,,,,
UntN TZ 1,UntN_TZ_1_00009,la-an-si-ti-ip-pa,lansiti,3pl.an,,,,
UntN TZ 1,UntN_TZ_1_00010,te-pu-uh,tepu-,1sg.vb,,,,
UntN TZ 1,UntN_TZ_1_00011,ul-hi,ulhi,,,,,
UntN TZ 1,UntN_TZ_1_00012,i,i,,,,,
UntN TZ 1,UntN_TZ_1_00013,a-ha-a,aha,,,,,
UntN TZ 1,UntN_TZ_1_00014,ku-ši-ih,kuši-,1sg.vb,,,,
UntN TZ 1,UntN_TZ_1_00015,dingir-gal,Napirisha,,,,,
UntN TZ 1,UntN_TZ_1_00016,a-ak,ak,,,,,
UntN TZ 1,UntN_TZ_1_00017,(d)in-šu-uš-na-ak,Inshushinak,,,,,
UntN TZ 1,UntN_TZ_1_00018,si-ia-an-ku-uk-pa,Sian.kuk,3pl.an,,,,
UntN TZ 1,UntN_TZ_1_00019,a-pu,ap,,,,,
UntN TZ 1,UntN_TZ_1_00020,u2,u,,,,,
UntN TZ 1,UntN_TZ_1_00021,du-ni-ih,tuni-,1sg.vb,,,,
UntN TZ 1,UntN_TZ_1_00022,hu-ut-tak-ha-li-ik,hutak.halik,,,,II,
UntN TZ 1,UntN_TZ_1_00023,u2-me,u,3sg.inan1,,,,
UntN TZ 1,UntN_TZ_1_00024,dingir-gal,Napirisha,,,,,
UntN TZ 1,UntN_TZ_1_00025,(d)in-šu-uš-na-ak,Inshushinak,,,,,
UntN TZ 1,UntN_TZ_1_00026,si-ia-an-ku-uk-pa,Sian.kuk,3pl.an,,,,
UntN TZ 1,UntN_TZ_1_00027,li-na,lina,,,,,
UntN TZ 1,UntN_TZ_1_00028,te-la-ak-ni,tela-,II,opt2,,,
UntN TZ 1,UntN_TZ_1_00029,si-ia-an,sian,,,,,
UntN TZ 1,UntN_TZ_1_00030,ap-pa,apa,,,,,
UntN TZ 1,UntN_TZ_1_00031,ku-ši-ih-ma,kuši-,1sg.vb,postp.loc,,,
UntN TZ 1,UntN_TZ_1_00032,pi-el,pel,,,,,
UntN TZ 1,UntN_TZ_1_00033,ki-it-ti-im-ma,kitin,postp.loc,,,3sg.inan2,
UntN TZ 1,UntN_TZ_1_00034,na-a,nan,,,,,
UntN TZ 1,UntN_TZ_1_00035,me-lu-uk-ra,meluk,3sg.an,,,,
UntN TZ 1,UntN_TZ_1_00036,DINGIR-GAL,Napirisha,,,,,
UntN TZ 1,UntN_TZ_1_00037,a-ak,ak,,,,,
UntN TZ 1,UntN_TZ_1_00038,(d)in-šu-uš-na-ak,Inshushinak,,,,,
UntN TZ 1,UntN_TZ_1_00039,si-ia-an-ku-uk-pa,Sian.kuk,3pl.an,,,,
UntN TZ 1,UntN_TZ_1_00040,gi-ri-na,giri,gen,,,,
UntN TZ 1,UntN_TZ_1_00041,hi-ih-li,hi-,1sg.vb,opt3,,,
UntN TZ 1,UntN_TZ_1_00042,su-un-ki-ir,sunki,3sg.an,,,,
UntN TZ 1,UntN_TZ_1_00043,pi-ti-ir,piti,3sg.an,,,,
UntN TZ 1,UntN_TZ_1_00044,a-ak,ak,,,,,
UntN TZ 1,UntN_TZ_1_00045,ta-ri-ir,tari,3sg.an,,,,
UntN TZ 1,UntN_TZ_1_00046,ak-ka,aka,,,,,
UntN TZ 1,UntN_TZ_1_00047,me-el-ka-an-ra,melka-,III,3sg.an,,,
UntN TZ 1,UntN_TZ_1_00048,ha-at-ta-an-ra,hata-,III,3sg.an,,,
UntN TZ 1,UntN_TZ_1_00049,a-ak,ak,,,,,
UntN TZ 1,UntN_TZ_1_00050,la-an-si-ti-e,lansiti,3sg.poss,,,,
UntN TZ 1,UntN_TZ_1_00051,du-un-ra,tu-,III,3sg.an,,,
UntN TZ 1,UntN_TZ_1_00052,a-ak,ak,,,,,
UntN TZ 1,UntN_TZ_1_00053,hi-iš,hiš,,,,,
UntN TZ 1,UntN_TZ_1_00054,(m)un-taš-dingir-gal-me,Untash-Napirisha,3sg.inan1,,,,
UntN TZ 1,UntN_TZ_1_00055,su-ku-ša-ak,sukuša- (?),II,,,,
UntN TZ 1,UntN_TZ_1_00056,i-me-ni,i,3sg.inan1,postp.gen2,,,
UntN TZ 1,UntN_TZ_1_00057,a-ha-ar,aha,3sg.an,,,,
UntN TZ 1,UntN_TZ_1_00058,ta-an-ra,ta-,III,3sg.an,,,
UntN TZ 1,UntN_TZ_1_00059,ha-at,hat,,,,,
UntN TZ 1,UntN_TZ_1_00060,dingir-gal,Napirisha,,,,,
UntN TZ 1,UntN_TZ_1_00061,(d)in-šu-uš-na-ak,Inshushinak,,,,,
UntN TZ 1,UntN_TZ_1_00062,a-ak,ak,,,,,
UntN TZ 1,UntN_TZ_1_00063,(d)ki-ri-ri-ša,Kiririsha,,,,,
UntN TZ 1,UntN_TZ_1_00064,si-ia-an-ku-uk-pa-ri,Sian.kuk,3sg.an,3pl.an,,,
UntN TZ 1,UntN_TZ_1_00065,uk-ku-ri,uku,3sg.an,,,,
UntN TZ 1,UntN_TZ_1_00066,ir,i,3sg.an,,,,
UntN TZ 1,UntN_TZ_1_00067,ta-ak-ni,ta-,II,opt2,,,
UntN TZ 1,UntN_TZ_1_00068,(d)na-ah-hu-un-te-ir,Nahunte,3sg.an,,,,
UntN TZ 1,UntN_TZ_1_00069,ša-ra-ra,šara,3sg.an,,,,
UntN TZ 1,UntN_TZ_1_00070,pa-ar,par,,,,,
UntN TZ 1,UntN_TZ_1_00071,a-ni,ani,,,,,
UntN TZ 1,UntN_TZ_1_00072,i,i,,,,,
UntN TZ 1,UntN_TZ_1_00073,ku-tu4-un,kutu-,III,,,,
UntN TZ 1,UntN_TZ_1_00074,su-un-ki-ir,sunki,3sg.an,,,,
UntN TZ 1,UntN_TZ_1_00075,ha-ta-am-ti-ir,Hatamti,3sg.an,,,,
UntN TZ 1,UntN_TZ_1_00076,an-ka,anka,,,,,
UntN TZ 1,UntN_TZ_1_00077,ru-ri-na,ruri-,III,,,,
UntN TZ 1,UntN_TZ_1_00078,a-ak,ak,,,,,
UntN TZ 1,UntN_TZ_1_00079,mi-ši-ma-na,miši-,3sg.an,aux,III,,
UntN TZ 1,UntN_TZ_1_00080,ku-ur-ru,kurru,,,,,
UntN TZ 1,UntN_TZ_1_00081,ku-du-ni,kutu,postp.postp.gen2,,,,
UntN TZ 1,UntN_TZ_1_00082,a-ak,ak,,,,,
UntN TZ 1,UntN_TZ_1_00083,hi-iš,hiš,,,,,
UntN TZ 1,UntN_TZ_1_00084,(m)un-taš-dingir-gal-me,Untash-Napirisha,,,,,
UntN TZ 1,UntN_TZ_1_00085,a-ha,aha,,,,,
UntN TZ 1,UntN_TZ_1_00086,ta-aš2-ni,ta-,3sg.vb,opt2,,,
UntN TZ 2,UntN_TZ_2_00001,u2,u,,,,,
UntN TZ 2,UntN_TZ_2_00002,(m)un-taš-dingir-gal,Untash-Napirisha,,,,,
UntN TZ 2,UntN_TZ_2_00003,ša-ak,šak,,,,,
UntN TZ 2,UntN_TZ_2_00004,(md)hu-ban-nu-me-na-gi,Humban-umena,1s.an,,,,
UntN TZ 2,UntN_TZ_2_00005,su-un-ki-ik,sunki,1s.an,,,,
UntN TZ 2,UntN_TZ_2_00006,an-za-an,Anshan,,,,,
UntN TZ 2,UntN_TZ_2_00007,šu-šu-un-ka,Susa,1s.an,,,,
UntN TZ 2,UntN_TZ_2_00008,u2-pa-at,upat,,,,,
UntN TZ 2,UntN_TZ_2_00009,la-an-si-ti-ip-pa,lansiti,3pl.an,,,,
UntN TZ 2,UntN_TZ_2_00010,te-pu-uh,tepu-,1sg.vb,,,,
UntN TZ 2,UntN_TZ_2_00011,ul-hi,ulhi,,,,,
UntN TZ 2,UntN_TZ_2_00012,i,i,,,,,
UntN TZ 2,UntN_TZ_2_00013,a-ha-a,aha,,,,,
UntN TZ 2,UntN_TZ_2_00014,ku-ši-ih,kuši-,1sg.vb,,,,
UntN TZ 2,UntN_TZ_2_00015,dingir-gal,Napirisha,,,,,
UntN TZ 2,UntN_TZ_2_00016,a-ak,ak,,,,,
UntN TZ 2,UntN_TZ_2_00017,(d)in-šu-uš-na-ak,Inshushinak,,,,,
UntN TZ 2,UntN_TZ_2_00018,si-ia-an-ku-uk-pa,Sian.kuk,3pl.an,,,,
UntN TZ 2,UntN_TZ_2_00019,a-pu,ap,,,,,
UntN TZ 2,UntN_TZ_2_00020,u2,u,,,,,
UntN TZ 2,UntN_TZ_2_00021,du-ni-ih,tuni-,1sg.vb,,,,
UntN TZ 2,UntN_TZ_2_00022,hu-ut-tak-ha-li-ik,hutak.halik,,,,II,
UntN TZ 2,UntN_TZ_2_00023,u2-me,u,3sg.inan1,,,,
UntN TZ 2,UntN_TZ_2_00024,dingir-gal,Napirisha,,,,,
UntN TZ 2,UntN_TZ_2_00025,(d)in-šu-uš-na-ak,Inshushinak,,,,,
UntN TZ 2,UntN_TZ_2_00026,si-ia-an-ku-uk-pa,Sian.kuk,3pl.an,,,,
UntN TZ 2,UntN_TZ_2_00027,li-na,lina,,,,,
UntN TZ 2,UntN_TZ_2_00028,te-la-ak-ni,tela-,II,opt2,,,
UntN TZ 2,UntN_TZ_2_00029,si-ia-an,sian,,,,,
UntN TZ 2,UntN_TZ_2_00030,ap-pa,apa,,,,,
UntN TZ 2,UntN_TZ_2_00031,ku-ši-ih-ma,kuši-,1sg.vb,aux,,,
UntN TZ 2,UntN_TZ_2_00032,pi-el,pel,,,,,
UntN TZ 2,UntN_TZ_2_00033,ki-it-ti-im-ma,kitin,postp.loc,,,3sg.inan2,
UntN TZ 2,UntN_TZ_2_00034,na-a,nan,,,,,
UntN TZ 2,UntN_TZ_2_00035,me-lu-uk-ra,meluk,3sg.an,,,,
UntN TZ 2,UntN_TZ_2_00036,dingir-gal,Napirisha,,,,,
UntN TZ 2,UntN_TZ_2_00037,a-ak,ak,,,,,
UntN TZ 2,UntN_TZ_2_00038,(d)in-šu-uš-na-ak,Inshushinak,,,,,
UntN TZ 2,UntN_TZ_2_00039,si-ia-an-ku-uk-pa,Sian.kuk,3pl.an,,,,
UntN TZ 2,UntN_TZ_2_00040,gi-ri-na,giri,postp.gen1,,,,
UntN TZ 2,UntN_TZ_2_00041,hi-ih-li,hi-,1sg.vb,opt3,,,
UntN TZ 3,UntN_TZ_3_00001,u2,u,,,,,
UntN TZ 3,UntN_TZ_3_00002,(m)un-taš-dingir-gal,Untash-Napirisha,,,,,
UntN TZ 3,UntN_TZ_3_00003,ša-ak,šak,,,,,
UntN TZ 3,UntN_TZ_3_00004,(md)hu-ban-nu-me-na-gi,Humban-umena,1sg.an,,,,
UntN TZ 3,UntN_TZ_3_00005,su-un-ki-ik,sunki,1sg.an,,,,
UntN TZ 3,UntN_TZ_3_00006,an-za-an,Anshan,,,,,
UntN TZ 3,UntN_TZ_3_00007,šu-šu-un-ka,Susa,1sg.an,,,,
UntN TZ 3,UntN_TZ_3_00008,ul-hi,ulhi,,,,,
UntN TZ 3,UntN_TZ_3_00009,i,i,,,,,
UntN TZ 3,UntN_TZ_3_00010,la-ni-ia,lani,adj,,,,
UntN TZ 3,UntN_TZ_3_00011,ku-ši-ih,kuši-,1sg.vb,,,,
UntN TZ 3,UntN_TZ_3_00012,dingir-gal,Napirisha,,,,,
UntN TZ 3,UntN_TZ_3_00013,a-ak,ak,,,,,
UntN TZ 3,UntN_TZ_3_00014,(d)in-šu-uš-na-ak,Inshushinak,,,,,
UntN TZ 3,UntN_TZ_3_00015,si-ia-an-ku-uk-pa,Sian.kuk,3pl.an,,,,
UntN TZ 3,UntN_TZ_3_00016,a-pu,ap,,,,,
UntN TZ 3,UntN_TZ_3_00017,u2,u,,,,,
UntN TZ 3,UntN_TZ_3_00018,du-ni-ih,tuni-,1sg.vb,,,,
UntN TZ 3,UntN_TZ_3_00019,hu-ut-tak-ha-li-ik,hutak.halik,,,,II,
UntN TZ 3,UntN_TZ_3_00020,u2-me,u,3sg.inan1,,,,
UntN TZ 3,UntN_TZ_3_00021,dingir-gal,Napirisha,,,,,
UntN TZ 3,UntN_TZ_3_00022,(d)in-šu-uš-na-ak,Inshushinak,,,,,
UntN TZ 3,UntN_TZ_3_00023,ul-li-na,lina,,,,,
UntN TZ 3,UntN_TZ_3_00024,te-la-ak-ni,tela-,II,op2,,,
UntN TZ 3,UntN_TZ_3_00025,si-ia-an,sian,,,,,
UntN TZ 3,UntN_TZ_3_00026,ku-ši-ih-ma,kuši-,1sg.vb,aux,,,
UntN TZ 3,UntN_TZ_3_00027,pi-el,pel,,,,,
UntN TZ 3,UntN_TZ_3_00028,ki-it-ti-im-ma,kitin,postp.loc,,,3sg.inan2,
UntN TZ 3,UntN_TZ_3_00029,na-a,nan,,,,,
UntN TZ 3,UntN_TZ_3_00030,me-lu-uk-ra,meluk,3sg.an,,,,
UntN TZ 3,UntN_TZ_3_00031,dingir-gal,Napirisha,,,,,
UntN TZ 3,UntN_TZ_3_00032,a-ak,ak,,,,,
UntN TZ 3,UntN_TZ_3_00033,(d)in-šu-uš-na-ak,Inshushinak,,,,,
UntN TZ 3,UntN_TZ_3_00034,si-ia-an-ku-uk-pa,Sian.kuk,3pl.an,,,,
UntN TZ 3,UntN_TZ_3_00035,gi-ri-na,giri,postp.gen1,,,,
UntN TZ 3,UntN_TZ_3_00036,hi-ih-li,hi-,1sg.vb,opt3,,,
UntN TZ 3,UntN_TZ_3_00037,ak-ka,aka,,,,,
UntN TZ 3,UntN_TZ_3_00038,ul-hi,ulhi,,,,,
UntN TZ 3,UntN_TZ_3_00039,i,i,,,,,
UntN TZ 3,UntN_TZ_3_00040,me-el-ka-an-ra,melka-,III,3sg.an,,,
UntN TZ 3,UntN_TZ_3_00041,a-ak,ak,,,,,
UntN TZ 3,UntN_TZ_3_00042,u2-pa-ti-pi,upat,3pl.an,,,,
UntN TZ 3,UntN_TZ_3_00043,la-ni-e,lani,3sg.poss,,,,
UntN TZ 3,UntN_TZ_3_00044,pa-ka-an-ra,paka-,III,3sg.an,,,
UntN TZ 3,UntN_TZ_3_00045,ha-at,hat,,,,,
UntN TZ 3,UntN_TZ_3_00046,dingir-gal,Napirisha,,,,,
UntN TZ 3,UntN_TZ_3_00047,a-ak,ak,,,,,
UntN TZ 3,UntN_TZ_3_00048,(d)in-šu-uš-na-ak,Inshushinak,,,,,
UntN TZ 3,UntN_TZ_3_00049,si-ia-an-ku-uk-pa-ri,Sian.kuk,3pl.an,3sg.an,,,
UntN TZ 3,UntN_TZ_3_00050,uk-ku-ri,uku,3sg.an,,,,
UntN TZ 3,UntN_TZ_3_00051,ir,i,3sg.an,,,,
UntN TZ 3,UntN_TZ_3_00052,ta-ak-ni,ta-,II,opt2,,,
UntN TZ 3,UntN_TZ_3_00053,(d)na-ah-hu-un-te-ir,Nahunte,3sg.an,,,,
UntN TZ 3,UntN_TZ_3_00054,ša-ra-ra,šara,3sg.an,,,,
UntN TZ 3,UntN_TZ_3_00055,pa-ar,par,,,,,
UntN TZ 3,UntN_TZ_3_00056,a-ni,ani,,,,,
UntN TZ 3,UntN_TZ_3_00057,ku-tu4-un,kutu-,III,,,,
UntN TZ 4,UntN_TZ_4_00001,u2,u,,,,,
UntN TZ 4,UntN_TZ_4_00002,(m)un-taš-dingir-gal,Untash-Napirisha,,,,,
UntN TZ 4,UntN_TZ_4_00003,ša-ak,šak,,,,,
UntN TZ 4,UntN_TZ_4_00004,(d)hu-ban-um-me-en-na-ki,Humban-umena,1sg.an,,,,
UntN TZ 4,UntN_TZ_4_00005,su-un-ki-ik,sunki,1sg.an,,,,
UntN TZ 4,UntN_TZ_4_00006,an-za-an,Anshan,,,,,
UntN TZ 4,UntN_TZ_4_00007,šu-šu-un-ka,Susa,1sg.an,,,,
UntN TZ 4,UntN_TZ_4_00008,ta-ak-me,tak.me,,,,3sg.inan1,
UntN TZ 4,UntN_TZ_4_00009,u2-me,u,3sg.inan1,,,,
UntN TZ 4,UntN_TZ_4_00010,tu4-ur,tur,,,,,
UntN TZ 4,UntN_TZ_4_00011,hi-ih,hih,,,,,
UntN TZ 4,UntN_TZ_4_00012,si-it-me,sit.me,,,,3sg.inan1,
UntN TZ 4,UntN_TZ_4_00013,u2-me,u,3sg.inan1,,,,
UntN TZ 4,UntN_TZ_4_00014,šu-ul-lu-me-en-ga,šullume-,III,1sg.an,,,
UntN TZ 4,UntN_TZ_4_00015,az-ki-it,azkit,,,,,
UntN TZ 4,UntN_TZ_4_00016,tu4-ur,tur,,,,,
UntN TZ 4,UntN_TZ_4_00017,sah-ri,sah,3sg.an,,,,
UntN TZ 4,UntN_TZ_4_00018,hu-šu-ia,hušu,adj,,,,
UntN TZ 4,UntN_TZ_4_00019,in-gi,in-,1sg.an,,,,
UntN TZ 4,UntN_TZ_4_00020,hi-en-ga,hi-,III,1sg.an,,,
UntN TZ 4,UntN_TZ_4_00021,in-di-ig-ga,in.tika,,,,,
UntN TZ 4,UntN_TZ_4_00022,a-gi,ak,,,,,
UntN TZ 4,UntN_TZ_4_00023,si-ia-an,sian,,,,,
UntN TZ 4,UntN_TZ_4_00024,u2-pa-at,upat,,,,,
UntN TZ 4,UntN_TZ_4_00025,hu-us-si-ip-me,husi,3pl.an,3sg.inan1,,,
UntN TZ 4,UntN_TZ_4_00026,ku-ši-ih,kuši-,1sg.vb,,,,
UntN TZ 4,UntN_TZ_4_00027,(d)in-šu-uš-na-ak,Inshushinak,,,,,
UntN TZ 4,UntN_TZ_4_00028,si-ia-an-ku-uk-ra,Sian.kuk,3sg.an,,,,
UntN TZ 4,UntN_TZ_4_00029,in,i,3sg.inan2,,,,
UntN TZ 4,UntN_TZ_4_00030,tu4-ni-ih,tuni-,1sg.vb,,,,
UntN TZ 4,UntN_TZ_4_00031,hu-ut-tak-ha-li-ik,hutak.halik,,,,II,
UntN TZ 4,UntN_TZ_4_00032,u2-me,u,3sg.inan1,,,,
UntN TZ 4,UntN_TZ_4_00033,(d)in-šu-uš-na-ak,Inshushinak,,,,,
UntN TZ 4,UntN_TZ_4_00034,ul-li-na,lina,,,,,
UntN TZ 4,UntN_TZ_4_00035,te-la-ak,tela-,II,,,,
UntN TZ 5,UntN_TZ_5_00001,u2,u,,,,,
UntN TZ 5,UntN_TZ_5_00002,un-taš-dingir-gal,Untash-Napirisha,,,,,
UntN TZ 5,UntN_TZ_5_00003,ša-ak,šak,,,,,
UntN TZ 5,UntN_TZ_5_00004,(d)hu-ban-nu-me-na-gi,Humban-umena,,,,,
UntN TZ 5,UntN_TZ_5_00005,zu-un-ki-ik,sunki,1sg.an,,,,
UntN TZ 5,UntN_TZ_5_00006,an-za-an,Anshan,,,,,
UntN TZ 5,UntN_TZ_5_00007,šu-šu-un-ka,Susa,,,,,
UntN TZ 5,UntN_TZ_5_00008,ma-šu-um,mašum,,,,,
UntN TZ 5,UntN_TZ_5_00009,pi-it-te-ka,pite-,II,,,,
UntN TZ 5,UntN_TZ_5_00010,si-ia-an-ku-uk,Sian.kuk,,,,,
UntN TZ 5,UntN_TZ_5_00011,a-ha-an,aha,3sg.inan2,,,,
UntN TZ 5,UntN_TZ_5_00012,ku-ši-ih,kuši-,1sg.vb,,,,
UntN TZ 5,UntN_TZ_5_00013,pi-el,pel,,,,,
UntN TZ 5,UntN_TZ_5_00014,ki-it-ti-im-ma,kitin,postp.loc,,,3sg.inan2,
UntN TZ 5,UntN_TZ_5_00015,na-a,nan,,,,,
UntN TZ 5,UntN_TZ_5_00016,me-lu-uk-ra,meluk,3sg.an,,,,
UntN TZ 5,UntN_TZ_5_00017,zu-un-ki-me,sunki.me,,,,3sg.inan1,
UntN TZ 5,UntN_TZ_5_00018,tu4-ur,tur,,,,,
UntN TZ 5,UntN_TZ_5_00019,hi-ih,hih,,,,,
UntN TZ 5,UntN_TZ_5_00020,zi-it-me,sit.me,,,,3sg.inan1,
UntN TZ 5,UntN_TZ_5_00021,hi-en-ka,hi-,III,1sg.an,,,
UntN TZ 5,UntN_TZ_5_00022,in-ti-ik-ka,in.tika,,,,,
UntN TZ 5,UntN_TZ_5_00023,a-gi,ak,,,,,
UntN TZ 5,UntN_TZ_5_00024,šu-un-šu-ir-pi,šunšu.irpi,,,,,
UntN TZ 5,UntN_TZ_5_00025,ku-ši-ih,kuši-,1sg.vb,,,,
UntN TZ 5,UntN_TZ_5_00026,dingir-gal,Napirisha,,,,,
UntN TZ 5,UntN_TZ_5_00027,a-ak,ak,,,,,
UntN TZ 5,UntN_TZ_5_00028,(d)in-šu-ši-na-ak,Inshushinak,,,,,
UntN TZ 5,UntN_TZ_5_00029,si-ia-an-ku-uk-pa,Sian.kuk,3pl.an,,,,
UntN TZ 5,UntN_TZ_5_00030,du-ni-ih,tuni-,1sg.vb,,,,
UntN TZ 5,UntN_TZ_5_00031,hu-ut-tak-ha-li-ik,hutak.halik,,,,II,
UntN TZ 5,UntN_TZ_5_00032,u2-me,u,3sg.inan1,,,,
UntN TZ 5,UntN_TZ_5_00033,dingir-gal,Napirisha,,,,,
UntN TZ 5,UntN_TZ_5_00034,a-ak,ak,,,,,
UntN TZ 5,UntN_TZ_5_00035,(d)in-šu-ši-na-ak,Inshushinak,,,,,
UntN TZ 5,UntN_TZ_5_00036,si-ia-an-ku-uk-pa,Sian.kuk,3pl.an,,,,
UntN TZ 5,UntN_TZ_5_00037,li-na,lina,,,,,
UntN TZ 5,UntN_TZ_5_00038,te-la-ak-ni,tela-,II,opt2,,,
UntN TZ 6,UntN_TZ_6_00001,u3,u,,,,,
UntN TZ 6,UntN_TZ_6_00002,(m)un-taš-dingir-gal,Untash-Napirisha,,,,,
UntN TZ 6,UntN_TZ_6_00003,ša-ak,šak,,,,,
UntN TZ 6,UntN_TZ_6_00004,(d)hu-ba-nu-me-en-na-ki,Humban-umena,1sg.an,,,,
UntN TZ 6,UntN_TZ_6_00005,su-un-ki-ik,sunki,1sg.an,,,,
UntN TZ 6,UntN_TZ_6_00006,an-za-an,Anshan,,,,,
UntN TZ 6,UntN_TZ_6_00007,šu-šu-un-ka,Susa,1sg.an,,,,
UntN TZ 6,UntN_TZ_6_00008,ta-ak-me,tak.me,,,,3sg.inan1,
UntN TZ 6,UntN_TZ_6_00009,u2-me,u,3sg.inan1,,,,
UntN TZ 6,UntN_TZ_6_00010,tu4-ur,tur,,,,,
UntN TZ 6,UntN_TZ_6_00011,hi-ih,hih,,,,,
UntN TZ 6,UntN_TZ_6_00012,si-it-me,sit.me,,,,3sg.inan1,
UntN TZ 6,UntN_TZ_6_00013,u2-me,u,3sg.inan1,,,,
UntN TZ 6,UntN_TZ_6_00014,šu-lu-me-ka,šullume-,II,,,,
UntN TZ 6,UntN_TZ_6_00015,az-ki-it,azkit,,,,,
UntN TZ 6,UntN_TZ_6_00016,tu4-ur,tur,,,,,
UntN TZ 6,UntN_TZ_6_00017,sah-ri,sah,3sg.an,,,,
UntN TZ 6,UntN_TZ_6_00018,hu-šu-a,hušu,adj,,,,
UntN TZ 6,UntN_TZ_6_00019,in-gi,in-,1sg.an,,,,
UntN TZ 6,UntN_TZ_6_00020,hi-en-ka,hi-,III,1sg.an,,,
UntN TZ 6,UntN_TZ_6_00021,in-di-ik-ka,in.tika,,,,,
UntN TZ 6,UntN_TZ_6_00022,a-gi,ak,,,,,
UntN TZ 6,UntN_TZ_6_00023,si-a-an,sian,,,,,
UntN TZ 6,UntN_TZ_6_00024,u2-pa-at,upat,,,,,
UntN TZ 6,UntN_TZ_6_00025,hu-us-si-ip-me,husi,3pl.an,3sg.inan1,,,
UntN TZ 6,UntN_TZ_6_00026,ku-ši-ih,kuši-,1sg.vb,,,,
UntN TZ 6,UntN_TZ_6_00027,(d)ki-ri-ri-ša,Kiririsha,,,,,
UntN TZ 6,UntN_TZ_6_00028,si-a-an-ku-uk-ra,Sian.kuk,,,,,
UntN TZ 6,UntN_TZ_6_00029,in,i,3sg.inan2,,,,
UntN TZ 6,UntN_TZ_6_00030,tu4-ni-ih,tuni-,1sg.vb,,,,
UntN TZ 6,UntN_TZ_6_00031,hu-ut-tak-ha-li-ik,hutak.halik,,,,II,
UntN TZ 6,UntN_TZ_6_00032,u2-me,u,3sg.inan1,,,,
UntN TZ 6,UntN_TZ_6_00033,(d)ki-ri-ri-ša,Kiririsha,,,,,
UntN TZ 6,UntN_TZ_6_00034,li-na,lina,,,,,
UntN TZ 6,UntN_TZ_6_00035,te-la-ak-ni,tela-,II,opt2,,,
UntN TZ 7,UntN_TZ_7_00001,u3,u,,,,,
UntN TZ 7,UntN_TZ_7_00002,(m)un-taš-dingir-gal,Untash-Napirisha,,,,,
UntN TZ 7,UntN_TZ_7_00003,ša-ak,šak,,,,,
UntN TZ 7,UntN_TZ_7_00004,(d)hu-um-ban-nu-me-na-gi,Humban-umena,1sg.an,,,,
UntN TZ 7,UntN_TZ_7_00005,su-un-ki-ik,sunki,1sg.an,,,,
UntN TZ 7,UntN_TZ_7_00006,an-za-an,Anshan,,,,,
UntN TZ 7,UntN_TZ_7_00007,šu-šu-un-ka,Susa,1sg.an,,,,
UntN TZ 7,UntN_TZ_7_00008,si-ia-an,sian,,,,,
UntN TZ 7,UntN_TZ_7_00009,u2-pa-at,upat,,,,,
UntN TZ 7,UntN_TZ_7_00010,hu-us-si-ip-me,husi,3pl.an,3sg.inan1,,,
UntN TZ 7,UntN_TZ_7_00011,ku-ši-ih,kuši-,1sg.vb,,,,
UntN TZ 7,UntN_TZ_7_00012,(d)iš-ni-ka-ra-ab2,Išnikarab,,,,,
UntN TZ 7,UntN_TZ_7_00013,si-ia-an-ku-uk-ra,Sian.kuk,3sg.an,,,,
UntN TZ 7,UntN_TZ_7_00014,in,i,3sg.inan2,,,,
UntN TZ 7,UntN_TZ_7_00015,du-ni-ih,tuni-,1sg.vb,,,,
UntN TZ 8,UntN_TZ_8_00001,u3,u,,,,,
UntN TZ 8,UntN_TZ_8_00002,(m)un-taš-dingir-gal,Untash-Napirisha,,,,,
UntN TZ 8,UntN_TZ_8_00003,ša-ak,šak,,,,,
UntN TZ 8,UntN_TZ_8_00004,(d)hu-ban-nu-me-en-na-ki,Humban-umena,1sg.an,,,,
UntN TZ 8,UntN_TZ_8_00005,su-un-ki-ik,sunki,1sg.an,,,,
UntN TZ 8,UntN_TZ_8_00006,an-za-an,Anshan,,,,,
UntN TZ 8,UntN_TZ_8_00007,šu-šu-un-ka,Susa,1sg.an,,,,
UntN TZ 8,UntN_TZ_8_00008,ta-ak-me,tak.me,,,,3sg.inan1,
UntN TZ 8,UntN_TZ_8_00009,u2-me,u,3sg.inan1,,,,
UntN TZ 8,UntN_TZ_8_00010,tu4-ur,tur,,,,,
UntN TZ 8,UntN_TZ_8_00011,hi-ih,hih,,,,,
UntN TZ 8,UntN_TZ_8_00012,si-it-me,sit.me,,,,3sg.inan1,
UntN TZ 8,UntN_TZ_8_00013,u2-me,u,3sg.inan1,,,,
UntN TZ 8,UntN_TZ_8_00014,šu-ul-lu-me-ka,šullume-,II,,,,
UntN TZ 8,UntN_TZ_8_00015,az-ki-it,azkit,,,,,
UntN TZ 8,UntN_TZ_8_00016,tu4-ur,tur,,,,,
UntN TZ 8,UntN_TZ_8_00017,sah-ri,sah,3sg.an,,,,
UntN TZ 8,UntN_TZ_8_00018,hu-šu-ia,hušu,adj,,,,
UntN TZ 8,UntN_TZ_8_00019,in-gi,in-,1sg.an,,,,
UntN TZ 8,UntN_TZ_8_00020,hi-en-ka,hi-,III,1sg.an,,,
UntN TZ 8,UntN_TZ_8_00021,in-di-ik-ka,in.tika,,,,,
UntN TZ 8,UntN_TZ_8_00022,a-gi,ak,,,,,
UntN TZ 8,UntN_TZ_8_00023,si-ia-an,sian,,,,,
UntN TZ 8,UntN_TZ_8_00024,ta-li-in,talin,3sg.inan2,,,,
UntN TZ 8,UntN_TZ_8_00025,ku-ši-ih,kuši-,1sg.vb,,,,
UntN TZ 8,UntN_TZ_8_00026,dingir-gal,Napirisha,,,,,
UntN TZ 8,UntN_TZ_8_00027,si-ia-an-ku-uk-ra,Sian.kuk,3sg.an,,,,
UntN TZ 8,UntN_TZ_8_00028,in,i,3sg.inan2,,,,
UntN TZ 8,UntN_TZ_8_00029,du-ni-ih,tuni-,1sg.vb,,,,
UntN TZ 8,UntN_TZ_8_00030,1,ki,,,,,
UntN TZ 8,UntN_TZ_8_00031,šu-uh-tir,suhter,3sg.an,,,,
UntN TZ 8,UntN_TZ_8_00032,ir,i,3sg.an,,,,
UntN TZ 8,UntN_TZ_8_00033,ta-ah,ta-,1sg.vb,,,,
UntN TZ 8,UntN_TZ_8_00034,hu-ut-tak-ha-li-ik,hutak.halik,,,,II,
UntN TZ 8,UntN_TZ_8_00035,u2-me,u,3sg.inan1,,,,
UntN TZ 8,UntN_TZ_8_00036,dingir-gal,Napirisha,,,,,
UntN TZ 8,UntN_TZ_8_00037,ul-li-na,lina,,,,,
UntN TZ 8,UntN_TZ_8_00038,te-la-ak-ni,tela-,II,opt2,,,
UntN TZ 9,UntN_TZ_9_00001,missing,,,,,,
UntN TZ 10,UntN_TZ_10_00001,u2,u,,,,,
UntN TZ 10,UntN_TZ_10_00002,(m)un-taš-dingir-gal,Untash-Napirisha,,,,,
UntN TZ 10,UntN_TZ_10_00003,ša-ak,šak,,,,,
UntN TZ 10,UntN_TZ_10_00004,(md)hu-um-ban-nu-me-na-gi,Humban-umena,1sg.an,,,,
UntN TZ 10,UntN_TZ_10_00005,su-un-ki-ik,sunki,1sg.an,,,,
UntN TZ 10,UntN_TZ_10_00006,an-za-an,Anshan,,,,,
UntN TZ 10,UntN_TZ_10_00007,šu-šu-un-ka,Susa,1sg.an,,,,
UntN TZ 10,UntN_TZ_10_00008,si-ia-an,sian,,,,,
UntN TZ 10,UntN_TZ_10_00009,a-lu-mi-im-ma,alumelu,postp.loc,,,,
UntN TZ 10,UntN_TZ_10_00010,u2-pa-at,upat,,,,,
UntN TZ 10,UntN_TZ_10_00011,hu-us-si-ip-me,husi,3pl.an,3sg.inan1,,,
UntN TZ 10,UntN_TZ_10_00012,ku-ši-ih,kuši-,1sg.vb,,,,
UntN TZ 10,UntN_TZ_10_00013,(d)pi-ni-gir3,Pinikir,,,,,
UntN TZ 10,UntN_TZ_10_00014,in,i,3sg.inan2,,,,
UntN TZ 10,UntN_TZ_10_00015,du-ni-ih,tuni-,1sg.vb,,,,
UntN TZ 11,UntN_TZ_11_00001,u2,u,,,,,
UntN TZ 11,UntN_TZ_11_00002,(m)un-taš-dingir-gal,Untash-Napirisha,,,,,
UntN TZ 11,UntN_TZ_11_00003,ša-ak,šak,,,,,
UntN TZ 11,UntN_TZ_11_00004,(md)hu-um-ban-nu-me-na-gi,Humban-umena,1sg.an,,,,
UntN TZ 11,UntN_TZ_11_00005,zu-un-ki-ik,sunki,1sg.an,,,,
UntN TZ 11,UntN_TZ_11_00006,an-za-an,Anshan,,,,,
UntN TZ 11,UntN_TZ_11_00007,šu-šu-un-ka,Susa,1sg.an,,,,
UntN TZ 11,UntN_TZ_11_00008,si-ia-an,sian,,,,,
UntN TZ 11,UntN_TZ_11_00009,si-li-in,silin,3sg.inan2,,,,
UntN TZ 11,UntN_TZ_11_00010,u2-pa-at,upat,,,,,
UntN TZ 11,UntN_TZ_11_00011,hu-us-si-ip-me,husi,3pl.an,3sg.inan1,,,
UntN TZ 11,UntN_TZ_11_00012,ku-ši-ih,kuši-,1sg.vb,,,,
UntN TZ 11,UntN_TZ_11_00013,(d)im,IM,,,,,
UntN TZ 11,UntN_TZ_11_00014,a-ak,ak,,,,,
UntN TZ 11,UntN_TZ_11_00015,(d)ša-la,Shala,,,,,
UntN TZ 11,UntN_TZ_11_00016,in,i,3sg.inan2,,,,
UntN TZ 11,UntN_TZ_11_00017,du-ni-ih,tuni-,1sg.vb,,,,
UntN TZ 12,UntN_TZ_12_00001,u2,u,,,,,
UntN TZ 12,UntN_TZ_12_00002,(m)un-taš-dingir-gal,Untash-Napirisha,,,,,
UntN TZ 12,UntN_TZ_12_00003,ša-ak,šak,,,,,
UntN TZ 12,UntN_TZ_12_00004,(md)hu-um-ban-nu-me-na-gi,Humban-umena,1sg.an,,,,
UntN TZ 12,UntN_TZ_12_00005,su-un-ki-ik,sunki,1sg.an,,,,
UntN TZ 12,UntN_TZ_12_00006,an-za-an,Anshan,,,,,
UntN TZ 12,UntN_TZ_12_00007,šu-šu-un-ka,Susa,1sg.an,,,,
UntN TZ 12,UntN_TZ_12_00008,si-ia-an,sian,,,,,
UntN TZ 12,UntN_TZ_12_00009,ki-ni-in,kinin,3sg.inan2,,,,
UntN TZ 12,UntN_TZ_12_00010,u2-pa-at,upat,,,,,
UntN TZ 12,UntN_TZ_12_00011,hu-us-si-ip-me,husi,3pl.an,3sg.inan1,,,
UntN TZ 12,UntN_TZ_12_00012,ku-ši-ih,kuši-,1sg.vb,,,,
UntN TZ 12,UntN_TZ_12_00013,(d)ši-mut,Shimut,,,,,
UntN TZ 12,UntN_TZ_12_00014,a-ak,ak,,,,,
UntN TZ 12,UntN_TZ_12_00015,(d)nin-a-li,NIN.A.LI (?),,,,,
UntN TZ 12,UntN_TZ_12_00016,in,i,3sg.inan2,,,,
UntN TZ 12,UntN_TZ_12_00017,du-ni-ih,tuni-,1sg.vb,,,,
UntN TZ 13,UntN_TZ_13_00001,u2,u,,,,,
UntN TZ 13,UntN_TZ_13_00002,(m)un-taš-dingir-gal,Untash-Napirisha,,,,,
UntN TZ 13,UntN_TZ_13_00003,ša-ak,šak,,,,,
UntN TZ 13,UntN_TZ_13_00004,(md)hu-um-ban-nu-me-na-gi,Humban-umena,1sg.an,,,,
UntN TZ 13,UntN_TZ_13_00005,zu-un-ki-ik,sunki,1sg.an,,,,
UntN TZ 13,UntN_TZ_13_00006,an-za-an,Anshan,,,,,
UntN TZ 13,UntN_TZ_13_00007,šu-šu-un-ka,Susa,1sg.an,,,,
UntN TZ 13,UntN_TZ_13_00008,si-ir-ha-al-te,sir.halte,,,,,
UntN TZ 13,UntN_TZ_13_00009,u2-pa-at,upat,,,,,
UntN TZ 13,UntN_TZ_13_00010,hu-us-si-ip-me,husi,3pl.an,3sg.inan1,,,
UntN TZ 13,UntN_TZ_13_00011,ku-ši-ih,kuši-,1sg.vb,,,,
UntN TZ 13,UntN_TZ_13_00012,(d)na-ap-ra-te-ip,Nap.ratep,,,,,
UntN TZ 13,UntN_TZ_13_00013,nu-ul-ki-ip-pi,nulki-,3pl.an,,,,
UntN TZ 13,UntN_TZ_13_00014,in,i,3sg.inan2,,,,
UntN TZ 13,UntN_TZ_13_00015,du-ni-ih,tuni-,1sg.vb,,,,
UntN TZ 13a,UntN_TZ_13a_00001,u2,u,,,,,
UntN TZ 13a,UntN_TZ_13a_00002,(m)un-taš-dingir-gal,Untash-Napirisha,,,,,
UntN TZ 13a,UntN_TZ_13a_00003,ša-ak,šak,,,,,
UntN TZ 13a,UntN_TZ_13a_00004,(md)hu-um-ban-nu-me-na-gi,Humban-umena,1sg.an,,,,
UntN TZ 13a,UntN_TZ_13a_00005,zu-un-ki-ik,sunki,1sg.an,,,,
UntN TZ 13a,UntN_TZ_13a_00006,an-za-an,Anshan,,,,,
UntN TZ 13a,UntN_TZ_13a_00007,šu-šu-un-ka,Susa,1sg.an,,,,
UntN TZ 13a,UntN_TZ_13a_00008,si-ia-an,sian,,,,,
UntN TZ 13a,UntN_TZ_13a_00009,(d)pi-ni-gir3-me,Pinikir,,,,,
UntN TZ 13a,UntN_TZ_13a_00010,u2-pa-at,upat,,,,,
UntN TZ 13a,UntN_TZ_13a_00011,hu-us-si-ip-me,husi,3pl.an,3sg.inan1,,,
UntN TZ 13a,UntN_TZ_13a_00012,ku-ši-ih,kuši-,1sg.vb,,,,
UntN TZ 13a,UntN_TZ_13a_00013,(d)pi-ni-gìr,Pinikir,,,,,
UntN TZ 13a,UntN_TZ_13a_00014,la-an-si-ti-ir,lansiti,3sg.an,,,,
UntN TZ 13a,UntN_TZ_13a_00015,a-ha-ar,aha,3sg.an,,,,
UntN TZ 13a,UntN_TZ_13a_00016,mu-ur-tah,mur.ta-,1sg.vb,,,,
UntN TZ 13a,UntN_TZ_13a_00017,hu-ut-tak-ha-li-ik,hutak.halik,,,,II,
UntN TZ 13a,UntN_TZ_13a_00018,u2-me,u,3sg.inan1,,,,
UntN TZ 13a,UntN_TZ_13a_00019,(d)pi-ni-gir3,Pinikir,,,,,
UntN TZ 13a,UntN_TZ_13a_00020,si-ia-an-ku-uk-ra,Sian.kuk,3sg.an,,,,
UntN TZ 13a,UntN_TZ_13a_00021,li-na,lina,,,,,
UntN TZ 13a,UntN_TZ_13a_00022,te-la-ak-ni,tela-,II,opt2,,,
UntN TZ 14,UntN_TZ_14_00001,u2,u,,,,,
UntN TZ 14,UntN_TZ_14_00002,(m)un-taš-dingir-gal,Untash-Napirisha,,,,,
UntN TZ 14,UntN_TZ_14_00003,ša-ak,šak,,,,,
UntN TZ 14,UntN_TZ_14_00004,(md)hu-um-ban-nu-me-na-gi,Humban-umena,1sg.an,,,,
UntN TZ 14,UntN_TZ_14_00005,zu-un-ki-ik,sunki,1sg.an,,,,
UntN TZ 14,UntN_TZ_14_00006,an-za-an,Anshan,,,,,
UntN TZ 14,UntN_TZ_14_00007,šu-šu-un-ka,Susa,1sg.an,,,,
UntN TZ 14,UntN_TZ_14_00008,si-ia-an,sian,,,,,
UntN TZ 14,UntN_TZ_14_00009,hu-ni-in,hunin,3sg.inan2,,,,
UntN TZ 14,UntN_TZ_14_00010,u2-pa-at,upat,,,,,
UntN TZ 14,UntN_TZ_14_00011,hu-us-si-ip-me,husi,3pl.an,3sg.inan1,,,
UntN TZ 14,UntN_TZ_14_00012,ku-ši-ih,kuši-,1sg.vb,,,,
UntN TZ 14,UntN_TZ_14_00013,(d)hi-iš-mi-ti-ik,Hišmitik,,,,,
UntN TZ 14,UntN_TZ_14_00014,a-ak,ak,,,,,
UntN TZ 14,UntN_TZ_14_00015,(d)ru-hu-ra-te-ir,Ruhurater,,,,,
UntN TZ 14,UntN_TZ_14_00016,in,i,3sg.inan2,,,,
UntN TZ 14,UntN_TZ_14_00017,du-ni-ih,tuni-,1sg.vb,,,,
UntN TZ 15,UntN_TZ_15_00001,u3,u,,,,,
UntN TZ 15,UntN_TZ_15_00002,(m)un-taš-dingir-gal,Untash-Napirisha,,,,,
UntN TZ 15,UntN_TZ_15_00003,ša-ak,šak,,,,,
UntN TZ 15,UntN_TZ_15_00004,(d)hu-ban-um-me-en-na-ki,Humban-umena,1sg.an,,,,
UntN TZ 15,UntN_TZ_15_00005,zu-un-ki-ik,sunki,1sg.an,,,,
UntN TZ 15,UntN_TZ_15_00006,an-za-an,Anshan,,,,,
UntN TZ 15,UntN_TZ_15_00007,šu-šu-un-ka,Susa,1sg.an,,,,
UntN TZ 15,UntN_TZ_15_00008,tu4-uš,tuš,,,,,
UntN TZ 15,UntN_TZ_15_00009,pi-it-te-ka,pite-,II,,,,
UntN TZ 15,UntN_TZ_15_00010,ap-pa,apa,,,,,
UntN TZ 15,UntN_TZ_15_00011,su-un-ki-ip,sunki,3pl.an,,,,
UntN TZ 15,UntN_TZ_15_00012,u2-ri-pu-pi,urpu,3pl.an,,,,
UntN TZ 15,UntN_TZ_15_00013,im-me,in-,3sg.inan1,,,,
UntN TZ 15,UntN_TZ_15_00014,hu-ut-tah-ša,huta-,3pl.vb,,,,
UntN TZ 15,UntN_TZ_15_00015,a-gi,ak,,,,,
UntN TZ 15,UntN_TZ_15_00016,me-en-pu,meni.r,3pl.an,,,,
UntN TZ 15,UntN_TZ_15_00017,ap-pa,apa,,,,,
UntN TZ 15,UntN_TZ_15_00018,im-me,in-,3pl.an,,,,
UntN TZ 15,UntN_TZ_15_00019,ku-ši-ih-ša,kuši-,3pl.vb,,,,
UntN TZ 15,UntN_TZ_15_00020,u2,u,,,,,
UntN TZ 15,UntN_TZ_15_00021,ku-ši-ih,kuši-,1sg.vb,,,,
UntN TZ 15,UntN_TZ_15_00022,hu,hu,,,,,
UntN TZ 15,UntN_TZ_15_00023,si-ia-ni-me,sian.me,3sg.inan1,,,,
UntN TZ 15,UntN_TZ_15_00024,ku-uk-ši-ih,kukši-,1sg.vb,,,,
UntN TZ 15,UntN_TZ_15_00025,hu-uh-ni-me,huhun.me,3sg.inan1,,,,
UntN TZ 15,UntN_TZ_15_00026,hu-ul-pa-ah,hulpa-,1sg.vb,,,,
UntN TZ 15,UntN_TZ_15_00027,ku-du-ma,kutu,postp.loc,,,,
UntN TZ 15,UntN_TZ_15_00028,a-ak,ak,,,,,
UntN TZ 15,UntN_TZ_15_00029,pi-tu4-ma,pitu,postp.loc,,,,
UntN TZ 15,UntN_TZ_15_00030,u2,u,,,,,
UntN TZ 15,UntN_TZ_15_00031,zig-ra-tu4-me,zagratum,,,,3sg.inan1,
UntN TZ 15,UntN_TZ_15_00032,ki-ik-ki-ti-ih,kiki.te-,1sg.vb,,,,
UntN TZ 15,UntN_TZ_15_00033,(d)in-šu-uš-na-ak,Inshushinak,,,,,
UntN TZ 15,UntN_TZ_15_00034,te-ip-ti,tempti,,,,,
UntN TZ 15,UntN_TZ_15_00035,si-ia-an-ku-uk-ra,Sian.kuk,3sg.an,,,,
UntN TZ 15,UntN_TZ_15_00036,in,i,3sg.inan2,,,,
UntN TZ 15,UntN_TZ_15_00037,tu4-ni-ih,tuni-,1sg.vb,,,,
UntN TZ 16,UntN_TZ_16_00001,u2,u,,,,,
UntN TZ 16,UntN_TZ_16_00002,(m)un-taš-dingir-gal,Untash-Napirisha,,,,,
UntN TZ 16,UntN_TZ_16_00003,ša-ak,šak,,,,,
UntN TZ 16,UntN_TZ_16_00004,(md)hu-um-ban-nu-me-na-gi,Humban-umena,1sg.an,,,,
UntN TZ 16,UntN_TZ_16_00005,su-un-ki-ik,sunki,1sg.an,,,,
UntN TZ 16,UntN_TZ_16_00006,an-za-an,Anshan,,,,,
UntN TZ 16,UntN_TZ_16_00007,šu-šu-un-ka,Susa,1sg.an,,,,
UntN TZ 16,UntN_TZ_16_00008,ip-il-la-ti,ipilati,,,,,
UntN TZ 16,UntN_TZ_16_00009,ku-ši-ih,kuši-,,,,,
UntN TZ 16,UntN_TZ_16_00010,ta-ak-me,tak.me,,,,3sg.inan1,
UntN TZ 16,UntN_TZ_16_00011,u2-me,u,3sg.inan1,,,,
UntN TZ 16,UntN_TZ_16_00012,tu4-ur,tur,,,,,
UntN TZ 16,UntN_TZ_16_00013,hi-ih,hih,,,,,
UntN TZ 16,UntN_TZ_16_00014,si-it-me,sit.me,,,,3sg.inan1,
UntN TZ 16,UntN_TZ_16_00015,u2-me,u,3sg.inan1,,,,
UntN TZ 16,UntN_TZ_16_00016,az-ki-[it],azkit,,,,,
UntN TZ 16,UntN_TZ_16_00017,tu4-ur,tur,,,,,
UntN TZ 16,UntN_TZ_16_00018,za-ah-ri,sah,3sg.an,,,,
UntN TZ 16,UntN_TZ_16_00019,hu-šu-ia,hušu,adj,,,,
UntN TZ 16,UntN_TZ_16_00020,in-gi,in-,1sg.an,,,,
UntN TZ 16,UntN_TZ_16_00021,hi-en-ka,hi-,III,1sg.an,,,
UntN TZ 16,UntN_TZ_16_00022,in-ti-ik-ka,in.tika,,,,,
UntN TZ 16,UntN_TZ_16_00023,ia-ak,ak,,,,,
UntN TZ 16,UntN_TZ_16_00024,[ip-il-la-ti],ipilati,,,,,
UntN TZ 16,UntN_TZ_16_00025,ku-ši-ih,kuši-,1sg.vb,,,,
UntN TZ 16,UntN_TZ_16_00026,(d)PA.TUG2,PA.TUG2,,,,,
UntN TZ 16,UntN_TZ_16_00027,si-ia-an-ku-uk-ra,Sian.kuk,3sg.an,,,,
UntN TZ 16,UntN_TZ_16_00028,in,i,3sg.inan2,,,,
UntN TZ 16,UntN_TZ_16_00029,du-ni-ih,tuni-,1sg.vb,,,,
UntN TZ 16,UntN_TZ_16_00030,hu-ut-ta-ak-[ha-li-ik],hutak.halik,,,,II,
UntN TZ 16,UntN_TZ_16_00031,u2-me,u,3sg.inan1,,,,
UntN TZ 16,UntN_TZ_16_00032,dingir-gal,Napirisha,,,,,
UntN TZ 16,UntN_TZ_16_00033,(d)in-šu-ši-na-ak,Inshushinak,,,,,
UntN TZ 16,UntN_TZ_16_00034,a-ak,ak,,,,,
UntN TZ 16,UntN_TZ_16_00035,(d)PA.TUG2,PA.TUG2,,,,,
UntN TZ 16,UntN_TZ_16_00036,si-ia-an-ku-uk-pa,Sian.kuk,3pl.an,,,,
UntN TZ 16,UntN_TZ_16_00037,li-na,lina,,,,,
UntN TZ 16,UntN_TZ_16_00038,te-la-ak-ni,tela-,II,opt2,,,
UntN TZ 17,UntN_TZ_17_00001,u2,u,,,,,
UntN TZ 17,UntN_TZ_17_00002,(m)un-taš-dingir-gal,Untash-Napirisha,,,,,
UntN TZ 17,UntN_TZ_17_00003,ša-ak,šak,,,,,
UntN TZ 17,UntN_TZ_17_00004,(d)hu-ban-nu-me-na-ki,Humban-umena,1sg.an,,,,
UntN TZ 17,UntN_TZ_17_00005,su-un-ki-ik,sunki,1sg.an,,,,
UntN TZ 17,UntN_TZ_17_00006,an-za-an,Anshan,,,,,
UntN TZ 17,UntN_TZ_17_00007,šu-šu-un-ka,Susa,1sg.an,,,,
UntN TZ 17,UntN_TZ_17_00008,ta-ak-me,tak.me,,,,3sg.inan1,
UntN TZ 17,UntN_TZ_17_00009,u2-me,u,3sg.inan1,,,,
UntN TZ 17,UntN_TZ_17_00010,tu4-ur,tur,,,,,
UntN TZ 17,UntN_TZ_17_00011,hi-ih,hih,,,,,
UntN TZ 17,UntN_TZ_17_00012,si-it-me,sit.me,,,,3sg.inan1,
UntN TZ 17,UntN_TZ_17_00013,u2-me,u,3sg.inan1,,,,
UntN TZ 17,UntN_TZ_17_00014,šu-ul-lu-me-ga,šullume-,II,,,,
UntN TZ 17,UntN_TZ_17_00015,az-ki-it,azkit,,,,,
UntN TZ 17,UntN_TZ_17_00016,tu4-ur,tur,,,,,
UntN TZ 17,UntN_TZ_17_00017,sah-ri,sah,3sg.an,,,,
UntN TZ 17,UntN_TZ_17_00018,hu-šu-ia,hušu,adj,,,,
UntN TZ 17,UntN_TZ_17_00019,in-gi,in-,1sg.an,,,,
UntN TZ 17,UntN_TZ_17_00020,hi-en-ga,hi-,III,1sg.an,,,
UntN TZ 17,UntN_TZ_17_00021,in-di-ig-ga,in.tika,,,,,
UntN TZ 17,UntN_TZ_17_00022,a-gi,ak,,,,,
UntN TZ 17,UntN_TZ_17_00023,tuš,tuš,,,,,
UntN TZ 17,UntN_TZ_17_00024,10,10,,,,,
UntN TZ 17,UntN_TZ_17_00025,kuš3,kuš (?),,,,,
UntN TZ 17,UntN_TZ_17_00026,ku-ši-ih,kuši-,1sg.vb,,,,
UntN TZ 17,UntN_TZ_17_00027,(d)PA.TUG2,PA.TUG2,,,,,
UntN TZ 17,UntN_TZ_17_00028,si-a-an-ku-uk-ra,Sian.kuk,3sg.an,,,,
UntN TZ 17,UntN_TZ_17_00029,in,i,3sg.inan2,,,,
UntN TZ 17,UntN_TZ_17_00030,tu4-ni-ih,tuni-,1sg.vb,,,,
UntN TZ 17,UntN_TZ_17_00031,hu-ut-tak-ha-li-ik,hutak.halik,,,,II,
UntN TZ 17,UntN_TZ_17_00032,u2-me,u,3sg.inan1,,,,
UntN TZ 17,UntN_TZ_17_00033,(d)PA.TUG2,PA.TUG2,,,,,
UntN TZ 17,UntN_TZ_17_00034,ul-li-na,lina,,,,,
UntN TZ 17,UntN_TZ_17_00035,te-la-ak-ni,tela-,,,,,
UntN TZ 18,UntN_TZ_18_00001,u2,u,,,,,
UntN TZ 18,UntN_TZ_18_00002,(m)un-taš-dingir-gal,Untash-Napirisha,,,,,
UntN TZ 18,UntN_TZ_18_00003,ša-ak,šak,,,,,
UntN TZ 18,UntN_TZ_18_00004,(d)[hu]-um-ban-nu-me-na-gi,Humban-umena,1sg.an,,,,
UntN TZ 18,UntN_TZ_18_00005,su-un-ki-ik,sunki,1sg.an,,,,
UntN TZ 18,UntN_TZ_18_00006,an-za-an,Anshan,,,,,
UntN TZ 18,UntN_TZ_18_00007,šu-šu-un-ka,Susa,1sg.an,,,,
UntN TZ 18,UntN_TZ_18_00008,pi-el,pel,,,,,
UntN TZ 18,UntN_TZ_18_00009,ki-it-ti-im-ma,kitin,postp.loc,,,3SG.INAN2,
UntN TZ 18,UntN_TZ_18_00010,na-a,nan,,,,,
UntN TZ 18,UntN_TZ_18_00011,me-lu-uk-ra,meluk,3sg.an,,,,
UntN TZ 18,UntN_TZ_18_00012,su-un-ki-me,sunki.me,,,,3sg.inan1,
UntN TZ 18,UntN_TZ_18_00013,tu4-ur,tur,,,,,
UntN TZ 18,UntN_TZ_18_00014,hi-ih,hih,,,,,
UntN TZ 18,UntN_TZ_18_00015,si-it-me,sit.me,,,,3sg.inan1,
UntN TZ 18,UntN_TZ_18_00016,hi-en-ka,hi-,III,1sg.an,,,
UntN TZ 18,UntN_TZ_18_00017,[in-ti]-ik-ka,in.tika,,,,,
UntN TZ 18,UntN_TZ_18_00018,[a]-gi,ak,,,,,
UntN TZ 18,UntN_TZ_18_00019,si-ia-an,sian,,,,,
UntN TZ 18,UntN_TZ_18_00020,(d)ki-ri-ri-ša-me,Kiririsha,3sg.inan1,,,,
UntN TZ 18,UntN_TZ_18_00021,ki-iš-tu4-um-ma,kištu,postp.loc,,,,
UntN TZ 18,UntN_TZ_18_00022,[ku-ši-ih],kuši-,1sg.vb,,,,
UntN TZ 18,UntN_TZ_18_00023,(d)ki-{ri-ri}-ša,Kiririsha,,,,,
UntN TZ 18,UntN_TZ_18_00024,du-ni-ih,tuni-,1sg.vb,,,,
UntN TZ 18,UntN_TZ_18_00025,hu-ut-tak-ha-li-ik,hutak.halik,,,,II,
UntN TZ 18,UntN_TZ_18_00026,u2-me,u,3sg.inan1,,,,
UntN TZ 18,UntN_TZ_18_00027,(d)ki-ri-ri-ša,Kiririsha,,,,,
UntN TZ 18,UntN_TZ_18_00028,si-[ia-an-ku]-uk-[ra,Sian.kuk,3sg.an,,,,
UntN TZ 18,UntN_TZ_18_00029,li-na],lina,,,,,
UntN TZ 18,UntN_TZ_18_00030,te-[la-ak-ni],tela-,II,opt2,,,
UntN TZ 19,UntN_TZ_19_00001,u2,u,,,,,
UntN TZ 19,UntN_TZ_19_00002,(m)un-taš-dingir-gal,Untash-Napirisha,,,,,
UntN TZ 19,UntN_TZ_19_00003,ša-ak,šak,,,,,
UntN TZ 19,UntN_TZ_19_00004,(md)hu-um-ban-nu-me-na-gi,Humban-umena,1sg.an,,,,
UntN TZ 19,UntN_TZ_19_00005,zu-un-ki-ik,sunki,1sg.an,,,,
UntN TZ 19,UntN_TZ_19_00006,an-za-an,Anshan,,,,,
UntN TZ 19,UntN_TZ_19_00007,šu-šu-un-ka,Susa,1sg.an,,,,
UntN TZ 19,UntN_TZ_19_00008,pi-el,pel,,,,,
UntN TZ 19,UntN_TZ_19_00009,ki-it-ti-im-ma,kitin,postp.loc,,,3SG.INAN2,
UntN TZ 19,UntN_TZ_19_00010,na-a,nan,,,,,
UntN TZ 19,UntN_TZ_19_00011,me-lu-uk-ra,meluk,3sg.an,,,,
UntN TZ 19,UntN_TZ_19_00012,zu-un-ki-me,sunki.me,,,,3sg.inan1,
UntN TZ 19,UntN_TZ_19_00013,tu4-ur,tur,,,,,
UntN TZ 19,UntN_TZ_19_00014,hi-ih,hih,,,,,
UntN TZ 19,UntN_TZ_19_00015,zi-it-im-ma,sit.me,postp.loc,,,3sg.inan2,
UntN TZ 19,UntN_TZ_19_00016,hi-en-ka,hi-,III,1sg.an,,,
UntN TZ 19,UntN_TZ_19_00017,in-ti-ik-ka,in.tika,,,,,
UntN TZ 19,UntN_TZ_19_00018,a-gi,ak,,,,,
UntN TZ 19,UntN_TZ_19_00019,si-ia-an,sian,,,,,
UntN TZ 19,UntN_TZ_19_00020,(d)zu-un-ki-ir-ri-ša-ar-ra-me,Sunkirishar,,3sg.inan1,,,
UntN TZ 19,UntN_TZ_19_00021,ri-e-ru-um-ma,reru,postp.loc,,,,
UntN TZ 19,UntN_TZ_19_00022,ku-ši-ih,kuši-,1sg.vb,,,,
UntN TZ 19,UntN_TZ_19_00023,hu-ut-tak-ha-li-ik,hutak.halik,,,,II,
UntN TZ 19,UntN_TZ_19_00024,u2-me,u,3sg.inan1,,,,
UntN TZ 19,UntN_TZ_19_00025,(d)zu-un-ki-ir-ri-ša-ar-ra,Sunkirishar,,,,,
UntN TZ 19,UntN_TZ_19_00026,li-na,lina,,,,,
UntN TZ 19,UntN_TZ_19_00027,te-la-ak-ni,tela-,II,opt2,,,
UntN TZ 20,UntN_TZ_20_00001,u2,u,,,,,
UntN TZ 20,UntN_TZ_20_00002,(m)un-taš-dingir-gal,Untash-Napirisha,,,,,
UntN TZ 20,UntN_TZ_20_00003,ša-ak,šak,,,,,
UntN TZ 20,UntN_TZ_20_00004,(md)hu-um-[ban-nu-me-na-gi,Humban-umena,1sg.an,,,,
UntN TZ 20,UntN_TZ_20_00005,zu-un-ki-ik,sunki,1sg.an,,,,
UntN TZ 20,UntN_TZ_20_00006,an-za-an],Anshan,,,,,
UntN TZ 20,UntN_TZ_20_00007,šu-šu-un-ka,Susa,1sg.an,,,,
UntN TZ 20,UntN_TZ_20_00008,si-ia-an,sian,,,,,
UntN TZ 20,UntN_TZ_20_00009,li-mi-in,limin,3sg.inan2,,,,
UntN TZ 20,UntN_TZ_20_00010,ku-[ši-ih,kuši-,1sg.vb,,,,
UntN TZ 20,UntN_TZ_20_00011,(d)ki-la-ah-šu-pi-ir,Kilah.Shupir,,,,,
UntN TZ 20,UntN_TZ_20_00012,li-mi-in-ra],limin,3sg.inan2,3sg.an,,,
UntN TZ 20,UntN_TZ_20_00013,si-ia-an-ku-uk-ra,Sian.kuk,3sg.an,,,,
UntN TZ 20,UntN_TZ_20_00014,du-ni-ih,tuni-,1sg.vb,,,,
UntN TZ 20,UntN_TZ_20_00015,hu-ut2-tak-[ha-li-ik,hutak.halik,,,,II,
UntN TZ 20,UntN_TZ_20_00016,u2-me,u,3sg.inan1,,,,
UntN TZ 20,UntN_TZ_20_00017,(d)ki-la-ah-šu-pi-ir],Kilah.Shupir,,,,,
UntN TZ 20,UntN_TZ_20_00018,li-mi-in-ra,limin,3sg.an,,,,
UntN TZ 20,UntN_TZ_20_00019,li-na,lina,,,,,
UntN TZ 20,UntN_TZ_20_00020,te-la-ak-ni,tela-,II,opt2,,,
UntN TZ 20,UntN_TZ_20_00021,pi-[el,pel,,,,,
UntN TZ 20,UntN_TZ_20_00022,ki-it-ti-im-ma,kiti.n,postp.loc,,,3sg.inan2,
UntN TZ 20,UntN_TZ_20_00023,na-a,nan,,,,,
UntN TZ 20,UntN_TZ_20_00024,me-lu-uk-ra],meluk,3sg.an,,,,
UntN TZ 20,UntN_TZ_20_00025,a-ak,ak,,,,,
UntN TZ 20,UntN_TZ_20_00026,su-un-ki-me,sunki.me,,,,3sg.inan1,
UntN TZ 20,UntN_TZ_20_00027,tu4-ur,tur,,,,,
UntN TZ 20,UntN_TZ_20_00028,hi-ih,hih,,,,,
UntN TZ 20,UntN_TZ_20_00029,[si-it-tim,siti.me,3sg.inan2,postp.loc,,,
UntN TZ 20,UntN_TZ_20_00030,gi-ri-ni,giri,postp.gen2,,,,
UntN TZ 20,UntN_TZ_20_00031,in,i,3sg.inan2,,,,
UntN TZ 20,UntN_TZ_20_00032,hi-ih-ni],hi-,1sg.vb,opt2,,,
UntN TZ 21,UntN_TZ_21_00001,[…]-nu-me-na-gi,Humban-umena,1sg.an,,,,
UntN TZ 21,UntN_TZ_21_00002,[su]-un-ki-ik,sunki,1sg.an,,,,
UntN TZ 21,UntN_TZ_21_00003,a[n-za]-an,Anshan,,,,,
UntN TZ 21,UntN_TZ_21_00004,šu-šu-un-ka,Susa,1sg.an,,,,
UntN TZ 21,UntN_TZ_21_00005,[…]-ih-ma,,,,,,
UntN TZ 21,UntN_TZ_21_00006,si-ia-an,sian,,,,,
UntN TZ 21,UntN_TZ_21_00007,(d)kir-ma-sir-me,Kirwash,3sg.inan1,,,,
UntN TZ 21,UntN_TZ_21_00008,ku-ši-ih,kuši-,,,,,
UntN TZ 21,UntN_TZ_21_00009,[…]-ar-na,,,,,,
UntN TZ 21,UntN_TZ_21_00010,a-ak,ak,,,,,
UntN TZ 21,UntN_TZ_21_00011,ta?-du?-ra-na,,,,,,
UntN TZ 21,UntN_TZ_21_00012,(d)in-šu-ši-na-ak,Inshushinak,,,,,
UntN TZ 21,UntN_TZ_21_00013,[…],,,,,,
UntN TZ 21,UntN_TZ_21_00014,ha-du,hadu,,,,,
UntN TZ 21,UntN_TZ_21_00015,hu-ut2-tak,huta-,II,,,,
UntN TZ 21,UntN_TZ_21_00016,[…]-pi,,,,,,
UntN TZ 21,UntN_TZ_21_00017,a-ak,ak,,,,,
UntN TZ 21,UntN_TZ_21_00018,la-an-gi-el-li,lankelli,,,,,
UntN TZ 21,UntN_TZ_21_00019,[…]-ak,,,,,,
UntN TZ 21,UntN_TZ_21_00020,hu-pi-e,hupe,,,,,
UntN TZ 21,UntN_TZ_21_00021,a-ha,aha,,,,,
UntN TZ 21,UntN_TZ_21_00022,du-[…]h-pi,,,,,,
UntN TZ 21,UntN_TZ_21_00023,hu-ut2-tak?-ha?-[…],huta-,II,,,,
UntN TZ 21,UntN_TZ_21_00024,(d)in-šu-ši-na-ak,Inshushinak,,,,,
UntN TZ 21,UntN_TZ_21_00025,si-ia-an,sian,,,,,
UntN TZ 21,UntN_TZ_21_00026,[…],,,,,,
UntN TZ 21,UntN_TZ_21_00027,li-na,lina,,,,,
UntN TZ 21,UntN_TZ_21_00028,te-la-ak-[ni],tela-,II,opt2,,,
UntN TZ 22,UntN_TZ_22_00001,u2,u,,,,,
UntN TZ 22,UntN_TZ_22_00002,(m)un-taš-dingir-gal,Untash-Napirisha,,,,,
UntN TZ 22,UntN_TZ_22_00003,ša-ak,šak,,,,,
UntN TZ 22,UntN_TZ_22_00004,(md)hu-um-ban-nu-me-na-gi,Humban-umena,1sg.an,,,,
UntN TZ 22,UntN_TZ_22_00005,su-un-ki-ik,sunki,1sg.an,,,,
UntN TZ 22,UntN_TZ_22_00006,an-za-an,Anshan,,,,,
UntN TZ 22,UntN_TZ_22_00007,šu-šu-un-ka,Susa,1sg.an,,,,
UntN TZ 22,UntN_TZ_22_00008,ha-al-ma-šu-um,mašum,,,,,
UntN TZ 22,UntN_TZ_22_00009,pi-it-te-ga,pite-,II,,,,
UntN TZ 22,UntN_TZ_22_00010,a-al,alu,,,,,
UntN TZ 22,UntN_TZ_22_00011,un-taš-dingir-gal,Untash-Napirisha,,,,,
UntN TZ 22,UntN_TZ_22_00012,a-ak,ak,,,,,
UntN TZ 22,UntN_TZ_22_00013,si-ia-an-ku-uk,Sian.kuk,,,,,
UntN TZ 22,UntN_TZ_22_00014,a-ha,aha,,,,,
UntN TZ 22,UntN_TZ_22_00015,ku-ši-ih,kuši-,1sg.vb,,,,
UntN TZ 22,UntN_TZ_22_00016,hu-hu-un,huhun,,,,,
UntN TZ 22,UntN_TZ_22_00017,ku-du-um-ma,kutu,postp.loc,,,,
UntN TZ 22,UntN_TZ_22_00018,a-ak,ak,,,,,
UntN TZ 22,UntN_TZ_22_00019,pi-tu4-um-ma,pitu,postp.loc,,,,
UntN TZ 22,UntN_TZ_22_00020,in,i,3sg.inan2,,,,
UntN TZ 22,UntN_TZ_22_00021,ka-ak-pa-ah,kakpa-,1sg.vb,,,,
UntN TZ 22,UntN_TZ_22_00022,ku-ku-un-nu-um,kukunum,,,,,
UntN TZ 22,UntN_TZ_22_00023,su-un-ki-ip,sunki,3pl.an,,,,
UntN TZ 22,UntN_TZ_22_00024,u2-ri-pu-pi,urpu,3pl.an,,,,
UntN TZ 22,UntN_TZ_22_00025,im-me,in-,3sg.inan1,,,,
UntN TZ 22,UntN_TZ_22_00026,ku-ši-ih-ša,kuši-,3sg.vb,,,,
UntN TZ 22,UntN_TZ_22_00027,u2,u,,,,,
UntN TZ 22,UntN_TZ_22_00028,ku-ši-ih,kuši-,1sg.vb,,,,
UntN TZ 22,UntN_TZ_22_00029,dingir-gal,Napirisha,,,,,
UntN TZ 22,UntN_TZ_22_00030,a-ak,ak,,,,,
UntN TZ 22,UntN_TZ_22_00031,(d)in-šu-uš-na-ak,Inshushinak,,,,,
UntN TZ 22,UntN_TZ_22_00032,si-ia-an-ku-uk-pa,Sian.kuk,3pl.an,,,,
UntN TZ 22,UntN_TZ_22_00033,du-ni-ih,tuni-,1sg.vb,,,,
UntN TZ 22,UntN_TZ_22_00034,hu-ut-tak-ha-li-ik,hutak.halik,,,,II,
UntN TZ 22,UntN_TZ_22_00035,u2-me,u,3sg.inan1,,,,
UntN TZ 22,UntN_TZ_22_00036,li-na-pu-un,"lina, ap",3sg.inan2,,,,
UntN TZ 22,UntN_TZ_22_00037,te-la-ak-ni,tela-,II,opt2,,,
UntN TZ 22,UntN_TZ_22_00038,tu4-um-pa,tumpa,,,,,
UntN TZ 22,UntN_TZ_22_00039,šu-tu4-ur,šutu.r,3sg.an,,,,
UntN TZ 22,UntN_TZ_22_00040,dingir-gal,Napirisha,,,,,
UntN TZ 22,UntN_TZ_22_00041,a-ak,ak,,,,,
UntN TZ 22,UntN_TZ_22_00042,(d)in-šu-uš-na-ak,Inshushinak,,,,,
UntN TZ 22,UntN_TZ_22_00043,si-ia-an-ku-uk-pa-me,Sian.kuk,3pl.an,3sg.inan1,,,
UntN TZ 22,UntN_TZ_22_00044,a-ha-an,aha,3sg.inan2,,,,
UntN TZ 22,UntN_TZ_22_00045,ni-im-ma,ni-,AUX,,,,
UntN TZ 22,UntN_TZ_22_00046,ha-al,hal,,,,,
UntN TZ 22,UntN_TZ_22_00047,ap-pa,apa,,,,,
UntN TZ 22,UntN_TZ_22_00048,ku-ši-ha,kuši-,1sg.vb,,,,
UntN TZ 22,UntN_TZ_22_00049,lu-ub-bu-ru-uh-ni,lupu.ru-,1sg.vb,opt2,,,
UntN TZ 22,UntN_TZ_22_00050,hi-še,hiš,3sg.poss,,,,
UntN TZ 22,UntN_TZ_22_00051,i,i,,,,,
UntN TZ 22,UntN_TZ_22_00052,a-bu-ul,abullu,,,,,
UntN TZ 22,UntN_TZ_22_00053,mi-ša-ri,mišari,,,,,
UntN TZ 22,UntN_TZ_22_00054,hi-i-še-e,hiš,3sg.poss,,,,
UntN TZ 22,UntN_TZ_22_00055,ak-ka,aka,,,,,
UntN TZ 22,UntN_TZ_22_00056,hu-hu-un,huhun,,,,,
UntN TZ 22,UntN_TZ_22_00057,si-ia-an-ku-uk-ma,Sian.kuk,postp.loc,,,,
UntN TZ 22,UntN_TZ_22_00058,ku-ta-a,kuta,,,,,
UntN TZ 22,UntN_TZ_22_00059,a-ha-ar,aha,3sg.an,,,,
UntN TZ 22,UntN_TZ_22_00060,li-in-ra,li-,III,3sg.an,,,
UntN TZ 22,UntN_TZ_22_00061,tu4-ul-li-in,tulin,3sg.inan2,,,,
UntN TZ 22,UntN_TZ_22_00062,a-ha-ar,aha,3sg.an,,,,
UntN TZ 22,UntN_TZ_22_00063,ta-an-ra,ta-,III,3sg.an,,,
UntN TZ 22,UntN_TZ_22_00064,u2-pa-ti-pi,upat,3pl.an,,,,
UntN TZ 22,UntN_TZ_22_00065,du-ha-an-ra,tuha-,III,3sg.an,,,
UntN TZ 22,UntN_TZ_22_00066,ha-al-te-te,halte,,,,,
UntN TZ 22,UntN_TZ_22_00067,lu-mu-un-ra,lumu-,III,3sg.an,,,
UntN TZ 22,UntN_TZ_22_00068,a-ak,ak,,,,,
UntN TZ 22,UntN_TZ_22_00069,pi-ti-ir,piti,3sg.an,,,,
UntN TZ 22,UntN_TZ_22_00070,ši-in-ni,šinu,,,,,
UntN TZ 22,UntN_TZ_22_00071,ik-el,ikel,,,,,
UntN TZ 22,UntN_TZ_22_00072,a-ha-ar,aha,3sg.an,,,,
UntN TZ 22,UntN_TZ_22_00073,tu4-um-pa-an-ra,tumpa-,III,3sg.an,,,
UntN TZ 22,UntN_TZ_22_00074,ha-at,hat,,,,,
UntN TZ 22,UntN_TZ_22_00075,dingir-gal,Napirisha,,,,,
UntN TZ 22,UntN_TZ_22_00076,(d)in-šu-uš-na-ak,Inshushinak,,,,,
UntN TZ 22,UntN_TZ_22_00077,a-ak,ak,,,,,
UntN TZ 22,UntN_TZ_22_00078,(d)ki-ri-ri-ša,Kiririsha,,,,,
UntN TZ 22,UntN_TZ_22_00079,si-ia-an-ku-uk-pa-ri,Sian.kuk,3pl.an,3sg.an,,,
UntN TZ 22,UntN_TZ_22_00080,uk-ku-ri,uku,3sg.an,,,,
UntN TZ 22,UntN_TZ_22_00081,ir,i,3sg.an,,,,
UntN TZ 22,UntN_TZ_22_00082,ta-ak-ni,ta-,II,opt2,,,
UntN TZ 22,UntN_TZ_22_00083,(d)na-ah-hu-un-te-ir,Nahunte,3sg.an,,,,
UntN TZ 22,UntN_TZ_22_00084,ša-ra-ra,šara,3sg.an,,,,
UntN TZ 22,UntN_TZ_22_00085,pa-ar,par,,,,,
UntN TZ 22,UntN_TZ_22_00086,a-ni,ani,,,,,
UntN TZ 22,UntN_TZ_22_00087,ku-tu4-un,kutu-,III,,,,
UntN TZ 23,UntN_TZ_23_00001,u2,u,,,,,
UntN TZ 23,UntN_TZ_23_00002,(m)un-taš-dingir-gal,Untash-Napirisha,,,,,
UntN TZ 23,UntN_TZ_23_00003,ša-ak,šak,,,,,
UntN TZ 23,UntN_TZ_23_00004,(md)hu-um-ban-nu-me-na-gi,Humban-umena,1sg.an,,,,
UntN TZ 23,UntN_TZ_23_00005,zu-un-ki-ik,sunki,1sg.an,,,,
UntN TZ 23,UntN_TZ_23_00006,an-za-an,Anshan,,,,,
UntN TZ 23,UntN_TZ_23_00007,šu-šu-un,Susa,,,,,
UntN TZ 23,UntN_TZ_23_00008,ha-al-ma-šu-um,mašum,,,,,
UntN TZ 23,UntN_TZ_23_00009,pi-it-te-ka,pite-,II,,,,
UntN TZ 23,UntN_TZ_23_00010,a-al,alu,,,,,
UntN TZ 23,UntN_TZ_23_00011,un-taš-dingir-gal,Untash-Napirisha,,,,,
UntN TZ 23,UntN_TZ_23_00012,a-ak,ak,,,,,
UntN TZ 23,UntN_TZ_23_00013,si-ia-an-ku-uk,Sian.kuk,,,,,
UntN TZ 23,UntN_TZ_23_00014,a-ha-an,aha,3sg.inan2,,,,
UntN TZ 23,UntN_TZ_23_00015,ku-ši-ih,kuši-,1sg.vb,,,,
UntN TZ 23,UntN_TZ_23_00016,ku-ku-un-nu-um,kukunum,,,,,
UntN TZ 23,UntN_TZ_23_00017,la-an-si-di-ia,lansiti,adj,,,,
UntN TZ 23,UntN_TZ_23_00018,a-ha,aha,,,,,
UntN TZ 23,UntN_TZ_23_00019,ku-ši-ih,kuši-,1sg.vb,,,,
UntN TZ 23,UntN_TZ_23_00020,hu-hu-un,huhun,,,,,
UntN TZ 23,UntN_TZ_23_00021,ki-du-um-ma,kutu,postp.loc,,,,
UntN TZ 23,UntN_TZ_23_00022,a-ak,ak,,,,,
UntN TZ 23,UntN_TZ_23_00023,pi-du-um-ma,pitu,postp.loc,,,,
UntN TZ 23,UntN_TZ_23_00024,in,i,3sg.inan2,,,,
UntN TZ 23,UntN_TZ_23_00025,ka-ak-pa-ah,kakpa-,1sg.vb,,,,
UntN TZ 23,UntN_TZ_23_00026,ku-ku-un-nu-um,kukunum,,,,,
UntN TZ 23,UntN_TZ_23_00027,zu-un-ki-ip,sunki,3pl.an,,,,
UntN TZ 23,UntN_TZ_23_00028,u2-ri-pu-pi,urpu,3pl.an,,,,
UntN TZ 23,UntN_TZ_23_00029,im-me,in-,3sg.inan1,,,,
UntN TZ 23,UntN_TZ_23_00030,ku-ši-ih-ša,kuši-,3pl.vb,,,,
UntN TZ 23,UntN_TZ_23_00031,u2,u,,,,,
UntN TZ 23,UntN_TZ_23_00032,ku-ši-ih,kuši-,1sg.vb,,,,
UntN TZ 23,UntN_TZ_23_00033,dingir-gal,Napirisha,,,,,
UntN TZ 23,UntN_TZ_23_00034,a-ak,ak,,,,,
UntN TZ 23,UntN_TZ_23_00035,(d)in-šu-ši-na-ak,Inshushinak,,,,,
UntN TZ 23,UntN_TZ_23_00036,si-ia-an-ku-uk-pa,Sian.kuk,3pl.an,,,,
UntN TZ 23,UntN_TZ_23_00037,du-ni-ih,tuni-,1sg.vb,,,,
UntN TZ 23,UntN_TZ_23_00038,hu-ut-tak-ha-li-ik,hutak.halik,,,,II,
UntN TZ 23,UntN_TZ_23_00039,u2-me,u,3sg.inan1,,,,
UntN TZ 23,UntN_TZ_23_00040,li-na-pu-un,"lina, ap",,,,,
UntN TZ 23,UntN_TZ_23_00041,te-la-ak-ni,tela-,3sg.inan2,,,,
UntN TZ 23,UntN_TZ_23_00042,tu4-um-pa,tumpa,,,,,
UntN TZ 23,UntN_TZ_23_00043,šu-du-ur,šutu.r,3sg.an,,,,
UntN TZ 23,UntN_TZ_23_00044,dingir-gal-me,Napirisha,3sg.inan1,,,,
UntN TZ 23,UntN_TZ_23_00045,a-ak,ak,,,,,
UntN TZ 23,UntN_TZ_23_00046,(d)in-šu-ši-na-ak-me,Inshushinak,3sg.inan1,,,,
UntN TZ 23,UntN_TZ_23_00047,a-ha,aha,,,,,
UntN TZ 23,UntN_TZ_23_00048,ni-im-ma,ni-,AUX,,,,
UntN TZ 23,UntN_TZ_23_00049,ha-al-li,hal,,,,,
UntN TZ 23,UntN_TZ_23_00050,ap-pa,apa,,,,,
UntN TZ 23,UntN_TZ_23_00051,ku-ši-ha,kuši-,1sg.vb,,,,
UntN TZ 23,UntN_TZ_23_00052,lu-bu-ru-uh,lupu.ru-,1sg.vb,,,,
UntN TZ 23,UntN_TZ_23_00053,hi-el,hel,,,,,
UntN TZ 23,UntN_TZ_23_00054,i,i,,,,,
UntN TZ 23,UntN_TZ_23_00055,a-bu-ul-lu,abullu,,,,,
UntN TZ 23,UntN_TZ_23_00056,ša-qu-tu4,šaqutu,,,,,
UntN TZ 23,UntN_TZ_23_00057,hi-i-še,hiš,3sg.poss,,,,
UntN TZ 23,UntN_TZ_23_00058,ha-al,hal,,,,,
UntN TZ 23,UntN_TZ_23_00059,ha-ap-ti-iš,haptiš,,,,,
UntN TZ 23,UntN_TZ_23_00060,il-ki-ka,ilki-,II,,,,
UntN TZ 23,UntN_TZ_23_00061,si-ia-an-ku-uk,Sian.kuk,,,,,
UntN TZ 23,UntN_TZ_23_00062,zu-uk-ma,suku-,AUX,,,,
UntN TZ 23,UntN_TZ_23_00063,im-me,in-,3sg.inan1,,,,
UntN TZ 23,UntN_TZ_23_00064,lu-pi-en,lupe-,III,,,,
UntN TZ 23,UntN_TZ_23_00065,zu-lu-ka-ak,sulu-,II,,,,
UntN TZ 23,UntN_TZ_23_00066,uk-ku-ma,uku,postp.loc,,,,
UntN TZ 23,UntN_TZ_23_00067,hu-ma-ka-ak,huma-,II,,,,
UntN TZ 23,UntN_TZ_23_00068,lu-pi-en,lupe-,III,,,,
UntN TZ 24,UntN_TZ_24_00001,u2,u,,,,,
UntN TZ 24,UntN_TZ_24_00002,(m)un-taš-dingir-gal,Untash-Napirisha,,,,,
UntN TZ 24,UntN_TZ_24_00003,ša-ak,šak,,,,,
UntN TZ 24,UntN_TZ_24_00004,(md)hu-um-ban-nu-me-na-gi,Humban-umena,1sg.an,,,,
UntN TZ 24,UntN_TZ_24_00005,su-un-ki-ik,sunki,1sg.an,,,,
UntN TZ 24,UntN_TZ_24_00006,an-za-an,Anshan,,,,,
UntN TZ 24,UntN_TZ_24_00007,šu-šu-un-ka,Susa,1sg.an,,,,
UntN TZ 24,UntN_TZ_24_00008,si-ia-an,sian,,,,,
UntN TZ 24,UntN_TZ_24_00009,li-ik-ri-in,likri.n,3sg.inan1,,,,
UntN TZ 24,UntN_TZ_24_00010,ku-ši-ih,kuši-,1sg.vb,,,,
UntN TZ 24,UntN_TZ_24_00011,(d)in-šu-uš-na-ak,Inshushinak,,,,,
UntN TZ 24,UntN_TZ_24_00012,un,i,3sg.inan2,,,,
UntN TZ 24,UntN_TZ_24_00013,du-ni-ih,tuni-,1sg.vb,,,,
UntN TZ 24,UntN_TZ_24_00014,hu-sa-a,husa,,,,,
UntN TZ 24,UntN_TZ_24_00015,ša-ar-ra-na,šara-,III,,,,
UntN TZ 24,UntN_TZ_24_00016,a-ha-ar,aha,3sg.an,,,,
UntN TZ 24,UntN_TZ_24_00017,ka-da-an,kata-,III,,,,
UntN TZ 24,UntN_TZ_24_00018,si-ti-i,siti,,,,,
UntN TZ 24,UntN_TZ_24_00019,a-ha-ar,aha,3sg.an,,,,
UntN TZ 24,UntN_TZ_24_00020,zu-uk-ka-an,zuka-,III,,,,
UntN TZ 24,UntN_TZ_24_00021,hu-pi-e,hupe,,,,,
UntN TZ 24,UntN_TZ_24_00022,a-ha-ar,aha,3sg.an,,,,
UntN TZ 24,UntN_TZ_24_00023,hu-ut-ta-an,huta-,III,,,,
UntN TZ 25,UntN_TZ_25_00001,u2,u,,,,,
UntN TZ 25,UntN_TZ_25_00002,(m)un-taš-dingir-gal,Untash-Napirisha,,,,,
UntN TZ 25,UntN_TZ_25_00003,ša-ak,šak,,,,,
UntN TZ 25,UntN_TZ_25_00004,(d)hu-ban-um-me-en-na-ki,Humban-umena,1sg.an,,,,
UntN TZ 25,UntN_TZ_25_00005,su-un-ki-ik,sunki,1sg.an,,,,
UntN TZ 25,UntN_TZ_25_00006,an-za-an,Anshan,,,,,
UntN TZ 25,UntN_TZ_25_00007,šu-šu-un-ka,Susa,1sg.an,,,,
UntN TZ 25,UntN_TZ_25_00008,a-bu-ul,abullu,,,,,
UntN TZ 25,UntN_TZ_25_00009,ki-nu-ni,kinuni,,,,,
UntN TZ 25,UntN_TZ_25_00010,ku-ši-ih,kuši-,,,,,
UntN TZ 25,UntN_TZ_25_00011,dingir-gal,Napirisha,,,,,
UntN TZ 25,UntN_TZ_25_00012,a-gi,ak,,,,,
UntN TZ 25,UntN_TZ_25_00013,(d)in-šu-uš-na-ak,Inshushinak,,,,,
UntN TZ 25,UntN_TZ_25_00014,si-ia-an-ku-uk-ra,Sian.kuk,3sg.an,,,,
UntN TZ 25,UntN_TZ_25_00015,in,i,3sg.inan2,,,,
UntN TZ 25,UntN_TZ_25_00016,tu4-ni-ih,tuni-,1sg.vb,,,,
UntN TZ 25,UntN_TZ_25_00017,ta-ak-me,tak.me,,,,3sg.inan1,
UntN TZ 25,UntN_TZ_25_00018,u2-me,u,3sg.inan1,,,,
UntN TZ 25,UntN_TZ_25_00019,tu4-ur,tur,,,,,
UntN TZ 25,UntN_TZ_25_00020,hi-ih,hih,,,,,
UntN TZ 25,UntN_TZ_25_00021,si-it-me,sit.me,,,,3sg.inan1,
UntN TZ 25,UntN_TZ_25_00022,u2-me,u,3sg.inan1,,,,
UntN TZ 25,UntN_TZ_25_00023,šu-ul-lu-me-en-ga,šullume-,II,,,,
UntN TZ 25,UntN_TZ_25_00024,az-ki-it,azkit,,,,,
UntN TZ 25,UntN_TZ_25_00025,hu-šu-ut-ta,hušu,adj,,,,
UntN TZ 25,UntN_TZ_25_00026,in-gi,in-,1sg.an,,,,
UntN TZ 25,UntN_TZ_25_00027,hi-en-ga,hi-,III,1sg.an,,,
UntN TZ 25,UntN_TZ_25_00028,in-di-ig-ga,in.tika,,,,,
UntN TZ 25,UntN_TZ_25_00029,a-gi,ak,,,,,
UntN TZ 25,UntN_TZ_25_00030,ku-ši-ih,kuši-,1sg.vb,,,,
UntN TZ 25,UntN_TZ_25_00031,dingir-gal,Napirisha,,,,,
UntN TZ 25,UntN_TZ_25_00032,a-gi,ak,,,,,
UntN TZ 25,UntN_TZ_25_00033,(d)in-šu-uš-na-ak,Inshushinak,,,,,
UntN TZ 25,UntN_TZ_25_00034,in,i,3sg.inan2,,,,
UntN TZ 25,UntN_TZ_25_00035,tu4-ni-ih,tuni-,1sg.vb,,,,
UntN TZ 25,UntN_TZ_25_00036,hu-ut-tak-ha-li-ik,hutak.halik,,,,II,
UntN TZ 25,UntN_TZ_25_00037,u2-me,u,3sg.inan1,,,,
UntN TZ 25,UntN_TZ_25_00038,dingir-gal,Napirisha,,,,,
UntN TZ 25,UntN_TZ_25_00039,a-gi,ak,,,,,
UntN TZ 25,UntN_TZ_25_00040,(d)in-šu-uš-na-ak,Inshushinak,,,,,
UntN TZ 25,UntN_TZ_25_00041,il-li-na,lina,,,,,
UntN TZ 25,UntN_TZ_25_00042,te-la-ak-ni,tela-,II,opt2,,,
UntN TZ 26,UntN_TZ_26_00001,u3,u,,,,,
UntN TZ 26,UntN_TZ_26_00002,(m)un-taš-dingir-gal,Untash-Napirisha,,,,,
UntN TZ 26,UntN_TZ_26_00003,ša-ak,šak,,,,,
UntN TZ 26,UntN_TZ_26_00004,hu-ban-nu-me-en-na-ki,Humban-umena,1sg.an,,,,
UntN TZ 26,UntN_TZ_26_00005,su-un-ki-ik,sunki,1sg.an,,,,
UntN TZ 26,UntN_TZ_26_00006,an-za-an,Anshan,,,,,
UntN TZ 26,UntN_TZ_26_00007,šu-šu-un-ka,Susa,1sg.an,,,,
UntN TZ 26,UntN_TZ_26_00008,ta-ak-me,tak.me,,,,3sg.inan1,
UntN TZ 26,UntN_TZ_26_00009,u2-me,u,3sg.inan1,,,,
UntN TZ 26,UntN_TZ_26_00010,tu4-ur,tur,,,,,
UntN TZ 26,UntN_TZ_26_00011,hi-ih,hih,,,,,
UntN TZ 26,UntN_TZ_26_00012,si-it-me,sit.me,,,,3sg.inan1,
UntN TZ 26,UntN_TZ_26_00013,u2-me,u,3sg.inan1,,,,
UntN TZ 26,UntN_TZ_26_00014,šu-ul-lu-me-en-ga,šullume-,II,,,,
UntN TZ 26,UntN_TZ_26_00015,az-ki-it,azkit,,,,,
UntN TZ 26,UntN_TZ_26_00016,tu4-ur,tur,,,,,
UntN TZ 26,UntN_TZ_26_00017,sah-ri,sah,3sg.an,,,,
UntN TZ 26,UntN_TZ_26_00018,hu-šu-ia,hušu,adj,,,,
UntN TZ 26,UntN_TZ_26_00019,in-gi,in-,1sg.an,,,,
UntN TZ 26,UntN_TZ_26_00020,hi-en-ga,hi-,III,1sg.an,,,
UntN TZ 26,UntN_TZ_26_00021,in-di-ig-ga4,in.tika,,,,,
UntN TZ 26,UntN_TZ_26_00022,a-gi,ak,,,,,
UntN TZ 26,UntN_TZ_26_00023,a-bu-ul,abullu,,,,,
UntN TZ 26,UntN_TZ_26_00024,gi-nu-ni,kinuni,,,,,
UntN TZ 26,UntN_TZ_26_00025,ku-ši-ih,kuši-,,,,,
UntN TZ 26,UntN_TZ_26_00026,dingir-gal,Napirisha,,,,,
UntN TZ 26,UntN_TZ_26_00027,a-gi,ak,,,,,
UntN TZ 26,UntN_TZ_26_00028,(d)in-šu-uš-na-ak,Inshushinak,,,,,
UntN TZ 26,UntN_TZ_26_00029,si-ia-an-ku-uk-ra,Sian.kuk,3sg.an,,,,
UntN TZ 26,UntN_TZ_26_00030,in,i,3sg.inan2,,,,
UntN TZ 26,UntN_TZ_26_00031,du-ni-ih,tuni-,1sg.vb,,,,
UntN TZ 26,UntN_TZ_26_00032,hu-ut-tak-ha-li-ik,hutak.halik,,,,II,
UntN TZ 26,UntN_TZ_26_00033,u2-me,u,3sg.inan1,,,,
UntN TZ 26,UntN_TZ_26_00034,dingir-gal,Napirisha,,,,,
UntN TZ 26,UntN_TZ_26_00035,a-gi,ak,,,,,
UntN TZ 26,UntN_TZ_26_00036,(d)in-šu-uš-na-ak,Inshushinak,,,,,
UntN TZ 26,UntN_TZ_26_00037,ul-li-na,lina,,,,,
UntN TZ 26,UntN_TZ_26_00038,te-la-ak-ni,tela-,II,opt2,,,
UntN TZ 27,UntN_TZ_27_00001,u2,u,,,,,
UntN TZ 27,UntN_TZ_27_00002,(m)un-taš-dingir-gal,Untash-Napirisha,,,,,
UntN TZ 27,UntN_TZ_27_00003,ša-ak,šak,,,,,
UntN TZ 27,UntN_TZ_27_00004,(d)hu-ban-um-me-en-na-ki,Humban-umena,1sg.an,,,,
UntN TZ 27,UntN_TZ_27_00005,su-un-ki-ik,sunki,1sg.an,,,,
UntN TZ 27,UntN_TZ_27_00006,an-za-an,Anshan,,,,,
UntN TZ 27,UntN_TZ_27_00007,šu-šu-un-ka,Susa,1sg.an,,,,
UntN TZ 27,UntN_TZ_27_00008,ta-ak-me,tak.me,,,,3sg.inan1,
UntN TZ 27,UntN_TZ_27_00009,u2-me,u,3sg.inan1,,,,
UntN TZ 27,UntN_TZ_27_00010,tu4-ur,tur,,,,,
UntN TZ 27,UntN_TZ_27_00011,hi-ih,hih,,,,,
UntN TZ 27,UntN_TZ_27_00012,si-it-me,sit.me,,,,3sg.inan1,
UntN TZ 27,UntN_TZ_27_00013,u2-me,u,3sg.inan1,,,,
UntN TZ 27,UntN_TZ_27_00014,šu-ul-lu-me-en-ga,šullume-,II,,,,
UntN TZ 27,UntN_TZ_27_00015,az-ki-it,azkit,,,,,
UntN TZ 27,UntN_TZ_27_00016,tu4-ur,tur,,,,,
UntN TZ 27,UntN_TZ_27_00017,sah-ri,sah,3sg.an,,,,
UntN TZ 27,UntN_TZ_27_00018,hu-šu-ia,hušu,adj,,,,
UntN TZ 27,UntN_TZ_27_00019,in-gi,in-,1sg.an,,,,
UntN TZ 27,UntN_TZ_27_00020,hi-en-ga,hi-,III,1sg.an,,,
UntN TZ 27,UntN_TZ_27_00021,in-di-ig-ga2,in.tika,,,,,
UntN TZ 27,UntN_TZ_27_00022,a-gi,ak,,,,,
UntN TZ 27,UntN_TZ_27_00023,si-ia-an,sian,,,,,
UntN TZ 27,UntN_TZ_27_00024,u2-pa-at,upat,,,,,
UntN TZ 27,UntN_TZ_27_00025,hu-us-si-ip-me,husi,3pl.an,3sg.inan1,,,
UntN TZ 27,UntN_TZ_27_00026,ku-ši-ih,kuši-,1sg.vb,,,,
UntN TZ 27,UntN_TZ_27_00027,(d)hi-iš-mi-di-ik,Hišmitik,,,,,
UntN TZ 27,UntN_TZ_27_00028,(d)ru-hu-ra-tir,Ruhurater,,,,,
UntN TZ 27,UntN_TZ_27_00029,si-ia-an-ku-uk-ra,Sian.kuk,3sg.an,,,,
UntN TZ 27,UntN_TZ_27_00030,in,i,3sg.inan2,,,,
UntN TZ 27,UntN_TZ_27_00031,tu4-ni-ih,tuni-,1sg.vb,,,,
UntN TZ 27,UntN_TZ_27_00032,ha-di-en,hatin,,,,,
UntN TZ 27,UntN_TZ_27_00033,ha-ap-ši,hapši,,,,,
UntN TZ 27,UntN_TZ_27_00034,ir,i,3sg.an,,,,
UntN TZ 27,UntN_TZ_27_00035,su-kar-tah,zukar.ta-,1sg.vb,,,,
UntN TZ 27,UntN_TZ_27_00036,hu-ut-tak-ha-li-ik,hutak.halik,,,,II,
UntN TZ 27,UntN_TZ_27_00037,u2-me,u,3sg.inan1,,,,
UntN TZ 27,UntN_TZ_27_00038,(d)hi-iš-mi-di-ik,Hišmitik,,,,,
UntN TZ 27,UntN_TZ_27_00039,(d)ru-hu-ra-tir,Ruhurater,,,,,
UntN TZ 27,UntN_TZ_27_00040,ul-li-na6,lina,,,,,
UntN TZ 27,UntN_TZ_27_00041,te-la-ak-ni,tela-,II,opt2,,,
UntN TZ 28,UntN_TZ_28_00001,u2,u,,,,,
UntN TZ 28,UntN_TZ_28_00002,(m)un-taš-dingir-gal,Untash-Napirisha,,,,,
UntN TZ 28,UntN_TZ_28_00003,ša-ak,,,,,,
UntN TZ 28,UntN_TZ_28_00004,(d)hu-um-ban-um-me-en-na-ki,Humban-umena,1sg.an,,,,
UntN TZ 28,UntN_TZ_28_00005,su-un-ki-ik,sunki,1sg.an,,,,
UntN TZ 28,UntN_TZ_28_00006,an-za-an,Anshan,,,,,
UntN TZ 28,UntN_TZ_28_00007,šu-šu-un-ka,Susa,1sg.an,,,,
UntN TZ 28,UntN_TZ_28_00008,ta-ak-me,tak.me,,,,3sg.inan1,
UntN TZ 28,UntN_TZ_28_00009,u2-me,u,3sg.inan1,,,,
UntN TZ 28,UntN_TZ_28_00010,tu4-ur,tur,,,,,
UntN TZ 28,UntN_TZ_28_00011,hi-ih,hih,,,,,
UntN TZ 28,UntN_TZ_28_00012,si-it-me,sit.me,,,,3sg.inan1,
UntN TZ 28,UntN_TZ_28_00013,u2-me,u,3sg.inan1,,,,
UntN TZ 28,UntN_TZ_28_00014,šu-ul-lu-me-en-ga,šullume-,III,1sg.an,,,
UntN TZ 28,UntN_TZ_28_00015,az-ki-it,azkit,,,,,
UntN TZ 28,UntN_TZ_28_00016,tu4-ur,tur,,,,,
UntN TZ 28,UntN_TZ_28_00017,sah-ri,sah,3sg.an,,,,
UntN TZ 28,UntN_TZ_28_00018,hu-šu-ia,hušu,adj,,,,
UntN TZ 28,UntN_TZ_28_00019,in-gi,in-,1sg.an,,,,
UntN TZ 28,UntN_TZ_28_00020,hi-en-ga,hi-,III,1sg.an,,,
UntN TZ 28,UntN_TZ_28_00021,in-di-ik-ka,in.tika,,,,,
UntN TZ 28,UntN_TZ_28_00022,a-gi,ak,,,,,
UntN TZ 28,UntN_TZ_28_00023,si-a-an,sian,,,,,
UntN TZ 28,UntN_TZ_28_00024,(d)hu-um-ban-me,Humban,3sg.inan1,,,,
UntN TZ 28,UntN_TZ_28_00025,u2-pa-at,upat,,,,,
UntN TZ 28,UntN_TZ_28_00026,hu-us-si-ip-me,husi,3pl.an,3sg.inan1,,,
UntN TZ 28,UntN_TZ_28_00027,ku-ši-ih,kuši-,1sg.vb,,,,
UntN TZ 28,UntN_TZ_28_00028,(d)hu-um-ban,Humban,,,,,
UntN TZ 28,UntN_TZ_28_00029,si-a-an-ku-uk-ra,Sian.kuk,3sg.an,,,,
UntN TZ 28,UntN_TZ_28_00030,in,i,3sg.inan2,,,,
UntN TZ 28,UntN_TZ_28_00031,tu4-ni-ih,tuni-,1sg.vb,,,,
UntN TZ 28,UntN_TZ_28_00032,hu-ut-tak-ha-li-ik,hutak.halik,,,,II,
UntN TZ 28,UntN_TZ_28_00033,u2-me,u,3sg.inan1,,,,
UntN TZ 28,UntN_TZ_28_00034,(d)hu-um-ban,Humban,,,,,
UntN TZ 28,UntN_TZ_28_00035,ul-li-na,lina,,,,,
UntN TZ 28,UntN_TZ_28_00036,te-la-ak-ni,tela-,II,opt2,,,
UntN TZ 29,UntN_TZ_29_00001,u3,u,,,,,
UntN TZ 29,UntN_TZ_29_00002,(m)un-taš-dingir-gal,Untash-Napirisha,,,,,
UntN TZ 29,UntN_TZ_29_00003,ša-ak,šak,,,,,
UntN TZ 29,UntN_TZ_29_00004,(m)hu-ban-nu-me-na-ki,Humban-umena,1sg.an,,,,
UntN TZ 29,UntN_TZ_29_00005,su-un-ki-ik,sunki,1sg.an,,,,
UntN TZ 29,UntN_TZ_29_00006,an-za-an,Anshan,,,,,
UntN TZ 29,UntN_TZ_29_00007,šu-šu-un-ka,Susa,1sg.an,,,,
UntN TZ 29,UntN_TZ_29_00008,ta-ak-me,tak.me,,,,3sg.inan1,
UntN TZ 29,UntN_TZ_29_00009,u2-me,u,3sg.inan1,,,,
UntN TZ 29,UntN_TZ_29_00010,tu4-ur,tur,,,,,
UntN TZ 29,UntN_TZ_29_00011,hi-ih,hih,,,,,
UntN TZ 29,UntN_TZ_29_00012,si-it-me,sit.me,,,,3sg.inan1,
UntN TZ 29,UntN_TZ_29_00013,u2-me,u,3sg.inan1,,,,
UntN TZ 29,UntN_TZ_29_00014,šu-ul-lu-me-ga,šullume-,II,,,,
UntN TZ 29,UntN_TZ_29_00015,az-ki-it,azkit,,,,,
UntN TZ 29,UntN_TZ_29_00016,tu4-ur,tur,,,,,
UntN TZ 29,UntN_TZ_29_00017,sah-ri,sah,3sg.an,,,,
UntN TZ 29,UntN_TZ_29_00018,hu-šu-ia,hušu,adj,,,,
UntN TZ 29,UntN_TZ_29_00019,in-gi,in-,1sg.an,,,,
UntN TZ 29,UntN_TZ_29_00020,hi-en-ga,hi-,III,1sg.an,,,
UntN TZ 29,UntN_TZ_29_00021,in-di-ig-ga,in.tika,,,,,
UntN TZ 29,UntN_TZ_29_00022,a-gi,ak,,,,,
UntN TZ 29,UntN_TZ_29_00023,si-ia-an,sian,,,,,
UntN TZ 29,UntN_TZ_29_00024,u2-pa-at,upat,,,,,
UntN TZ 29,UntN_TZ_29_00025,hu-us-si-ip-me,husi,3pl.an,3sg.inan1,,,
UntN TZ 29,UntN_TZ_29_00026,ku-ši-ih,kuši-,1sg.vb,,,,
UntN TZ 29,UntN_TZ_29_00027,(d)na-bi-um,Nabu,,,,,
UntN TZ 29,UntN_TZ_29_00028,si-ia-an-ku-uk-ra,Sian.kuk,3sg.an,,,,
UntN TZ 29,UntN_TZ_29_00029,in,i,3sg.inan2,,,,
UntN TZ 29,UntN_TZ_29_00030,tu4-ni-ih,tuni-,1sg.vb,,,,
UntN TZ 29,UntN_TZ_29_00031,hu-ut-tak-ha-li-ik,hutak.halik,,,,II,
UntN TZ 29,UntN_TZ_29_00032,u2-me,u,3sg.inan1,,,,
UntN TZ 29,UntN_TZ_29_00033,(d)na-bi-um,Nabu,,,,,
UntN TZ 29,UntN_TZ_29_00034,ul-li-na,lina,,,,,
UntN TZ 29,UntN_TZ_29_00035,te-la-ak,tela-,II,,,,
UntN TZ 30,UntN_TZ_30_00001,u3,u,,,,,
UntN TZ 30,UntN_TZ_30_00002,(m)un-taš-dingir-gal,Untash-Napirisha,,,,,
UntN TZ 30,UntN_TZ_30_00003,ša-ak,šak,,,,,
UntN TZ 30,UntN_TZ_30_00004,(m)hu-ban-nu-me-na-ki,Humban-umena,1sg.an,,,,
UntN TZ 30,UntN_TZ_30_00005,zu-un-ki-ik,sunki,1sg.an,,,,
UntN TZ 30,UntN_TZ_30_00006,an-za-an,Anshan,,,,,
UntN TZ 30,UntN_TZ_30_00007,šu-šu-un-ka,Susa,1sg.an,,,,
UntN TZ 30,UntN_TZ_30_00008,ta-ak-me,tak.me,,,,3sg.inan1,
UntN TZ 30,UntN_TZ_30_00009,u2-me,u,3sg.inan1,,,,
UntN TZ 30,UntN_TZ_30_00010,tu4-ur,tur,,,,,
UntN TZ 30,UntN_TZ_30_00011,hi-ih2,hih,,,,,
UntN TZ 30,UntN_TZ_30_00012,si-it-me,sit.me,,,,3sg.inan1,
UntN TZ 30,UntN_TZ_30_00013,u2-me,u,3sg.inan1,,,,
UntN TZ 30,UntN_TZ_30_00014,šu-ul-lu-me-ga,šullume-,II,,,,
UntN TZ 30,UntN_TZ_30_00015,az-ki-it,azkit,,,,,
UntN TZ 30,UntN_TZ_30_00016,tu4-ur,tur,,,,,
UntN TZ 30,UntN_TZ_30_00017,sah-ri,sah,3sg.an,,,,
UntN TZ 30,UntN_TZ_30_00018,hu-šu-ia,hušu,adj,,,,
UntN TZ 30,UntN_TZ_30_00019,in-gi,in-,1sg.an,,,,
UntN TZ 30,UntN_TZ_30_00020,hi-en-ga,hi-,III,1sg.an,,,
UntN TZ 30,UntN_TZ_30_00021,in-di-ig-ga,in.tika,,,,,
UntN TZ 30,UntN_TZ_30_00022,a-ak,ak,,,,,
UntN TZ 30,UntN_TZ_30_00023,si-ia-an,sian,,,,,
UntN TZ 30,UntN_TZ_30_00024,u2-pa-at,upat,,,,,
UntN TZ 30,UntN_TZ_30_00025,hu-us-si-ip-me,husi,3pl.an,3sg.inan1,,,
UntN TZ 30,UntN_TZ_30_00026,ku-ši-ih,kuši-,1sg.vb,,,,
UntN TZ 30,UntN_TZ_30_00027,(d)PA.TUG2,PA.TUG2,,,,,
UntN TZ 30,UntN_TZ_30_00028,si-ia-an-ku-uk-ra,Sian.kuk,3sg.an,,,,
UntN TZ 30,UntN_TZ_30_00029,in,i,3sg.inan2,,,,
UntN TZ 30,UntN_TZ_30_00030,tu4-ni-ih,tuni-,1sg.vb,,,,
UntN TZ 30,UntN_TZ_30_00031,hu-ut-tak-ha-li-ik,hutak.halik,,,,II,
UntN TZ 30,UntN_TZ_30_00032,u2-me,u,3sg.inan1,,,,
UntN TZ 30,UntN_TZ_30_00033,(d)PA.TUG2,PA.TUG2,,,,,
UntN TZ 30,UntN_TZ_30_00034,ul-li-na,lina,,,,,
UntN TZ 30,UntN_TZ_30_00035,te-la-ak,tela-,II,,,,
UntN TZ 31,UntN_TZ_31_00001,u2,u,,,,,
UntN TZ 31,UntN_TZ_31_00002,(m)un-taš-dingir-gal,Untash-Napirisha,,,,,
UntN TZ 31,UntN_TZ_31_00003,ša-ak,šak,,,,,
UntN TZ 31,UntN_TZ_31_00004,(md)hu-um-ban-nu-me-na-ki,Humban-umena,1sg.an,,,,
UntN TZ 31,UntN_TZ_31_00005,zu-un-ki-ik,sunki,1sg.an,,,,
UntN TZ 31,UntN_TZ_31_00006,an-za-an,Anshan,,,,,
UntN TZ 31,UntN_TZ_31_00007,šu-šu-un-ka,Susa,1sg.an,,,,
UntN TZ 31,UntN_TZ_31_00008,mu-ur-ti,murti,,,,,
UntN TZ 31,UntN_TZ_31_00009,ip-il-la-ti-ma,ipilati,postp.loc,,,,
UntN TZ 31,UntN_TZ_31_00010,ku-ši-ih,kuši-,1sg.vb,,,,
UntN TZ 31,UntN_TZ_31_00011,(d)PA.TUG2,PA.TUG2,,,,,
UntN TZ 31,UntN_TZ_31_00012,li-li-ra,lili.r,,,,3sg.an,
UntN TZ 31,UntN_TZ_31_00013,ha-al,hal,,,,,
UntN TZ 31,UntN_TZ_31_00014,ha-ap-pa-ti-iš,haptiš,,,,,
UntN TZ 31,UntN_TZ_31_00015,pa-ap-pa-ra-na,papara-?,III,,,,
UntN TZ 31,UntN_TZ_31_00016,(m)un-taš-dingir-gal,Untash-Napirisha,,,,,
UntN TZ 31,UntN_TZ_31_00017,uk-ku-ri,uku,3sg.an,,,,
UntN TZ 31,UntN_TZ_31_00018,ir,i,3sg.an,,,,
UntN TZ 31,UntN_TZ_31_00019,mu-ur-ta-an-ra,mur.ta-,III,3sg.an,,,
UntN TZ 31,UntN_TZ_31_00020,hu-ut-tak-ha-li-ik,hutak.halik,,,,,
UntN TZ 31,UntN_TZ_31_00021,u2-me,u,3sg.inan1,,,,
UntN TZ 31,UntN_TZ_31_00022,(d)PA.TUG2,PA.TUG2,,,,,
UntN TZ 31,UntN_TZ_31_00023,li-na,lina,,,,,
UntN TZ 31,UntN_TZ_31_00024,te-la-ak-ni,tela-,II,opt2,,,
UntN TZ 32,UntN_TZ_32_00001,u2,u,,,,,
UntN TZ 32,UntN_TZ_32_00002,(m)un-taš-dingir-gal,Untash-Napirisha,,,,,
UntN TZ 32,UntN_TZ_32_00003,si-ia-an,sian,,,,,
UntN TZ 32,UntN_TZ_32_00004,(d)in-na-na,Inanna,,,,,
UntN TZ 32,UntN_TZ_32_00005,be-el-ti,belti,,,,,
UntN TZ 32,UntN_TZ_32_00006,ap-pu-ki-me,apuki,3sg.inan1,,,,
UntN TZ 32,UntN_TZ_32_00007,ku-ši-ih,kuši-,,,,,
UntN TZ 32,UntN_TZ_32_00008,(d)in-na-na,Inanna,,,,,
UntN TZ 32,UntN_TZ_32_00009,be-el-ti,belti,,,,,
UntN TZ 32,UntN_TZ_32_00010,ap-pu-ki-i,apuki,,,,,
UntN TZ 32,UntN_TZ_32_00011,ir,i,3sg.an,,,,
UntN TZ 32,UntN_TZ_32_00012,ša-ri-ih,šari-,1sg.vb,,,,
UntN TZ 32,UntN_TZ_32_00013,ir,i,3sg.an,,,,
UntN TZ 32,UntN_TZ_32_00014,a-ha-ar,aha,3sg.an,,,,
UntN TZ 32,UntN_TZ_32_00015,mu-ur-tah,mur.ta-,1sg.vb,,,,
UntN TZ 32,UntN_TZ_32_00016,hu-pi-e,hupe,,,,,
UntN TZ 32,UntN_TZ_32_00017,pi-ip-ši-ia,pepši-,adj,,,,
UntN TZ 32,UntN_TZ_32_00018,pi-ip-li-ih,pepli-,1sg.vb,,,,
UntN TZ 32,UntN_TZ_32_00019,hu-ut-ta-ak-ha-li-ik,hutak.halik,,,,,
UntN TZ 32,UntN_TZ_32_00020,u2-me,u,3sg.inan1,,,,
UntN TZ 32,UntN_TZ_32_00021,li-ni-en,lina,3sg.inan2,,,,
UntN TZ 32,UntN_TZ_32_00022,te-la-ak-ni,tela-,II,opt2,,,
UntN TZ 33,UntN_TZ_33_00001,u2,u,,,,,
UntN TZ 33,UntN_TZ_33_00002,(m)un-taš-dingir-gal,Untash-Napirisha,,,,,
UntN TZ 33,UntN_TZ_33_00003,ša-ak,šak,,,,,
UntN TZ 33,UntN_TZ_33_00004,(md)hu-um-ban-um-me-na-gi,Humban-umena,1sg.an,,,,
UntN TZ 33,UntN_TZ_33_00005,su-un-ki-ik,sunki,1sg.an,,,,
UntN TZ 33,UntN_TZ_33_00006,an-za-an,Anshan,,,,,
UntN TZ 33,UntN_TZ_33_00007,šu-šu-un-ka,Susa,1sg.an,,,,
UntN TZ 33,UntN_TZ_33_00008,pu-uk-ši,pukši,,,,,
UntN TZ 33,UntN_TZ_33_00009,ta-ak-ki-ip-pi,taki,3pl.an,,,,
UntN TZ 33,UntN_TZ_33_00010,u2-pa-at,upat,,,,,
UntN TZ 33,UntN_TZ_33_00011,hu-us-si-ip-me,husi,3pl.an,3sg.inan1,,,
UntN TZ 33,UntN_TZ_33_00012,ku-ši-ih,kuši-,1sg.vb,,,,
UntN TZ 33,UntN_TZ_33_00013,(d)su-un-ki-ir-ri-ša-ar-ra,Sunkirishar,,,,,
UntN TZ 33,UntN_TZ_33_00014,in,i,3sg.inan2,,,,
UntN TZ 33,UntN_TZ_33_00015,du-ni-ih,tuni-,1sg.vb,,,,
UntN TZ 34,UntN_TZ_34_00001,u2,u,,,,,
UntN TZ 34,UntN_TZ_34_00002,(m)un-taš-dingir-gal,Untash-Napirisha,,,,,
UntN TZ 34,UntN_TZ_34_00003,ša-ak,šak,,,,,
UntN TZ 34,UntN_TZ_34_00004,(m)hu-ban-um-me-na-ki,Humban-umena,1sg.an,,,,
UntN TZ 34,UntN_TZ_34_00005,su-un-ki-ik,sunki,1sg.an,,,,
UntN TZ 34,UntN_TZ_34_00006,an-za-an,Anshan,,,,,
UntN TZ 34,UntN_TZ_34_00007,šu-šu-un-ka,Susa,1sg.an,,,,
UntN TZ 34,UntN_TZ_34_00008,ta-ak-me,tak.me,,,,3sg.inan1,
UntN TZ 34,UntN_TZ_34_00009,u2-me,u,3sg.inan1,,,,
UntN TZ 34,UntN_TZ_34_00010,tu4-ur,tur,,,,,
UntN TZ 34,UntN_TZ_34_00011,hi-ih,hih,,,,,
UntN TZ 34,UntN_TZ_34_00012,si-it-me,sit.me,,,,3sg.inan1,
UntN TZ 34,UntN_TZ_34_00013,u2-me,u,3sg.inan1,,,,
UntN TZ 34,UntN_TZ_34_00014,šu-ul-lu-me-ga,šullume-,II,,,,
UntN TZ 34,UntN_TZ_34_00015,az-ki-it,azkit,,,,,
UntN TZ 34,UntN_TZ_34_00016,tu4-ur,tur,,,,,
UntN TZ 34,UntN_TZ_34_00017,sah-ri,sah,3sg.an,,,,
UntN TZ 34,UntN_TZ_34_00018,hu-šu-ia,hušu,adj,,,,
UntN TZ 34,UntN_TZ_34_00019,in-gi,in-,1sg.an,,,,
UntN TZ 34,UntN_TZ_34_00020,hi-en-ga,hi-,III,1sg.an,,,
UntN TZ 34,UntN_TZ_34_00021,in-di-ik-ka,in.tika,,,,,
UntN TZ 34,UntN_TZ_34_00022,a-gi,ak,,,,,
UntN TZ 34,UntN_TZ_34_00023,si-a-an,sian,,,,,
UntN TZ 34,UntN_TZ_34_00024,u2-pa-at,upat,,,,,
UntN TZ 34,UntN_TZ_34_00025,hu-us-si-ip-me,husi,3pl.an,3sg.inan1,,,
UntN TZ 34,UntN_TZ_34_00026,ku-ši-ih,kuši-,1sg.vb,,,,
UntN TZ 34,UntN_TZ_34_00027,(d)nin-e2-gal,NIN.E.GAL,,,,,
UntN TZ 34,UntN_TZ_34_00028,si-a-an-ku-uk-ra,Sian.kuk,3sg.an,,,,
UntN TZ 34,UntN_TZ_34_00029,in,i,3sg.inan2,,,,
UntN TZ 34,UntN_TZ_34_00030,tu4-ni-ih,tuni-,1sg.vb,,,,
UntN TZ 34,UntN_TZ_34_00031,hu-ut-tak-ha-li-ik,hutak.halik,,,,,
UntN TZ 34,UntN_TZ_34_00032,u2-me,u,3sg.inan1,,,,
UntN TZ 34,UntN_TZ_34_00033,(d)nin-e2-gal,NIN.E.GAL,,,,,
UntN TZ 34,UntN_TZ_34_00034,ul-li-na,lina,,,,,
UntN TZ 34,UntN_TZ_34_00035,te-la-ak-ni,tela-,II,opt2,,,
UntN TZ 35,UntN_TZ_35_00001,u2,u,,,,,
UntN TZ 35,UntN_TZ_35_00002,(m)un-taš-dingir-gal,Untash-Napirisha,,,,,
UntN TZ 35,UntN_TZ_35_00003,ša-ak,šak,,,,,
UntN TZ 35,UntN_TZ_35_00004,(d)hu-ban-[um]-me-na-ki,Humban-umena,1sg.an,,,,
UntN TZ 35,UntN_TZ_35_00005,su-un-ki-ik,sunki,1sg.an,,,,
UntN TZ 35,UntN_TZ_35_00006,an-za-an,Anshan,,,,,
UntN TZ 35,UntN_TZ_35_00007,šu-šu-un-ka,Susa,1sg.an,,,,
UntN TZ 35,UntN_TZ_35_00008,ta-ak-me,tak.me,,,,3sg.inan1,
UntN TZ 35,UntN_TZ_35_00009,u2-me,u,3sg.inan1,,,,
UntN TZ 35,UntN_TZ_35_00010,tu4-[ur],tur,,,,,
UntN TZ 35,UntN_TZ_35_00011,hi-ih,hih,,,,,
UntN TZ 35,UntN_TZ_35_00012,si-it-me,sit.me,,,,3sg.inan1,
UntN TZ 35,UntN_TZ_35_00013,u2-me,u,3sg.inan1,,,,
UntN TZ 35,UntN_TZ_35_00014,šu-ul-lu-me-en-ga,šullume-,III,1sg.an,,,
UntN TZ 35,UntN_TZ_35_00015,az-ki-it,azkit,,,,,
UntN TZ 35,UntN_TZ_35_00016,tu4-ur,tur,,,,,
UntN TZ 35,UntN_TZ_35_00017,sah-ri,sah,3sg.an,,,,
UntN TZ 35,UntN_TZ_35_00018,hu-šu-ia,hušu,adj,,,,
UntN TZ 35,UntN_TZ_35_00019,in-gi,in-,1sg.an,,,,
UntN TZ 35,UntN_TZ_35_00020,hi-en-ga,hi-,III,1sg.an,,,
UntN TZ 35,UntN_TZ_35_00021,in-di-ik-ka,in.tika,,,,,
UntN TZ 35,UntN_TZ_35_00022,a-gi,ak,,,,,
UntN TZ 35,UntN_TZ_35_00023,si-a-an,sian,,,,,
UntN TZ 35,UntN_TZ_35_00024,u2-pa-at,upat,,,,,
UntN TZ 35,UntN_TZ_35_00025,hu-us-si-ip-me,husi,3pl.an,3sg.inan1,,,
UntN TZ 35,UntN_TZ_35_00026,ku-ši-ih,kuši-,1sg.vb,,,,
UntN TZ 35,UntN_TZ_35_00027,(d)ma-an-za-at,Manzat,,,,,
UntN TZ 35,UntN_TZ_35_00028,si-a-an-ku-uk-ra,Sian.kuk,3sg.an,,,,
UntN TZ 35,UntN_TZ_35_00029,in,i,3sg.inan2,,,,
UntN TZ 35,UntN_TZ_35_00030,tu4-ni-ih,tuni-,1sg.vb,,,,
UntN TZ 35,UntN_TZ_35_00031,e[l?-x-x]-at-tu4,,,,,,
UntN TZ 35,UntN_TZ_35_00032,ir,i,3sg.an,,,,
UntN TZ 35,UntN_TZ_35_00033,a-ha-ar,aha,3sg.an,,,,
UntN TZ 35,UntN_TZ_35_00034,hi?-[…],,,,,,
UntN TZ 35,UntN_TZ_35_00035,h[u-ut-tak-h]a-li-ik,hutak.halik,,,,,
UntN TZ 35,UntN_TZ_35_00036,u2-me,u,3sg.inan1,,,,
UntN TZ 35,UntN_TZ_35_00037,(d)ma-an-za-at,Manzat,,,,,
UntN TZ 35,UntN_TZ_35_00038,ul-li-na,lina,,,,,
UntN TZ 35,UntN_TZ_35_00039,te-la-ak-ni,tela-,II,opt2,,,
UntN TZ 36,UntN_TZ_36_00001,u3,u,,,,,
UntN TZ 36,UntN_TZ_36_00002,(m)un-taš-dingir-gal,Untash-Napirisha,,,,,
UntN TZ 36,UntN_TZ_36_00003,ša-ak,šak,,,,,
UntN TZ 36,UntN_TZ_36_00004,(d)hu-ban-nu-me-na-ki,Humban-umena,1sg.an,,,,
UntN TZ 36,UntN_TZ_36_00005,su-un-ki-ik,sunki,1sg.an,,,,
UntN TZ 36,UntN_TZ_36_00006,an-za-an,Anzan,,,,,
UntN TZ 36,UntN_TZ_36_00007,šu-šu-un-ka,Susa,1sg.an,,,,
UntN TZ 36,UntN_TZ_36_00008,si-ia-an,sian,,,,,
UntN TZ 36,UntN_TZ_36_00009,ku-ši-ih,kuši-,1sg.vb,,,,
UntN TZ 36,UntN_TZ_36_00010,(d)ši-ia-šu-um,Shiashum,,,,,
UntN TZ 36,UntN_TZ_36_00011,si-ia-an-ku-uk-ra,Sian.kuk,3sg.an,,,,
UntN TZ 36,UntN_TZ_36_00012,in,i,3sg.inan2,,,,
UntN TZ 36,UntN_TZ_36_00013,du-ni-ih,tuni-,1sg.vb,,,,
UntN TZ 36,UntN_TZ_36_00014,hu-ut-tak-ha-li-ik,hutak.halik,,,,,
UntN TZ 36,UntN_TZ_36_00015,u2-me,u,3sg.inan1,,,,
UntN TZ 36,UntN_TZ_36_00016,(d)ši-ia-šu-um,Shiashum,,,,,
UntN TZ 36,UntN_TZ_36_00017,si-ia-an-ku-uk-ra,Sian.kuk,3sg.an,,,,
UntN TZ 36,UntN_TZ_36_00018,ul-li-na,lina,,,,,
UntN TZ 36,UntN_TZ_36_00019,te-la-ak-ni,tela-,II,opt2,,,
UntN TZ 37,UntN_TZ_37_00001,u2,u,,,,,
UntN TZ 37,UntN_TZ_37_00002,(m)un-taš-dingir-gal,Untash-Napirisha,,,,,
UntN TZ 37,UntN_TZ_37_00003,si-ia-an,sian,,,,,
UntN TZ 37,UntN_TZ_37_00004,(d)da-mu-si,Damusi,,,,,
UntN TZ 37,UntN_TZ_37_00005,a-ak,ak,,,,,
UntN TZ 37,UntN_TZ_37_00006,(d)be-li-li-me,Belili,3sg.inan1,,,,
UntN TZ 37,UntN_TZ_37_00007,ku-ši-ih,kuši-,1sg.vb,,,,
UntN TZ 37,UntN_TZ_37_00008,a-pu-un,ap,acc,,,,
UntN TZ 37,UntN_TZ_37_00009,ša-ri-ih,šari-,,,,,
UntN TZ 37,UntN_TZ_37_00010,a-pu-un,ap,acc,,,,
UntN TZ 37,UntN_TZ_37_00011,a-ha-an,aha,3sg.inan2,,,,
UntN TZ 37,UntN_TZ_37_00012,mu-ur-ta-ah,murta-,1sg.vb,,,,
UntN TZ 37,UntN_TZ_37_00013,hu-pi-e,hupe,,,,,
UntN TZ 37,UntN_TZ_37_00014,a-pi-me,ap,3sg.inan1,,,,
UntN TZ 37,UntN_TZ_37_00015,pi-ip-ši-ia,pepši-,adj,,,,
UntN TZ 37,UntN_TZ_37_00016,ta-at-ta-ah,tata-,1sg.vb,,,,
UntN TZ 37,UntN_TZ_37_00017,hu-ut-ta-ak-ha-li-ik,hutak.halik,,,,,
UntN TZ 37,UntN_TZ_37_00018,u2-me,u,3sg.inan1,,,,
UntN TZ 37,UntN_TZ_37_00019,li-na-pu-un,"lina, ap",acc,,,,
UntN TZ 37,UntN_TZ_37_00020,te-la-ak-ni,tela-,II,opt2,,,
UntN TZ 38,UntN_TZ_38_00001,[u2,u,,,,,
UntN TZ 38,UntN_TZ_38_00002,(m)un-taš-dingir-gal,Untash-Napirisha,,,,,
UntN TZ 38,UntN_TZ_38_00003,ša-ak,šak,,,,,
UntN TZ 38,UntN_TZ_38_00004,(md)hu-um-ban-nu-me]-na-gi,Humban-umena,1sg.an,,,,
UntN TZ 38,UntN_TZ_38_00005,zu-un-ki-ik,sunki,1sg.an,,,,
UntN TZ 38,UntN_TZ_38_00006,an-za-an,Anshan,,,,,
UntN TZ 38,UntN_TZ_38_00007,[šu-šu-un-ka,Susa,1sg.an,,,,
UntN TZ 38,UntN_TZ_38_00008,si-ia-an,sian,,,,,
UntN TZ 38,UntN_TZ_38_00009,u2-pa-at],upat,,,,,
UntN TZ 38,UntN_TZ_38_00010,hu-us-si-ip-me,husi,3pl.an,3sg.inan1,,,
UntN TZ 38,UntN_TZ_38_00011,ku-ši-ih,kuši-,1sg.vb,,,,
UntN TZ 38,UntN_TZ_38_00012,(d)ki-la-ah-šu-pi-ir,Kilah.Shupir,,,,,
UntN TZ 38,UntN_TZ_38_00013,[li-mi-in-ra,lumu-,III,3sg.an,,,
UntN TZ 38,UntN_TZ_38_00014,du-ni-ih,tuni-,1sg.an,,,,
UntN TZ 38,UntN_TZ_38_00015,hu-ut2-tak-ha-li]-ik,hutak.halik,,,,,
UntN TZ 38,UntN_TZ_38_00016,u2-me,u,3sg.inan1,,,,
UntN TZ 38,UntN_TZ_38_00017,(d)ki-la-ah-šu-pi-ir,Kilah.Shupir,,,,,
UntN TZ 38,UntN_TZ_38_00018,si-ia-an-[ku-uk-ra,Sian.kuk,3sg.an,,,,
UntN TZ 38,UntN_TZ_38_00019,li-na,lina,,,,,
UntN TZ 38,UntN_TZ_38_00020,te-la-ak-ni,tela-,II,opt2,,,
UntN TZ 38,UntN_TZ_38_00021,pi-el],pel,,,,,
UntN TZ 38,UntN_TZ_38_00022,ki-it-ti-im-ma,kiti.n,postp.loc,,,3sg.inan2,
UntN TZ 38,UntN_TZ_38_00023,na-a,nan,,,,,
UntN TZ 38,UntN_TZ_38_00024,me-lu-uk-ra,meluk,3sg.an,,,,
UntN TZ 38,UntN_TZ_38_00025,[a-ak,ak,,,,,
UntN TZ 38,UntN_TZ_38_00026,zu-un-ki-me,sunki.me,,,,3sg.inan1,
UntN TZ 38,UntN_TZ_38_00027,tu4-ur,tur,,,,,
UntN TZ 38,UntN_TZ_38_00028,hi-ih,hih,,,,,
UntN TZ 38,UntN_TZ_38_00029,si]-it-tim,sit.me,,,,3sg.inan1,
UntN TZ 38,UntN_TZ_38_00030,gi-ri-ni,giri,postp.gen2,,,,
UntN TZ 38,UntN_TZ_38_00031,in,i,3sg.inan1,,,,
UntN TZ 38,UntN_TZ_38_00032,hi-ih-ni,hi-,1sg.vb,opt2,,,
UntN TZ 39,UntN_TZ_39_00001,u2,u,,,,,
UntN TZ 39,UntN_TZ_39_00002,(m)un-t[aš]-dingir-gal,Untash-Napirisha,,,,,
UntN TZ 39,UntN_TZ_39_00003,ša-ak,šak,,,,,
UntN TZ 39,UntN_TZ_39_00004,[…],,,,,,
UntN TZ 39,UntN_TZ_39_00005,su-un-ki-i[k],sunki,1sg.an,,,,
UntN TZ 39,UntN_TZ_39_00006,an-za-an,Anshan,,,,,
UntN TZ 39,UntN_TZ_39_00007,š[u-šu-un-ka,Susa,1sg.an,,,,
UntN TZ 39,UntN_TZ_39_00008,[…],,,,,,
UntN TZ 39,UntN_TZ_39_00009,li?-ki?-ri?-en?,likri.n,,,,3sg.inan2,
UntN TZ 39,UntN_TZ_39_00010,ku-ši-ih,kuši-,1sg.vb,,,,
UntN TZ 39,UntN_TZ_39_00011,(d)[…],,,,,,
UntN TZ 39,UntN_TZ_39_00012,[h]a-li-ik,hutak.halik,,,,,
UntN TZ 39,UntN_TZ_39_00013,u2-me,u,3sg.inan1,,,,
UntN TZ 39,UntN_TZ_39_00014,e,e,,,,,
UntN TZ 39,UntN_TZ_39_00015,(d)[…,,,,,,
UntN TZ 39,UntN_TZ_39_00016,],,,,,,
UntN TZ 40,UntN_TZ_40_00001,u2,u,,,,,
UntN TZ 40,UntN_TZ_40_00002,(m)un-taš-dingir-gal,Untash-Napirisha,,,,,
UntN TZ 40,UntN_TZ_40_00003,ša-ak,šak,,,,,
UntN TZ 40,UntN_TZ_40_00004,(md)hu-um-ban-nu-me-en-na-ki,Humban-umena,1sg.an,,,,
UntN TZ 40,UntN_TZ_40_00005,su-un-ki-ik,sunki,1sg.an,,,,
UntN TZ 40,UntN_TZ_40_00006,an-za-an,Anshan,,,,,
UntN TZ 40,UntN_TZ_40_00007,šu-šu-un-ka,Susa,1sg.an,,,,
UntN TZ 40,UntN_TZ_40_00008,ki?-iz?-zu-um,kizum,,,,,
UntN TZ 40,UntN_TZ_40_00009,mu-ši-a,muši,adj,,,,
UntN TZ 40,UntN_TZ_40_00010,ap-pa,apa,,,,,
UntN TZ 40,UntN_TZ_40_00011,su-un-ki-ip,sunki,3pl.an,,,,
UntN TZ 40,UntN_TZ_40_00012,u2-ri-[pu]-up,urpu,3pl.an,,,,
UntN TZ 40,UntN_TZ_40_00013,um-me,in-,3sg.inan1,,,,
UntN TZ 40,UntN_TZ_40_00014,hu-uh-tah-ša,huhua-,3pl.vb,,,,
UntN TZ 40,UntN_TZ_40_00015,u2,u,,,,,
UntN TZ 40,UntN_TZ_40_00016,hu-uh-tah,huhta-,1sg.vb,,,,
UntN TZ 40,UntN_TZ_40_00017,ha-li-ih,hali-,1sg.vb,,,,
UntN TZ 40,UntN_TZ_40_00018,si-a-an-ku-uk,Sian.kuk,,,,,
UntN TZ 40,UntN_TZ_40_00019,[ri?]-mu-um,rimum,,,,,
UntN TZ 40,UntN_TZ_40_00020,la-am-li-e-ma,lamli,3sg.poss,postp.loc,,,
UntN TZ 40,UntN_TZ_40_00021,zu-uz-ka-tah,zuz.kata-,1sg.vb,,,,
UntN TZ 40,UntN_TZ_40_00022,(d)in-šu-uš-na-ak,Inshushinak,,,,,
UntN TZ 40,UntN_TZ_40_00023,te-ip-ti,tempti,,,,,
UntN TZ 40,UntN_TZ_40_00024,si-a-ku-uk,Sian.kuk,,,,,
UntN TZ 40,UntN_TZ_40_00025,la-ha-ak-ir-ra,laha-,II,3sg.an,,,
UntN TZ 40,UntN_TZ_40_00026,u2,u,,,,,
UntN TZ 40,UntN_TZ_40_00027,tu4-ni-ih,tuni-,1sg.vb,,,,
UntN TZ 40,UntN_TZ_40_00028,ta-ak-[me],tak.me,,,,3sg.inan1,
UntN TZ 40,UntN_TZ_40_00029,u2-me,u,3sg.inan1,,,,
UntN TZ 40,UntN_TZ_40_00030,tu4-ur,tur,,,,,
UntN TZ 40,UntN_TZ_40_00031,hi-ih,hih,,,,,
UntN TZ 40,UntN_TZ_40_00032,si-it-me,sit.me,,,,3sg.inan1,
UntN TZ 40,UntN_TZ_40_00033,u2-me,u,3sg.inan1,,,,
UntN TZ 40,UntN_TZ_40_00034,[šu]-lu-me-en-[ga],šullume-,III,1sg.an,,,
UntN TZ 40,UntN_TZ_40_00035,az-ki-it,azkit,,,,,
UntN TZ 40,UntN_TZ_40_00036,tu4-ur,tur,,,,,
UntN TZ 40,UntN_TZ_40_00037,sa-ah-ri,sah,3sg.an,,,,
UntN TZ 40,UntN_TZ_40_00038,hu-šu-ia,hušu,adj,,,,
UntN TZ 40,UntN_TZ_40_00039,in-gi,in-,1sg.an,,,,
UntN TZ 40,UntN_TZ_40_00040,hi-en-ka,hi-,III,1sg.an,,,
UntN TZ 40,UntN_TZ_40_00041,in-ti-ig-ga,in.tika,,,,,
UntN TZ 40,UntN_TZ_40_00042,[a-gi],ak,,,,,
UntN TZ 40,UntN_TZ_40_00043,hu-[ut-tah],huta-,1sg.vb,,,,
UntN TZ 40,UntN_TZ_40_00044,ha-li-ih,hali-,1sg.vb,,,,
UntN TZ 40,UntN_TZ_40_00045,(d)in-šu-uš-na-ak,Inshushinak,,,,,
UntN TZ 40,UntN_TZ_40_00046,te-ip-ti,tempti,,,,,
UntN TZ 40,UntN_TZ_40_00047,si-ia-an-ku-uk,Sian.kuk,,,,,
UntN TZ 40,UntN_TZ_40_00048,la-ha-ak-ir-ra,laha-,II,3sg.an,,,
UntN TZ 40,UntN_TZ_40_00049,[u2],u,,,,,
UntN TZ 40,UntN_TZ_40_00050,tu4-ni-ih,tuni-,1sg.vb,,,,
UntN TZ 40,UntN_TZ_40_00051,hu-ut-tak-ha-li-ik,hutak.halik,,,,II,
UntN TZ 40,UntN_TZ_40_00052,u2-me,u,3sg.inan1,,,,
UntN TZ 40,UntN_TZ_40_00053,(d)in-šu-uš-na-ak,Inshushinak,,,,,
UntN TZ 40,UntN_TZ_40_00054,te-ip-ti,tempti,,,,,
UntN TZ 40,UntN_TZ_40_00055,[si]-ia-an-ku-uk,Sian.kuk,,,,,
UntN TZ 40,UntN_TZ_40_00056,la-ha-ak-ir-ra,laha-,II,3sg.an,,,
UntN TZ 40,UntN_TZ_40_00057,u2,u,,,,,
UntN TZ 40,UntN_TZ_40_00058,li-na,lina,,,,,
UntN TZ 40,UntN_TZ_40_00059,te-la-ak-li,tela-,II,opt3,,,
UntN TZ 41,UntN_TZ_41_00001,[…]-a,,,,,,
UntN TZ 41,UntN_TZ_41_00002,zu-u[n-ki-ip],sunki,3pl.an,,,,
UntN TZ 41,UntN_TZ_41_00003,[u2-r]i-pu-up,urpu,3pl.an,,,,
UntN TZ 41,UntN_TZ_41_00004,um-me,in-,3sg.inan1,,,,
UntN TZ 41,UntN_TZ_41_00005,hu-uh-[tah-ša],huhta-,3pl.vb,,,,
UntN TZ 41,UntN_TZ_41_00006,[u2,u,,,,,
UntN TZ 41,UntN_TZ_41_00007,hu]-uh-tah,huhta-,1sg.vb,,,,
UntN TZ 41,UntN_TZ_41_00008,ha-li-[ih,hali-,1sg.vb,,,,
UntN TZ 41,UntN_TZ_41_00009,si-a-an-ku-uk],Sian.kuk,,,,,
UntN TZ 41,UntN_TZ_41_00010,[ri?-im?]-mu-u[m,rimum,,,,,
UntN TZ 41,UntN_TZ_41_00011,la-am]-li-[e-ma,lamli,3sg.poss,postp.loc,,,
UntN TZ 41,UntN_TZ_41_00012,su-us-ka-ta]h,zuz.kata-,1sg.vb,,,,
UntN TZ 41,UntN_TZ_41_00013,(d)in-šu-[uš]-na-ak,Inshushinak,,,,,
UntN TZ 41,UntN_TZ_41_00014,te-ip-[ti],tempti,,,,,
UntN TZ 41,UntN_TZ_41_00015,si-ia-an-ku-[uk],Sian.kuk,,,,,
UntN TZ 41,UntN_TZ_41_00016,la-[ha]-ak-[ir]-ra,laha-,II,3sg.an,,,
UntN TZ 41,UntN_TZ_41_00017,tu4-ni-ih,tuni-,1sg.vb,,,,
UntN TZ 41,UntN_TZ_41_00018,ta-[ak]-me,tak.me,,,,3sg.inan1,
UntN TZ 41,UntN_TZ_41_00019,u2-me,u,3sg.inan1,,,,
UntN TZ 41,UntN_TZ_41_00020,tu4-[ur],tur,,,,,
UntN TZ 41,UntN_TZ_41_00021,[hi-ih,hih,,,,,
UntN TZ 41,UntN_TZ_41_00022,si-it-me],sit.me,,,,3sg.inan1,
UntN TZ 41,UntN_TZ_41_00023,u2-[me,u,3sg.inan1,,,,
UntN TZ 41,UntN_TZ_41_00024,in]-ti-ig-[ga],in.tika,,,,,
UntN TZ 41,UntN_TZ_41_00025,a-gi,ak,,,,,
UntN TZ 41,UntN_TZ_41_00026,[az-ki-it,azkit,,,,,
UntN TZ 41,UntN_TZ_41_00027,tu4-ur,tur,,,,,
UntN TZ 41,UntN_TZ_41_00028,sah]-ri,sah,3sg.an,,,,
UntN TZ 41,UntN_TZ_41_00029,[hu]-šu-ia,hušu,adj,,,,
UntN TZ 41,UntN_TZ_41_00030,in-gi,in-,1sg.an,,,,
UntN TZ 41,UntN_TZ_41_00031,hi-[en-g]a,hi-,III,1sg.an,,,
UntN TZ 41,UntN_TZ_41_00032,in-ti-[ig]-ga,in.tika,,,,,
UntN TZ 41,UntN_TZ_41_00033,[hu]-ut2-tah,huta-,1sg.vb,,,,
UntN TZ 41,UntN_TZ_41_00034,ha-li-ih,hali-,1sg.vb,,,,
UntN TZ 41,UntN_TZ_41_00035,(d)in-šu-uš-n[a-ak],Inshushinak,,,,,
UntN TZ 41,UntN_TZ_41_00036,[t]e-ip-ti,tempti,,,,,
UntN TZ 41,UntN_TZ_41_00037,si-ia-an-ku-uk-ra,Sian.kuk,3sg.an,,,,
UntN TZ 41,UntN_TZ_41_00038,[la-ha-ak-ir-ra],laha-,II,3sg.an,,,
UntN TZ 41,UntN_TZ_41_00039,u2,u,,,,,
UntN TZ 41,UntN_TZ_41_00040,du-ni-[ih,tuni-,1sg.vb,,,,
UntN TZ 41,UntN_TZ_41_00041,hu-ut2-tak-ha]-li-[ik,hutak.halik,,,,,
UntN TZ 41,UntN_TZ_41_00042,u2-me,u,3sg.inan1,,,,
UntN TZ 41,UntN_TZ_41_00043,dingir-gal],Napirisha,,,,,
UntN TZ 41,UntN_TZ_41_00044,(d)in-šu-uš-n[a-ak,Inshushinak,,,,,
UntN TZ 41,UntN_TZ_41_00045,te-ip-ti],tempti,,,,,
UntN TZ 41,UntN_TZ_41_00046,[si-i-an]-ku-uk,Sian.kuk,,,,,
UntN TZ 41,UntN_TZ_41_00047,[la-ha-ak-ir-ra,laha-,II,3sg.an,,,
UntN TZ 41,UntN_TZ_41_00048,li-na,lin,,,,,
UntN TZ 41,UntN_TZ_41_00049,t]e-la-[ak]-li,tela-,II,opt3,,,
UntN TZ 42,UntN_TZ_42_00001,u2,u,,,,,
UntN TZ 42,UntN_TZ_42_00002,(m)un-taš-dingir-gal,Untash-Napirisha,,,,,
UntN TZ 42,UntN_TZ_42_00003,ša-ak,šak,,,,,
UntN TZ 42,UntN_TZ_42_00004,(md)hu-um-ban-um-me-en-na-ki,Humban-umena,1sg.an,,,,
UntN TZ 42,UntN_TZ_42_00005,su-un-ki-ik,sunki,1sg.an,,,,
UntN TZ 42,UntN_TZ_42_00006,an-za-an,Anshan,,,,,
UntN TZ 42,UntN_TZ_42_00007,šu-šu-un-ka,Susa,1sg.an,,,,
UntN TZ 42,UntN_TZ_42_00008,[ki?]-zu-um,kizum,,,,,
UntN TZ 42,UntN_TZ_42_00009,mu-ši-a,muši,adj,,,,
UntN TZ 42,UntN_TZ_42_00010,ap-pa,apa,,,,,
UntN TZ 42,UntN_TZ_42_00011,su-un-ki-ip,sunki,3pl.an,,,,
UntN TZ 42,UntN_TZ_42_00012,u2-ri-pu-pi,urpu,3pl.an,,,,
UntN TZ 42,UntN_TZ_42_00013,um-me,in-,3sg.inan1,,,,
UntN TZ 42,UntN_TZ_42_00014,hu-uh-tah-ša,huhta-,3pl.vb,,,,
UntN TZ 42,UntN_TZ_42_00015,u2,u,,,,,
UntN TZ 42,UntN_TZ_42_00016,hu-uh-tah,huhta-,1sg.vb,,,,
UntN TZ 42,UntN_TZ_42_00017,ha-li-ih,hali-,1sg.vb,,,,
UntN TZ 42,UntN_TZ_42_00018,si-a-an-ku-uk,Sian.kuk,,,,,
UntN TZ 42,UntN_TZ_42_00019,ri?-im?-um,rimum,,,,,
UntN TZ 42,UntN_TZ_42_00020,la-am-li-e-ma,lamli,3sg.poss,postp.loc,,,
UntN TZ 42,UntN_TZ_42_00021,su-us-ka-tah,zuz.kata-,1sg.an,,,,
UntN TZ 42,UntN_TZ_42_00022,(d)in-šu-uš-na-ak,Inshushinak,,,,,
UntN TZ 42,UntN_TZ_42_00023,te-ip-ti,tempti,,,,,
UntN TZ 42,UntN_TZ_42_00024,si-a-ku-uk,Sian.kuk,,,,,
UntN TZ 42,UntN_TZ_42_00025,la-ha-ak-ir-ra,laha-,II,3sg.an,,,
UntN TZ 42,UntN_TZ_42_00026,ia,i,,,,,
UntN TZ 42,UntN_TZ_42_00027,tu4-ni-ih,tuni-,1sg.vb,,,,
UntN TZ 42,UntN_TZ_42_00028,ta-ak-me,tak.me,,,,3sg.inan1,
UntN TZ 42,UntN_TZ_42_00029,u2-me,u,3sg.inan1,,,,
UntN TZ 42,UntN_TZ_42_00030,tu4-ur,tur,,,,,
UntN TZ 42,UntN_TZ_42_00031,[hi]-ih,hih,,,,,
UntN TZ 42,UntN_TZ_42_00032,si-it-me,sit.me,,,,3sg.inan1,
UntN TZ 42,UntN_TZ_42_00033,u2-me,u,3sg.inan1,,,,
UntN TZ 42,UntN_TZ_42_00034,šu-lu-me-en-[ka],šullume-,III,1sg.an,,,
UntN TZ 42,UntN_TZ_42_00035,az-ki-it,azkit,,,,,
UntN TZ 42,UntN_TZ_42_00036,tu4-ur,tur,,,,,
UntN TZ 42,UntN_TZ_42_00037,sa-ah-[ri],sah,3sg.an,,,,
UntN TZ 42,UntN_TZ_42_00038,hu-šu-ia,hušu,adj,,,,
UntN TZ 42,UntN_TZ_42_00039,in-gi,in-,1sg.an,,,,
UntN TZ 42,UntN_TZ_42_00040,hi-en-ka,hi-,III,1sg.an,,,
UntN TZ 42,UntN_TZ_42_00041,in-ti-ik-[ka],in.tika,,,,,
UntN TZ 42,UntN_TZ_42_00042,hu-ut2-tah-ha-li-ih,"huta-, hali-",1sg.vb,,,,
UntN TZ 42,UntN_TZ_42_00043,(d)in-šu-uš-na-ak,Inshushinak,,,,,
UntN TZ 42,UntN_TZ_42_00044,[te-ip]-ti,tempti,,,,,
UntN TZ 42,UntN_TZ_42_00045,si-ia-an-ku-uk,Sian.kuk,,,,,
UntN TZ 42,UntN_TZ_42_00046,la-ha-ak-ir-ra,laha-,II,3sg.an,,,
UntN TZ 42,UntN_TZ_42_00047,[i],i,,,,,
UntN TZ 42,UntN_TZ_42_00048,tu4-ni-ih,tuni-,1sg.vb,,,,
UntN TZ 42,UntN_TZ_42_00049,[hu]-ut2-tak-ha-li-ik,hutak.halik,,,,II,
UntN TZ 42,UntN_TZ_42_00050,u2-me,u,3sg.inan1,,,,
UntN TZ 42,UntN_TZ_42_00051,[dingir-gal],Napirisha,,,,,
UntN TZ 42,UntN_TZ_42_00052,(d)in-šu-uš-na-ak,Inshushinak,,,,,
UntN TZ 42,UntN_TZ_42_00053,te-ip-ti,tempti,,,,,
UntN TZ 42,UntN_TZ_42_00054,si-a-an-ku-uk,Sian.kuk,,,,,
UntN TZ 42,UntN_TZ_42_00055,la-ha-ak-ir-ra,laha-,II,3sg.an,,,
UntN TZ 42,UntN_TZ_42_00056,u2,u,,,,,
UntN TZ 42,UntN_TZ_42_00057,li-na,lina,,,,,
UntN TZ 42,UntN_TZ_42_00058,te-la-ak-ni,tela-,II,opt2,,,
UntN TZ 43,UntN_TZ_43_00001,u2,u,,,,,
UntN TZ 43,UntN_TZ_43_00002,(m)un-taš-dingir-gal,Untash-Napirisha,,,,,
UntN TZ 43,UntN_TZ_43_00003,ša-ak,šak,,,,,
UntN TZ 43,UntN_TZ_43_00004,(md)hu-um-ban-nu-me-na-ki,Humban-umena,1sg.an,,,,
UntN TZ 43,UntN_TZ_43_00005,zu-un-ki-ik,sunki,1sg.an,,,,
UntN TZ 43,UntN_TZ_43_00006,an-za-an,Anshan,,,,,
UntN TZ 43,UntN_TZ_43_00007,šu-šu-un-ka,Susa,1sg.an,,,,
UntN TZ 43,UntN_TZ_43_00008,zu-un-ki-ip,sunki,3pl.an,,,,
UntN TZ 43,UntN_TZ_43_00009,u2-ri-pu-pi,urpu,3pl.an,,,,
UntN TZ 43,UntN_TZ_43_00010,si-ia-an,sian,,,,,
UntN TZ 43,UntN_TZ_43_00011,dingir-gal,Napirisha,,,,,
UntN TZ 43,UntN_TZ_43_00012,im-me,in-,3sg.inan1,,,,
UntN TZ 43,UntN_TZ_43_00013,ku-ši-ih-ši-ma,kuši-,1sg.vb,postp.loc,,,
UntN TZ 43,UntN_TZ_43_00014,u2,u,,,,,
UntN TZ 43,UntN_TZ_43_00015,ku-ši-ih,kuši-,1sg.vb,,,,
UntN TZ 43,UntN_TZ_43_00016,pu-uh-x-x,,,,,,
UntN TZ 43,UntN_TZ_43_00017,x-x,,,,,,
UntN TZ 43,UntN_TZ_43_00018,mu-ši-a,muši,adj,,,,
UntN TZ 43,UntN_TZ_43_00019,[hu]-uh-tah,huhta-,1sg.vb,,,,
UntN TZ 43,UntN_TZ_43_00020,ap-pa,apa,,,,,
UntN TZ 43,UntN_TZ_43_00021,u2,u,,,,,
UntN TZ 43,UntN_TZ_43_00022,tu4-ni-ih,tuni-,1sg.vb,,,,
UntN TZ 43,UntN_TZ_43_00023,hu-ut-tak-ha-li-ik,hutak.halik,,,,,
UntN TZ 43,UntN_TZ_43_00024,u2-me,u,3sg.inan1,,,,
UntN TZ 43,UntN_TZ_43_00025,dingir-gal,Napirisha,,,,,
UntN TZ 43,UntN_TZ_43_00026,(d)in-šu-uš-na-ak,Inshushinak,,,,,
UntN TZ 43,UntN_TZ_43_00027,si-ia-an-ku-uk-ra,Sian.kuk,3sg.an,,,,
UntN TZ 43,UntN_TZ_43_00028,li-na,lina,,,,,
UntN TZ 43,UntN_TZ_43_00029,te-la-ak-ni,tela-,II,opt2,,,
UntN TZ 44,UntN_TZ_44_00001,u2,u,,,,,
UntN TZ 44,UntN_TZ_44_00002,(m)un-taš-dingir-gal,Untash-Napirisha,,,,,
UntN TZ 44,UntN_TZ_44_00003,li-gi-e,like,,,,,
UntN TZ 44,UntN_TZ_44_00004,mu-ši-it-ta,muši,3sg.inan3,,,,
UntN TZ 44,UntN_TZ_44_00005,hu-uh-tah,huhta-,1sg.vb,,,,
UntN TZ 44,UntN_TZ_44_00006,(d)iš-ni-ka-ra-ab,Ishnikarab,,,,,
UntN TZ 44,UntN_TZ_44_00007,si-ia-an-ku-uk-ra,Sian.kuk,3sg.an,,,,
UntN TZ 44,UntN_TZ_44_00008,id,i,3sg.inan2,,,,
UntN TZ 44,UntN_TZ_44_00009,du-ni-ih,tuni-,3sg.vb,,,,
UntN TZ 44,UntN_TZ_44_00010,(d)in-šu-ši-na-ak,Inshushinak,,,,,
UntN TZ 44,UntN_TZ_44_00011,lu-be-en,lupe-,III,,,,
UntN TZ 44,UntN_TZ_44_00012,li-e,lina?,3sg.poss,,,,
UntN TZ 44,UntN_TZ_44_00013,li-en-ra,li-,III,3sg.an,,,
UntN TZ 44,UntN_TZ_44_00014,[ur(?),u,3sg.an,,,,
UntN TZ 44,UntN_TZ_44_00015,in(?)],i,3sg.inan2,,,,
UntN TZ 44,UntN_TZ_44_00016,tu4-ru-uš-ni-e,turu-,3sg.vb,opt2,3sg.poss,,
UntN TZ 45,UntN_TZ_45_00001,u2,u,,,,,
UntN TZ 45,UntN_TZ_45_00002,(m)un-taš-dingir-gal,Untash-Napirisha,,,,,
UntN TZ 45,UntN_TZ_45_00003,ša-ak,šak,,,,,
UntN TZ 45,UntN_TZ_45_00004,(md)hu-um-ban-nu-me-en-na-ki,Humban-umena,1sg.an,,,,
UntN TZ 45,UntN_TZ_45_00005,su-un-ki-ik,sunki,1sg.an,,,,
UntN TZ 45,UntN_TZ_45_00006,an-za-an,Anshan,,,,,
UntN TZ 45,UntN_TZ_45_00007,šu-šu-un-ka,Susa,1sg.an,,,,
UntN TZ 45,UntN_TZ_45_00008,(husa)tukul-har-sag,TUKUL.HAR.SAG,,,,,
UntN TZ 45,UntN_TZ_45_00009,la-an-si-ti-ih,lansiti-,1sg.vb,,,,
UntN TZ 45,UntN_TZ_45_00010,hu-lu-uh,hulu-,1sg.vb,,,,
UntN TZ 45,UntN_TZ_45_00011,(d)pa-tug2,PA.TUG2,,,,,
UntN TZ 45,UntN_TZ_45_00012,si-a-an-ku-uk-ra,Sian.kuk,3sg.an,,,,
UntN TZ 45,UntN_TZ_45_00013,i,i,,,,,
UntN TZ 45,UntN_TZ_45_00014,tu4-ni-ih,tuni-,1sg.vb,,,,
UntN TZ 46,UntN_TZ_46_00001,u2,u,,,,,
UntN TZ 46,UntN_TZ_46_00002,(m)un-taš-dingir-gal,Untash-Napirisha,,,,,
UntN TZ 47,UntN_TZ_47_00001,u2,u,,,,,
UntN TZ 47,UntN_TZ_47_00002,(m)un-taš-dingir-gal,Untash-Napirisha,,,,,
UntN TZ 47,UntN_TZ_47_00003,ša-ak,šak,,,,,
UntN TZ 47,UntN_TZ_47_00004,(md)hu-um-ban-nu-me-na-gi,Humban-umena,1sg.an,,,,
UntN TZ 47,UntN_TZ_47_00005,zu-un-ki-ik,sunki,1sg.an,,,,
UntN TZ 47,UntN_TZ_47_00006,an-za-an,Anshan,,,,,
UntN TZ 47,UntN_TZ_47_00007,šu-šu-un-ka,Susa,1sg.an,,,,
UntN TZ 47,UntN_TZ_47_00008,si-ia-an,sian,,,,,
UntN TZ 47,UntN_TZ_47_00009,(d)na-ap-ra-te-ip-me,Napratep,3sg.inan1,,,,
UntN TZ 47,UntN_TZ_47_00010,u2-pa-at,upat,,,,,
UntN TZ 47,UntN_TZ_47_00011,hu-us-si-ip-me,husi,3pl.an,3sg.inan1,,,
UntN TZ 47,UntN_TZ_47_00012,ku-ši-ih,kuši-,1sg.vb,,,,
UntN TZ 48,UntN_TZ_48_00001,[…],,,,,,
UntN TZ 48,UntN_TZ_48_00002,ka,,,,,,
UntN TZ 48,UntN_TZ_48_00003,[…],,,,,,
UntN TZ 48,UntN_TZ_48_00004,ni,,,,,,
UntN TZ 48,UntN_TZ_48_00005,ap-pa,apa,,,,,
UntN TZ 48,UntN_TZ_48_00006,ar,,,,,,
UntN TZ 48,UntN_TZ_48_00007,[…],,,,,,
UntN TZ 48,UntN_TZ_48_00008,ša,,,,,,
UntN TZ 48,UntN_TZ_48_00009,a-pi,ap,,,,,
UntN TZ 48,UntN_TZ_48_00010,mu,,,,,,
UntN TZ 48,UntN_TZ_48_00011,[…],,,,,,
UntN TZ 48,UntN_TZ_48_00012,a,,,,,,
UntN TZ 48,UntN_TZ_48_00013,na,,,,,,
UntN TZ 48,UntN_TZ_48_00014,ri,,,,,,
UntN TZ 48,UntN_TZ_48_00015,ki,,,,,,
UntN TZ 48,UntN_TZ_48_00016,[…],,,,,,
UntN TZ 48,UntN_TZ_48_00017,x-pa-lu,,,,,,
UntN TZ 48,UntN_TZ_48_00018,(m)ki-,,,,,,
UntN TZ 48,UntN_TZ_48_00019,[…],,,,,,
UntN TZ/S 1,UntN_TZ/S_1_00001,u3,u,,,,,
UntN TZ/S 1,UntN_TZ/S_1_00002,(m)un-taš-dingir-gal,Untash-Napirisha,,,,,
UntN TZ/S 1,UntN_TZ/S_1_00003,ša-ak,šak,,,,,
UntN TZ/S 1,UntN_TZ/S_1_00004,(md)hu-um-ban-nu-me-na-ki,Humban-umena,1sg.an,,,,
UntN TZ/S 1,UntN_TZ/S_1_00005,su-un-ki-ik,sunki,1sg.an,,,,
UntN TZ/S 1,UntN_TZ/S_1_00006,an-za-an,Anshan,,,,,
UntN TZ/S 1,UntN_TZ/S_1_00007,šu-šu-un-ka,Susa,1sg.an,,,,
UntN TZ/S 1,UntN_TZ/S_1_00008,ta-ak-me,tak.me,,,,3sg.inan1,
UntN TZ/S 1,UntN_TZ/S_1_00009,u2-me,u,3sg.inan1,,,,
UntN TZ/S 1,UntN_TZ/S_1_00010,tu4-ur,tur,,,,,
UntN TZ/S 1,UntN_TZ/S_1_00011,hi-ih,hih,,,,,
UntN TZ/S 1,UntN_TZ/S_1_00012,si-it-me,sit.me,,,,3sg.inan1,
UntN TZ/S 1,UntN_TZ/S_1_00013,u2-me,u,3sg.inan1,,,,
UntN TZ/S 1,UntN_TZ/S_1_00014,šu-ul-lu-me-ga,šullume-,II,,,,
UntN TZ/S 1,UntN_TZ/S_1_00015,az-ki-it,azkit,,,,,
UntN TZ/S 1,UntN_TZ/S_1_00016,tu4-ur,tur,,,,,
UntN TZ/S 1,UntN_TZ/S_1_00017,sah-ri,sah,3sg.an,,,,
UntN TZ/S 1,UntN_TZ/S_1_00018,hu-šu-ia,hušu,adj,,,,
UntN TZ/S 1,UntN_TZ/S_1_00019,in-gi,in-,,,,,
UntN TZ/S 1,UntN_TZ/S_1_00020,hi-en-ka,hi-,III,1sg.an,,,
UntN TZ/S 1,UntN_TZ/S_1_00021,in-di-ig-ga,in.tika,,,,,
UntN TZ/S 1,UntN_TZ/S_1_00022,a-gi,ak,,,,,
UntN TZ/S 1,UntN_TZ/S_1_00023,si-ia-an,sian,,,,,
UntN TZ/S 1,UntN_TZ/S_1_00024,u2-pa-at,upat,,,,,
UntN TZ/S 1,UntN_TZ/S_1_00025,hu-us-si-ip-me,husi,3pl.an,3sg.inan1,,,
UntN TZ/S 1,UntN_TZ/S_1_00026,ku-ku-un-nu-um,kukunum,,,,,
UntN TZ/S 1,UntN_TZ/S_1_00027,up-kum-mi-ia,upkum,adj,,,,
UntN TZ/S 1,UntN_TZ/S_1_00028,ku-ši-ih,kuši-,1sg.vb,,,,
UntN TZ/S 1,UntN_TZ/S_1_00029,(d)in-šu-uš-na-ak,Inshushinak,,,,,
UntN TZ/S 1,UntN_TZ/S_1_00030,si-ia-an-ku-uk-ra,Sian.kuk,3sg.an,,,,
UntN TZ/S 1,UntN_TZ/S_1_00031,in,i,3sg.inan2,,,,
UntN TZ/S 1,UntN_TZ/S_1_00032,du-ni-ih,tuni-,1sg.vb,,,,
UntN TZ/S 1,UntN_TZ/S_1_00033,u2,u,,,,,
UntN TZ/S 1,UntN_TZ/S_1_00034,zig-ra-tu4-me,zagratum,,,,3sg.inan1,
UntN TZ/S 1,UntN_TZ/S_1_00035,ki-ik-ki-te-eh,kiki.te-,1sg.vb,,,,
UntN TZ/S 1,UntN_TZ/S_1_00036,hu-ut-tak-ha-li-ik,hutak.halik,,,,,
UntN TZ/S 1,UntN_TZ/S_1_00037,u2-me,u,3sg.inan1,,,,
UntN TZ/S 1,UntN_TZ/S_1_00038,(d)in-šu-uš-na-ak,Inshushinak,,,,,
UntN TZ/S 1,UntN_TZ/S_1_00039,ul-li-na,lina,,,,,
UntN TZ/S 1,UntN_TZ/S_1_00040,te-la-ak-ni,tela-,II,opt2,,,
UntN TZ/S 2,UntN_TZ/S_2_00001,u2,u,,,,,
UntN TZ/S 2,UntN_TZ/S_2_00002,(m)un-taš-dingir-gal,Untash-Napirisha,,,,,
UntN TZ/S 2,UntN_TZ/S_2_00003,ša-ak,šak,,,,,
UntN TZ/S 2,UntN_TZ/S_2_00004,(md)hu-um-ban-nu-me-na-ki,Humban-umena,1sg.an,,,,
UntN TZ/S 2,UntN_TZ/S_2_00005,su-un-ki-ik,sunki,1sg.an,,,,
UntN TZ/S 2,UntN_TZ/S_2_00006,an-za-an,Anshan,,,,,
UntN TZ/S 2,UntN_TZ/S_2_00007,šu-šu-un-ka,Susa,1sg.an,,,,
UntN TZ/S 2,UntN_TZ/S_2_00008,a-aš2-ta2,aštam,,,,,
UntN TZ/S 2,UntN_TZ/S_2_00009,ku-ši-ih,kuši-,1sg.vb,,,,
UntN TZ/S 2,UntN_TZ/S_2_00010,(d)pi-ni-gir3,Pinikir,,,,,
UntN TZ/S 2,UntN_TZ/S_2_00011,in,i,3sg.inan2,,,,
UntN TZ/S 2,UntN_TZ/S_2_00012,tu4-ni-ih,tuni-,1sg.vb,,,,
UntN TZ/S 3,UntN_TZ/S_3_00001,u2,u,,,,,
UntN TZ/S 3,UntN_TZ/S_3_00002,(m)un-taš-dingir-gal,Untash-Napirisha,,,,,
UntN TZ/S 3,UntN_TZ/S_3_00003,ša-ak,šak,,,,,
UntN TZ/S 3,UntN_TZ/S_3_00004,(md)hu-um-ban-nu-me-na-ki,Humban-umena,1sg.an,,,,
UntN TZ/S 3,UntN_TZ/S_3_00005,su-un-ki-ik,sunki,1sg.an,,,,
UntN TZ/S 3,UntN_TZ/S_3_00006,an-za-an,Anshan,,,,,
UntN TZ/S 3,UntN_TZ/S_3_00007,šu-šu-un-ka,Susa,1sg.an,,,,
UntN TZ/S 3,UntN_TZ/S_3_00008,si-ia-an,sian,,,,,
UntN TZ/S 3,UntN_TZ/S_3_00009,(d)im,IM,,,,,
UntN TZ/S 3,UntN_TZ/S_3_00010,a-ak,ak,,,,,
UntN TZ/S 3,UntN_TZ/S_3_00011,(d)ša-la-me,Shala,3sg.inan1,,,,
UntN TZ/S 3,UntN_TZ/S_3_00012,u2-pa-at,upat,,,,,
UntN TZ/S 3,UntN_TZ/S_3_00013,hu-us-si-ip-me,husi,3pl.an,3sg.inan1,,,
UntN TZ/S 3,UntN_TZ/S_3_00014,ku-ši-ih,kuši-,1sg.vb,,,,
UntN TZ/S 3,UntN_TZ/S_3_00015,(d)im,IM,,,,,
UntN TZ/S 3,UntN_TZ/S_3_00016,a-ak,ak,,,,,
UntN TZ/S 3,UntN_TZ/S_3_00017,(d)ša-la,Shala,,,,,
UntN TZ/S 3,UntN_TZ/S_3_00018,la-an-si-ti-ip-pa,lansiti,3pl.an,,,,
UntN TZ/S 3,UntN_TZ/S_3_00019,a-pu-un,ap,acc,,,,
UntN TZ/S 3,UntN_TZ/S_3_00020,a-ha-an,aha,3sg.inan2,,,,
UntN TZ/S 3,UntN_TZ/S_3_00021,mu-ur-tah,mur.ta-,1sg.vb,,,,
UntN TZ/S 3,UntN_TZ/S_3_00022,hu-ut-tak-ha-li-ik,hutak.halik,,,,II,
UntN TZ/S 3,UntN_TZ/S_3_00023,u2-me,u,3sg.inan1,,,,
UntN TZ/S 3,UntN_TZ/S_3_00024,(d)im,IM,,,,,
UntN TZ/S 3,UntN_TZ/S_3_00025,a-ak,ak,,,,,
UntN TZ/S 3,UntN_TZ/S_3_00026,(d)ša-la,Shala,,,,,
UntN TZ/S 3,UntN_TZ/S_3_00027,si-ia-an-ku-uk-pa,Sian.kuk,3pl.an,,,,
UntN TZ/S 3,UntN_TZ/S_3_00028,li-na,lina,,,,,
UntN TZ/S 3,UntN_TZ/S_3_00029,te-la-ak-ni,tela-,II,opt2,,,
UntN TZ/S 4,UntN_TZ/S_4_00001,u2,u,,,,,
UntN TZ/S 4,UntN_TZ/S_4_00002,(m)un-taš-dingir-gal,Untash-Napirisha,,,,,
UntN TZ/S 4,UntN_TZ/S_4_00003,ša-ak,šak,,,,,
UntN TZ/S 4,UntN_TZ/S_4_00004,(md)hu-um-ban-nu-me-na-ki,Humban-umena,1sg.an,,,,
UntN TZ/S 4,UntN_TZ/S_4_00005,su-un-ki-ik,sunki,1sg.an,,,,
UntN TZ/S 4,UntN_TZ/S_4_00006,an-za-an,Anshan,,,,,
UntN TZ/S 4,UntN_TZ/S_4_00007,šu-šu-un-ka,Susa,1sg.an,,,,
UntN TZ/S 4,UntN_TZ/S_4_00008,si-ia-an,sian,,,,,
UntN TZ/S 4,UntN_TZ/S_4_00009,(d)ši-mut,Shimut,,,,,
UntN TZ/S 4,UntN_TZ/S_4_00010,a-ak,ak,,,,,
UntN TZ/S 4,UntN_TZ/S_4_00011,(d)nin-a-li-me,NIN.A.LI (?),3sg.inan1,,,,
UntN TZ/S 4,UntN_TZ/S_4_00012,u2-pa-at,upat,,,,,
UntN TZ/S 4,UntN_TZ/S_4_00013,hu-us-si-ip-me,husi,3pl.an,3sg.inan1,,,
UntN TZ/S 4,UntN_TZ/S_4_00014,ku-ši-ih,kuši-,1sg.vb,,,,
UntN TZ/S 4,UntN_TZ/S_4_00015,(d)ši-mut,Shimut,,,,,
UntN TZ/S 4,UntN_TZ/S_4_00016,a-ak,ak,,,,,
UntN TZ/S 4,UntN_TZ/S_4_00017,(d)nin-a-li,NIN.A.LI (?),,,,,
UntN TZ/S 4,UntN_TZ/S_4_00018,la-an-si-ti-ip-pa,lansiti,3pl.an,,,,
UntN TZ/S 4,UntN_TZ/S_4_00019,a-pu-un,ap,acc,,,,
UntN TZ/S 4,UntN_TZ/S_4_00020,a-ha-an,aha,3sg.inan2,,,,
UntN TZ/S 4,UntN_TZ/S_4_00021,mu-ur-tah,mur.ta-,1sg.vb,,,,
UntN TZ/S 4,UntN_TZ/S_4_00022,hu-ut-tak-ha-li-ik,hutak.halik,,,,II,
UntN TZ/S 4,UntN_TZ/S_4_00023,u2-me,u,3sg.inan1,,,,
UntN TZ/S 4,UntN_TZ/S_4_00024,(d)ši-mut,Shimut,,,,,
UntN TZ/S 4,UntN_TZ/S_4_00025,a-ak,ak,,,,,
UntN TZ/S 4,UntN_TZ/S_4_00026,(d)nin-a-li,NIN.A.LI (?),,,,,
UntN TZ/S 4,UntN_TZ/S_4_00027,si-ia-an-ku-uk-pa,Sian.kuk,3pl.an,,,,
UntN TZ/S 4,UntN_TZ/S_4_00028,li-na,lina,,,,,
UntN TZ/S 4,UntN_TZ/S_4_00029,te-la-ak-ni,tela-,II,opt2,,,
UntN TZ/S 5,UntN_TZ/S_5_00001,u2,u,,,,,
UntN TZ/S 5,UntN_TZ/S_5_00002,(m)un-taš-dingir-gal,Untash-Napirisha,,,,,
UntN TZ/S 5,UntN_TZ/S_5_00003,ša-ak,šak,,,,,
UntN TZ/S 5,UntN_TZ/S_5_00004,(md)hu-um-ban-nu-me-na-gi,Humban-umena,1sg.an,,,,
UntN TZ/S 5,UntN_TZ/S_5_00005,su-un-ki-ik,sunki,1sg.an,,,,
UntN TZ/S 5,UntN_TZ/S_5_00006,an-za-an,Anshan,,,,,
UntN TZ/S 5,UntN_TZ/S_5_00007,šu-šu-un-ka,Susa,1sg.an,,,,
UntN TZ/S 5,UntN_TZ/S_5_00008,si-ia-an,sian,,,,,
UntN TZ/S 5,UntN_TZ/S_5_00009,(d)na-ap-ra-te-ip-me,Napratep,3sg.inan1,,,,
UntN TZ/S 5,UntN_TZ/S_5_00010,u2-pa-at,upat,,,,,
UntN TZ/S 5,UntN_TZ/S_5_00011,hu-us-si-ip-me,husi,3pl.an,3sg.inan1,,,
UntN TZ/S 5,UntN_TZ/S_5_00012,ku-ši-ih,kuši-,1sg.vb,,,,
UntN TZ/S 5,UntN_TZ/S_5_00013,(d)na-ap-ra-te-ip,Napratep,,,,,
UntN TZ/S 5,UntN_TZ/S_5_00014,la-an-si-ti-pa,lansiti,3pl.an,,,,
UntN TZ/S 5,UntN_TZ/S_5_00015,a-pu-un,ap,acc,,,,
UntN TZ/S 5,UntN_TZ/S_5_00016,a-ha-an,aha,3sg.inan2,,,,
UntN TZ/S 5,UntN_TZ/S_5_00017,mu-ur-tah,mur.ta-,1sg.vb,,,,
UntN TZ/S 5,UntN_TZ/S_5_00018,hu-ut-tak-ha-li-ik,hutak.halik,,,,II,
UntN TZ/S 5,UntN_TZ/S_5_00019,u2-me,u,3sg.inan1,,,,
UntN TZ/S 5,UntN_TZ/S_5_00020,(d)na-ap-ra-te-ip,Napratep,,,,,
UntN TZ/S 5,UntN_TZ/S_5_00021,si-ia-an-ku-uk-pa,Sian.kuk,3pl.an,,,,
UntN TZ/S 5,UntN_TZ/S_5_00022,ul-li-na,lin,,,,,
UntN TZ/S 5,UntN_TZ/S_5_00023,te-la-ak-ni,tela-,II,opt2,,,
UntN TZ/S 6,UntN_TZ/S_6_00001,u2,u,,,,,
UntN TZ/S 6,UntN_TZ/S_6_00002,(m)un-taš-dingir-gal,Untash-Napirisha,,,,,
UntN TZ/S 6,UntN_TZ/S_6_00003,ša-ak,šak,,,,,
UntN TZ/S 6,UntN_TZ/S_6_00004,(md)hu-um-ban-nu-me-na-gi,Humban-umena,1sg.an,,,,
UntN TZ/S 6,UntN_TZ/S_6_00005,su-un-ki-ik,sunki,1sg.an,,,,
UntN TZ/S 6,UntN_TZ/S_6_00006,an-za-an,Anshan,,,,,
UntN TZ/S 6,UntN_TZ/S_6_00007,šu-šu-un-ka,Susa,1sg.an,,,,
UntN TZ/S 6,UntN_TZ/S_6_00008,si-ia-an,sian,,,,,
UntN TZ/S 6,UntN_TZ/S_6_00009,(d)hi-iš-mi-ti-ik2,Hishmitik,,,,,
UntN TZ/S 6,UntN_TZ/S_6_00010,a-ak,ak,,,,,
UntN TZ/S 6,UntN_TZ/S_6_00011,(d)ru-hu-ra-te-ir-me,Ruhurater,3sg.inan1,,,,
UntN TZ/S 6,UntN_TZ/S_6_00012,u2-pa-at,upat,,,,,
UntN TZ/S 6,UntN_TZ/S_6_00013,hu-us-si-ip-me,husi,3pl.an,3sg.inan1,,,
UntN TZ/S 6,UntN_TZ/S_6_00014,ku-ši-ih,kuši-,1sg.vb,,,,
UntN TZ/S 6,UntN_TZ/S_6_00015,(d)hi-iš-mi-ti-ik,Hishmitik,,,,,
UntN TZ/S 6,UntN_TZ/S_6_00016,a-ak,ak,,,,,
UntN TZ/S 6,UntN_TZ/S_6_00017,(d)ru-hu-ra-te-ir,Ruhurater,,,,,
UntN TZ/S 6,UntN_TZ/S_6_00018,la-an-si-ti-ip-pa,lansiti,3pl.an,,,,
UntN TZ/S 6,UntN_TZ/S_6_00019,a-pu-un,ap,acc,,,,
UntN TZ/S 6,UntN_TZ/S_6_00020,a-ha-an,aha,3sg.inan2,,,,
UntN TZ/S 6,UntN_TZ/S_6_00021,mu-ur-tah,mur.ta-,1sg.vb,,,,
UntN TZ/S 6,UntN_TZ/S_6_00022,hu-ut-tak-ha-li-ik,hutak.halik,,,,II,
UntN TZ/S 6,UntN_TZ/S_6_00023,u2-me,u,3sg.inan1,,,,
UntN TZ/S 6,UntN_TZ/S_6_00024,(d)hi-iš-mi-ti-ik,Hishmitik,,,,,
UntN TZ/S 6,UntN_TZ/S_6_00025,a-ak,ak,,,,,
UntN TZ/S 6,UntN_TZ/S_6_00026,(d)ru-hu-ra-te-ir,Ruhurater,,,,,
UntN TZ/S 6,UntN_TZ/S_6_00027,si-ia-an-ku-uk-pa,Sian.kuk,3pl.an,,,,
UntN TZ/S 6,UntN_TZ/S_6_00028,li-na,lina,,,,,
UntN TZ/S 6,UntN_TZ/S_6_00029,te-la-ak-ni,tela-,II,opt2,,,
UntN TZ/S 7,UntN_TZ/S_7_00001,u3,u,,,,,
UntN TZ/S 7,UntN_TZ/S_7_00002,(m)un-taš-dingir-gal,Untash-Napirisha,,,,,
UntN TZ/S 7,UntN_TZ/S_7_00003,ša-ak,šak,,,,,
UntN TZ/S 7,UntN_TZ/S_7_00004,(md)hu-ban-nu-me-na-ki,Humban-umena,1sg.an,,,,
UntN TZ/S 7,UntN_TZ/S_7_00005,su-un-ki-ik,sunki,1sg.an,,,,
UntN TZ/S 7,UntN_TZ/S_7_00006,an-za-an,Anshan,,,,,
UntN TZ/S 7,UntN_TZ/S_7_00007,šu-šu-un-ka,Susa,1sg.an,,,,
UntN TZ/S 7,UntN_TZ/S_7_00008,nu-ur,nur,,,,,
UntN TZ/S 7,UntN_TZ/S_7_00009,ki-ib-ra-at3,kibrat,,,,,
UntN TZ/S 7,UntN_TZ/S_7_00010,ku-ši-ih,kuši-,1sg.vb,,,,
UntN TZ/S 7,UntN_TZ/S_7_00011,dingir-gal,Napirisha,,,,,
UntN TZ/S 7,UntN_TZ/S_7_00012,(d)in-šu-uš-na-ak4,Inshushinak,,,,,
UntN TZ/S 7,UntN_TZ/S_7_00013,si-ia-an-ku-uk-ra,Sian.kuk,3sg.an,,,,
UntN TZ/S 7,UntN_TZ/S_7_00014,in,i,3sg.inan2,,,,
UntN TZ/S 7,UntN_TZ/S_7_00015,tu4-ni-ih,tuni-,1sg.vb,,,,
UntN TZ/S 7,UntN_TZ/S_7_00016,ta-ak-me,tak.me,,,,3sg.inan1,
UntN TZ/S 7,UntN_TZ/S_7_00017,u2-me,u,3sg.inan1,,,,
UntN TZ/S 7,UntN_TZ/S_7_00018,tu4-ur,tur,,,,,
UntN TZ/S 7,UntN_TZ/S_7_00019,hi-ih,hih,,,,,
UntN TZ/S 7,UntN_TZ/S_7_00020,si-it-me,sit.me,,,,3sg.inan1,
UntN TZ/S 7,UntN_TZ/S_7_00021,u2-me,u,3sg.inan1,,,,
UntN TZ/S 7,UntN_TZ/S_7_00022,šu-ul-lu-me-ga,šullume-,II,,,,
UntN TZ/S 7,UntN_TZ/S_7_00023,pi-el,pel,,,,,
UntN TZ/S 7,UntN_TZ/S_7_00024,ki-it-ti-ma,kiti.n,postp.loc,,,,
UntN TZ/S 7,UntN_TZ/S_7_00025,na,nan,,,,,
UntN TZ/S 7,UntN_TZ/S_7_00026,me-lu-uk-ra,meluk,3sg.an,,,,
UntN TZ/S 7,UntN_TZ/S_7_00027,hi-en-ga,hi-,III,1sg.an,,,
UntN TZ/S 7,UntN_TZ/S_7_00028,in-ti-ig-ga8,in.tika,,,,,
UntN TZ/S 7,UntN_TZ/S_7_00029,a-gi,ak,,,,,
UntN TZ/S 7,UntN_TZ/S_7_00030,nu-ur,nur,,,,,
UntN TZ/S 7,UntN_TZ/S_7_00031,ki-ib-ra-at,kibrat,,,,,
UntN TZ/S 7,UntN_TZ/S_7_00032,ku-ši-ih,kuši-,1sg.vb,,,,
UntN TZ/S 7,UntN_TZ/S_7_00033,dingir-gal,Napirisha,,,,,
UntN TZ/S 7,UntN_TZ/S_7_00034,(d)in-šu-uš-na-ak,Inshushinak,,,,,
UntN TZ/S 7,UntN_TZ/S_7_00035,si-ia-an-ku-uk-ra,Sian.kuk,3sg.an,,,,
UntN TZ/S 7,UntN_TZ/S_7_00036,in,i,3sg.inan2,,,,
UntN TZ/S 7,UntN_TZ/S_7_00037,du-ni-ih,tuni-,1sg.vb,,,,
UntN TZ/S 7,UntN_TZ/S_7_00038,si-ia-an,sian,,,,,
UntN TZ/S 7,UntN_TZ/S_7_00039,ap-pa,apa,,,,,
UntN TZ/S 7,UntN_TZ/S_7_00040,ku-ši-ih-ma,kuši-,1sg.vb,postp.loc,,,
UntN TZ/S 7,UntN_TZ/S_7_00041,ša-tu4-uh-ni,šatu-,1sg.vb,opt2,,,
UntN TZ/S 8,UntN_TZ/S_8_00001,u2,u,,,,,
UntN TZ/S 8,UntN_TZ/S_8_00002,(m)un-taš-dingir-gal,Untash-Napirisha,,,,,
UntN TZ/S 8,UntN_TZ/S_8_00003,ša-ak,šak,,,,,
UntN TZ/S 8,UntN_TZ/S_8_00004,(md)hu-um-ban-nu-me-na-gi,Humban-umena,1sg.an,,,,
UntN TZ/S 8,UntN_TZ/S_8_00005,zu-un-ki-ik,sunki,1sg.an,,,,
UntN TZ/S 8,UntN_TZ/S_8_00006,an-za-an,Anshan,,,,,
UntN TZ/S 8,UntN_TZ/S_8_00007,šu-šu-un-ka,Susa,1sg.an,,,,
UntN TZ/S 8,UntN_TZ/S_8_00008,(d)na-ah-hu-un-te,Nahunte,,,,,
UntN TZ/S 8,UntN_TZ/S_8_00009,ku-ul-la-an-ka,kula-,III,1sg.an,,,
UntN TZ/S 8,UntN_TZ/S_8_00010,ku-la-a,kula,,,,,
UntN TZ/S 8,UntN_TZ/S_8_00011,ur,u,3sg.an,,,,
UntN TZ/S 8,UntN_TZ/S_8_00012,tu4-um-pa-an-ra,tumpa-,III,3sg.an,,,
UntN TZ/S 8,UntN_TZ/S_8_00013,a-ak,ak,,,,,
UntN TZ/S 8,UntN_TZ/S_8_00014,tu4-ru-un-ka,turu-,III,1sg.an,,,
UntN TZ/S 8,UntN_TZ/S_8_00015,hu-ut-ta-an-ra,huta-,III,3sg.an,,,
UntN TZ/S 8,UntN_TZ/S_8_00016,si-ia-an-ku-uk,Sian.kuk,,,,,
UntN TZ/S 8,UntN_TZ/S_8_00017,si-ia-an-i-me,"sian, i",3sg.inan1,,,,
UntN TZ/S 8,UntN_TZ/S_8_00018,u2-pa-at,upat,,,,,
UntN TZ/S 8,UntN_TZ/S_8_00019,hu-us-si-ip-me,husi,3pl.an,3sg.inan1,,,
UntN TZ/S 8,UntN_TZ/S_8_00020,ku-ši-ih,kuši-,1sg.vb,,,,
UntN TZ/S 8,UntN_TZ/S_8_00021,(d)na-ah-hu-un-te,Nahunte,,,,,
UntN TZ/S 8,UntN_TZ/S_8_00022,la-an-si-ti-ir-ra,lansiti,3sg.an,,,,
UntN TZ/S 8,UntN_TZ/S_8_00023,ir,i,3sg.an,,,,
UntN TZ/S 8,UntN_TZ/S_8_00024,ša-ri-ih,šari-,1sg.vb,,,,
UntN TZ/S 8,UntN_TZ/S_8_00025,ir,i,3sg.an,,,,
UntN TZ/S 8,UntN_TZ/S_8_00026,si-ia-an-ku-uk,Sian.kuk,,,,,
UntN TZ/S 8,UntN_TZ/S_8_00027,si-ia-an-ra,sian,3sg.an,,,,
UntN TZ/S 8,UntN_TZ/S_8_00028,ir,i,3sg.an,,,,
UntN TZ/S 8,UntN_TZ/S_8_00029,mu-ur-tah,mur.ta-,1sg.vb,,,,
UntN TZ/S 8,UntN_TZ/S_8_00030,hu-ut-tak-ha-li-ik,hutak.halik,,,,II,
UntN TZ/S 8,UntN_TZ/S_8_00031,u2-me,u,3sg.inan1,,,,
UntN TZ/S 8,UntN_TZ/S_8_00032,(d)na-ah-hu-un-te,Nahunte,,,,,
UntN TZ/S 8,UntN_TZ/S_8_00033,si-ia-an-ku-uk-ra,Sian.kuk,3sg.an,,,,
UntN TZ/S 8,UntN_TZ/S_8_00034,un,u,acc,,,,
UntN TZ/S 8,UntN_TZ/S_8_00035,li-na,lina,,,,,
UntN TZ/S 8,UntN_TZ/S_8_00036,te-la-ak-ni,tela-,II,opt2,,,
UntN TZ/S 8,UntN_TZ/S_8_00037,pi-el,pel,,,,,
UntN TZ/S 8,UntN_TZ/S_8_00038,ki-it-ti-im-ma,kiti.n,postp.loc,,,3sg.inan2,
UntN TZ/S 8,UntN_TZ/S_8_00039,na-a,nan,,,,,
UntN TZ/S 8,UntN_TZ/S_8_00040,me-lu-uk-ra,meluk,3sg.an,,,,
UntN TZ/S 8,UntN_TZ/S_8_00041,a-ak,ak,,,,,
UntN TZ/S 8,UntN_TZ/S_8_00042,zu-un-ki-me,sunki.me,,,,3sg.inan1,
UntN TZ/S 8,UntN_TZ/S_8_00043,tu4-ur-hi-ih,"tur, hih",,,,,
UntN TZ/S 8,UntN_TZ/S_8_00044,zi-it-me,sit.me,,,,3sg.inan1,
UntN TZ/S 8,UntN_TZ/S_8_00045,un,u,acc,,,,
UntN TZ/S 8,UntN_TZ/S_8_00046,du-ni-iš-ni,tuni-,3sg.vb,opt2,,,
UntN TZ/S 9,UntN_TZ/S_9_00001,u2,u,,,,,
UntN TZ/S 9,UntN_TZ/S_9_00002,(m)un-taš-dingir-gal,Untash-Napirisha,,,,,
UntN TZ/S 9,UntN_TZ/S_9_00003,ša-ak,šak,,,,,
UntN TZ/S 9,UntN_TZ/S_9_00004,(md)hu-um-ban-nu-me-na-gi,Humban-umena,1sg.an,,,,
UntN TZ/S 9,UntN_TZ/S_9_00005,su-un-ki-ik,sunki,1sg.an,,,,
UntN TZ/S 9,UntN_TZ/S_9_00006,an-za-an,Anshan,,,,,
UntN TZ/S 9,UntN_TZ/S_9_00007,šu-šu-un-ka,Susa,1sg.an,,,,
UntN TZ/S 9,UntN_TZ/S_9_00008,pi-el,pel,,,,,
UntN TZ/S 9,UntN_TZ/S_9_00009,ki-it-ti-im-ma,kiti.n,postp.loc,,,3sg.inan2,
UntN TZ/S 9,UntN_TZ/S_9_00010,na-a,nan,,,,,
UntN TZ/S 9,UntN_TZ/S_9_00011,me-lu-uk-ra,meluk,3sg.an,,,,
UntN TZ/S 9,UntN_TZ/S_9_00012,su-un-ki-me,sunki.me,,,,3sg.inan1,
UntN TZ/S 9,UntN_TZ/S_9_00013,tu4-ur,tur,,,,,
UntN TZ/S 9,UntN_TZ/S_9_00014,hi-ih,hih,,,,,
UntN TZ/S 9,UntN_TZ/S_9_00015,si-it-me,sit.me,,,,3sg.inan1,
UntN TZ/S 9,UntN_TZ/S_9_00016,hi-en-ka,hi-,III,1sg.an,,,
UntN TZ/S 9,UntN_TZ/S_9_00017,in-ti-ik-ka,in.tika,,,,,
UntN TZ/S 9,UntN_TZ/S_9_00018,a-gi,ak,,,,,
UntN TZ/S 9,UntN_TZ/S_9_00019,si-ia-an,sian,,,,,
UntN TZ/S 9,UntN_TZ/S_9_00020,dingir-gal-me,Napirisha,3sg.inan1,,,,
UntN TZ/S 9,UntN_TZ/S_9_00021,ku-ši-ih,kuši-,,,,,
UntN TZ/S 9,UntN_TZ/S_9_00022,dingir-gal,Napirisha,,,,,
UntN TZ/S 9,UntN_TZ/S_9_00023,si-ia-an-ku-uk-ra,Sian.kuk,3sg.an,,,,
UntN TZ/S 9,UntN_TZ/S_9_00024,du-ni-ih,tuni-,,,,,
UntN TZ/S 9,UntN_TZ/S_9_00025,hu-ut-tak-ha-li-ik,hutak.halik,,,,II,
UntN TZ/S 9,UntN_TZ/S_9_00026,u2-me,u,3sg.inan1,,,,
UntN TZ/S 9,UntN_TZ/S_9_00027,dingir-gal,Napirisha,,,,,
UntN TZ/S 9,UntN_TZ/S_9_00028,a-ak,ak,,,,,
UntN TZ/S 9,UntN_TZ/S_9_00029,(d)in-šu-ši-na-ak,Inshushinak,,,,,
UntN TZ/S 9,UntN_TZ/S_9_00030,si-ia-an-ku-uk-pa,Sian.kuk,3pl.an,,,,
UntN TZ/S 9,UntN_TZ/S_9_00031,li-na,lina,,,,,
UntN TZ/S 9,UntN_TZ/S_9_00032,te-la-ak-ni,tela-,II,opt2,,,
UntN TZ/S 10,UntN_TZ/S_10_00001,u2,u,,,,,
UntN TZ/S 10,UntN_TZ/S_10_00002,(m)un-taš-dingir-gal,Untash-Napirisha,,,,,
UntN TZ/S 10,UntN_TZ/S_10_00003,ša-ak,šak,,,,,
UntN TZ/S 10,UntN_TZ/S_10_00004,(md)hu-ban-um-me-en-na-ki,Humban-umena,1sg.an,,,,
UntN TZ/S 10,UntN_TZ/S_10_00005,su-un-ki-ik,sunki,1sg.an,,,,
UntN TZ/S 10,UntN_TZ/S_10_00006,an-za-an,Anshan,,,,,
UntN TZ/S 10,UntN_TZ/S_10_00007,šu-šu-un-ka,Susa,1sg.an,,,,
UntN TZ/S 10,UntN_TZ/S_10_00008,si-a-an,sian,,,,,
UntN TZ/S 10,UntN_TZ/S_10_00009,up-qu-mi-ma,upkum,postp.loc,,,,
UntN TZ/S 10,UntN_TZ/S_10_00010,ku-ši-ih,kuši-,1sg.vb,,,,
UntN TZ/S 10,UntN_TZ/S_10_00011,(d)in-šu-uš-na-ak,Inshushinak,,,,,
UntN TZ/S 10,UntN_TZ/S_10_00012,un,u,acc,,,,
UntN TZ/S 10,UntN_TZ/S_10_00013,du-ni-ih,tuni-,1sg.vb,,,,
UntN TZ/S 11,UntN_TZ/S_11_00001,u2,u,,,,,
UntN TZ/S 11,UntN_TZ/S_11_00002,(m)un-taš-dingir-gal,Untash-Napirisha,,,,,
UntN TZ/S 11,UntN_TZ/S_11_00003,ša-ak,šak,,,,,
UntN TZ/S 11,UntN_TZ/S_11_00004,(md)hu-um-ban-nu-me-na-gi,Humban-umena,1sg.an,,,,
UntN TZ/S 11,UntN_TZ/S_11_00005,su-un-ki-ik,sunki,1sg.an,,,,
UntN TZ/S 11,UntN_TZ/S_11_00006,an-za-an,Anshan,,,,,
UntN TZ/S 11,UntN_TZ/S_11_00007,šu-šu-un-ka,Susa,1sg.an,,,,
UntN TZ/S 11,UntN_TZ/S_11_00008,pi-el,pel,,,,,
UntN TZ/S 11,UntN_TZ/S_11_00009,ki-it-ti-im-ma,kiti.n,postp.loc,,,3sg.inan2,
UntN TZ/S 11,UntN_TZ/S_11_00010,na-a,nan,,,,,
UntN TZ/S 11,UntN_TZ/S_11_00011,me-lu-uk-ra,meluk,3sg.an,,,,
UntN TZ/S 11,UntN_TZ/S_11_00012,su-un-ki-me,sunki.me,,,,3sg.inan1,
UntN TZ/S 11,UntN_TZ/S_11_00013,tu4-ur,tur,,,,,
UntN TZ/S 11,UntN_TZ/S_11_00014,hi-ih,hih,,,,,
UntN TZ/S 11,UntN_TZ/S_11_00015,si-it-me,sit.me,,,,3sg.inan1,
UntN TZ/S 11,UntN_TZ/S_11_00016,hi-en-ga,hi-,III,1sg.an,,,
UntN TZ/S 11,UntN_TZ/S_11_00017,in-ti-ik-ka,in.tika,,,,,
UntN TZ/S 11,UntN_TZ/S_11_00018,a-gi,ak,,,,,
UntN TZ/S 11,UntN_TZ/S_11_00019,si-ia-an,sian,,,,,
UntN TZ/S 11,UntN_TZ/S_11_00020,mi-el-ki,malku,,,,,
UntN TZ/S 11,UntN_TZ/S_11_00021,i-la-a-ni-me,ilu,,,,3sg.inan1,
UntN TZ/S 11,UntN_TZ/S_11_00022,ku-ši-ih,kuši-,1sg.vb,,,,
UntN TZ/S 11,UntN_TZ/S_11_00023,dingir-gal,Napirisha,,,,,
UntN TZ/S 11,UntN_TZ/S_11_00024,a-ak,ak,,,,,
UntN TZ/S 11,UntN_TZ/S_11_00025,(d)in-šu-uš-na-ak,Inshushinak,,,,,
UntN TZ/S 11,UntN_TZ/S_11_00026,si-ia-an-ku-uk-pa,Sian.kuk,3pl.an,,,,
UntN TZ/S 11,UntN_TZ/S_11_00027,in,i,3sg.inan2,,,,
UntN TZ/S 11,UntN_TZ/S_11_00028,du-ni-ih,tuni-,1sg.vb,,,,
UntN TZ/S 11,UntN_TZ/S_11_00029,hu-ut-ta-ak-ha-li-ik,hutak.halik,,,,II,
UntN TZ/S 11,UntN_TZ/S_11_00030,u2-me,u,3sg.inan1,,,,
UntN TZ/S 11,UntN_TZ/S_11_00031,dingir-gal,Napirisha,,,,,
UntN TZ/S 11,UntN_TZ/S_11_00032,a-ak,ak,,,,,
UntN TZ/S 11,UntN_TZ/S_11_00033,(d)in-šu-uš-na-ak,Inshushinak,,,,,
UntN TZ/S 11,UntN_TZ/S_11_00034,si-ia-an-ku-uk-pa,Sian.kuk,3pl.an,,,,
UntN TZ/S 11,UntN_TZ/S_11_00035,li-na,lina,,,,,
UntN TZ/S 11,UntN_TZ/S_11_00036,te-la-ak-ni,tela-,II,opt2,,,
UntN TZ/S 12,UntN_TZ/S_12_00001,u2,u,,,,,
UntN TZ/S 12,UntN_TZ/S_12_00002,(m)un-taš-dingir-gal,Untash-Napirisha,,,,,
UntN TZ/S 12,UntN_TZ/S_12_00003,ša-ak,šak,,,,,
UntN TZ/S 12,UntN_TZ/S_12_00004,(md)hu-um-ban-nu-me-na-gi,Humban-umena,1sg.an,,,,
UntN TZ/S 12,UntN_TZ/S_12_00005,su-un-ki-ik,sunki,1sg.an,,,,
UntN TZ/S 12,UntN_TZ/S_12_00006,an-za-an,Anshan,,,,,
UntN TZ/S 12,UntN_TZ/S_12_00007,šu-šu-un-ka,Susa,1sg.an,,,,
UntN TZ/S 12,UntN_TZ/S_12_00008,a-i-in,ain,,,,,
UntN TZ/S 12,UntN_TZ/S_12_00009,ku-te-en,kuten,,,,,
UntN TZ/S 12,UntN_TZ/S_12_00010,u2-pa-at,upat,,,,,
UntN TZ/S 12,UntN_TZ/S_12_00011,hu-us-si-ip-me,husi,3pl.an,3sg.inan1,,,
UntN TZ/S 12,UntN_TZ/S_12_00012,ku-ši-ih,kuši-,1sg.vb,,,,
UntN TZ/S 12,UntN_TZ/S_12_00013,dingir-gal,Napirisha,,,,,
UntN TZ/S 12,UntN_TZ/S_12_00014,in,i,3sg.inan2,,,,
UntN TZ/S 12,UntN_TZ/S_12_00015,du-ni-ih,tuni-,1sg.vb,,,,
UntN TZ/S 12,UntN_TZ/S_12_00016,si-ia-an-ku-uk,Sian.kuk,,,,,
UntN TZ/S 12,UntN_TZ/S_12_00017,ul-lu-ru-uk,ulluru-,II,,,,
UntN TZ/S 12,UntN_TZ/S_12_00018,si-ia-an-ku-uk,Sian.kuk,,,,,
UntN TZ/S 12,UntN_TZ/S_12_00019,si-ma-aš2,sima-,3sg.vb,,,,
UntN TZ/S 12,UntN_TZ/S_12_00020,hu-ut-tak-ha-li-ik,hutak.halik,,,,II,
UntN TZ/S 12,UntN_TZ/S_12_00021,u2-me,u,3sg.inan1,,,,
UntN TZ/S 12,UntN_TZ/S_12_00022,dingir-gal,Napirisha,,,,,
UntN TZ/S 12,UntN_TZ/S_12_00023,li-na,lina,,,,,
UntN TZ/S 12,UntN_TZ/S_12_00024,te-la-ak-ni,tela-,II,opt2,,,
UntN TZ/S 13,UntN_TZ/S_13_00001,u2,u,,,,,
UntN TZ/S 13,UntN_TZ/S_13_00002,(m)un-taš-dingir-gal,Untash-Napirisha,,,,,
UntN TZ/S 13,UntN_TZ/S_13_00003,ša-ak,šak,,,,,
UntN TZ/S 13,UntN_TZ/S_13_00004,(md)hu-um-ban-nu-me-na-gi,Humban-umena,1sg.an,,,,
UntN TZ/S 13,UntN_TZ/S_13_00005,su-un-ki-ik,sunki,1sg.an,,,,
UntN TZ/S 13,UntN_TZ/S_13_00006,an-za-an,Anshan,,,,,
UntN TZ/S 13,UntN_TZ/S_13_00007,šu-šu-un-ka,Susa,1sg.an,,,,
UntN TZ/S 13,UntN_TZ/S_13_00008,si-ia-an,sian,,,,,
UntN TZ/S 13,UntN_TZ/S_13_00009,(d)na-bu-me,Nabu,3sg.inan1,,,,
UntN TZ/S 13,UntN_TZ/S_13_00010,u2-pa-at,upat,,,,,
UntN TZ/S 13,UntN_TZ/S_13_00011,hu-us-si-ip-me,husi,3pl.an,3sg.inan1,,,
UntN TZ/S 13,UntN_TZ/S_13_00012,ku-ši-ih,kuši-,1sg.vb,,,,
UntN TZ/S 13,UntN_TZ/S_13_00013,(d)na-bu-u2,Nabu,,,,,
UntN TZ/S 13,UntN_TZ/S_13_00014,la-an-si-ti-ra,lansiti,3sg.an,,,,
UntN TZ/S 13,UntN_TZ/S_13_00015,ir,i,3sg.an,,,,
UntN TZ/S 13,UntN_TZ/S_13_00016,a-ha-ar,aha,3sg.an,,,,
UntN TZ/S 13,UntN_TZ/S_13_00017,mu-ur-tah,mur.ta-,1sg.vb,,,,
UntN TZ/S 13,UntN_TZ/S_13_00018,hu-ut-tak-ha-li-ik,hutak.halik,,,,II,
UntN TZ/S 13,UntN_TZ/S_13_00019,u2-me,u,3sg.inan1,,,,
UntN TZ/S 13,UntN_TZ/S_13_00020,(d)na-bu-u2,Nabu,,,,,
UntN TZ/S 13,UntN_TZ/S_13_00021,si-ia-an-ku-uk-ra,Sian.kuk,3sg.an,,,,
UntN TZ/S 13,UntN_TZ/S_13_00022,ul-li-na,lina,,,,,
UntN TZ/S 13,UntN_TZ/S_13_00023,te-la-ak-ni,tela-,II,opt2,,,
UntN TZ/S 14,UntN_TZ/S_14_00001,si-ia-an-ku-uk-ra,Sian.kuk,3sg.an,,,,
UntN TZ/S 14,UntN_TZ/S_14_00002,li-na,lina,,,,,
UntN TZ/S 14,UntN_TZ/S_14_00003,te-[la-ak-ni],tela-,II,opt2,,,
UntN TZ/S 14,UntN_TZ/S_14_00004,pi-el,pel,,,,,
UntN TZ/S 14,UntN_TZ/S_14_00005,ki-it-ti-im-ma,kiti.n,postp.loc,,,,
UntN TZ/S 14,UntN_TZ/S_14_00006,na-a,nan,,,,,
UntN TZ/S 14,UntN_TZ/S_14_00007,[me]-lu-u[k-ra],meluk,3sg.an,,,,
UntN TZ/S 14,UntN_TZ/S_14_00008,šu-<ut>-ki-me,"šut, ki",3sg.inan1,,,,
UntN TZ/S 14,UntN_TZ/S_14_00009,ša-at-ki-me,"šat, ki",3sg.inan1,,,,
UntN TZ/S 14,UntN_TZ/S_14_00010,su-un-ki-me,sunki.me,,,,3sg.inan1,
UntN TZ/S 14,UntN_TZ/S_14_00011,[tu4-ur],tur,,,,,
UntN TZ/S 14,UntN_TZ/S_14_00012,hi-ih,hih,,,,,
UntN TZ/S 14,UntN_TZ/S_14_00013,si-it-me,sit.me,,,,3sg.inan1,
UntN TZ/S 14,UntN_TZ/S_14_00014,(d)in-šu-uš-[na-ak],Inshushinak,,,,,
UntN TZ/S 15,UntN_TZ/S_15_00001,u2,u,,,,,
UntN TZ/S 15,UntN_TZ/S_15_00002,(m)un-taš-dingir-gal,Untash-Napirisha,,,,,
UntN TZ/S 15,UntN_TZ/S_15_00003,ša-ak,šak,,,,,
UntN TZ/S 15,UntN_TZ/S_15_00004,(md)hu-um-ba-nu-me-na-[ki,Humban-umena,1sg.an,,,,
UntN TZ/S 15,UntN_TZ/S_15_00005,su-un-ki]-ik,sunki,1sg.an,,,,
UntN TZ/S 15,UntN_TZ/S_15_00006,an-za-an,Anshan,,,,,
UntN TZ/S 15,UntN_TZ/S_15_00007,šu-šu-un-ka,Susa,1sg.an,,,,
UntN TZ/S 15,UntN_TZ/S_15_00008,ku-ku-un-[nu-um,kukunum,,,,,
UntN TZ/S 15,UntN_TZ/S_15_00009,[…]-ti-ia,,,,,,
UntN TZ/S 15,UntN_TZ/S_15_00010,a-ak,ak,,,,,
UntN TZ/S 15,UntN_TZ/S_15_00011,la-an-si-ti-me,lansiti,3sg.inan1,,,,
UntN TZ/S 15,UntN_TZ/S_15_00012,ku-ši-ih,kuši-,1sg.vb,,,,
UntN TZ/S 15,UntN_TZ/S_15_00013,[dingir-gal,Napirisha,,,,,
UntN TZ/S 15,UntN_TZ/S_15_00014,a-ak],ak,,,,,
UntN TZ/S 15,UntN_TZ/S_15_00015,(d)in-šu-uš-[na-ak,Inshushinak,,,,,
UntN TZ/S 15,UntN_TZ/S_15_00016,si-ia]-an-ku-uk-pa,Sian.kuk,3pl.an,,,,
UntN TZ/S 15,UntN_TZ/S_15_00017,[in,i,3sg.inan2,,,,
UntN TZ/S 15,UntN_TZ/S_15_00018,du-ni-ih,tuni-,1sg.vb,,,,
UntN TZ/S 15,UntN_TZ/S_15_00019,ku]-ku-un-[nu-um,kukunum,,,,,
UntN TZ/S 15,UntN_TZ/S_15_00020,[…]-ak,,,,,,
UntN TZ/S 15,UntN_TZ/S_15_00021,dingir-gal,Napirisha,,,,,
UntN TZ/S 15,UntN_TZ/S_15_00022,[a-ak,ak,,,,,
UntN TZ/S 15,UntN_TZ/S_15_00023,(d)in]-šu-uš-n[a-ak,Inshushinak,,,,,
UntN TZ/S 15,UntN_TZ/S_15_00024,si-ia-an-ku]-uk-pa,Sian.kuk,3pl.an,,,,
UntN TZ/S 15,UntN_TZ/S_15_00025,[…],,,,,,
UntN TZ/S 15,UntN_TZ/S_15_00026,ni,,,,,,
UntN TZ/S 15,UntN_TZ/S_15_00027,[…],,,,,,
UntN TZ/S 15,UntN_TZ/S_15_00028,ra,,,,,,
UntN TZ/S 15,UntN_TZ/S_15_00029,[…]-uš-ni-e,,,,,,
UntN TZ/S 16,UntN_TZ/S_16_00001,u2,u,,,,,
UntN TZ/S 16,UntN_TZ/S_16_00002,(m)un-taš-dingir-gal,Untash-Napirisha,,,,,
UntN TZ/S 16,UntN_TZ/S_16_00003,ša-[ak,šak,,,,,
UntN TZ/S 16,UntN_TZ/S_16_00004,(md)hu-um-ba-nu-me-na-ki],Humban-umena,1sg.an,,,,
UntN TZ/S 16,UntN_TZ/S_16_00005,su-un-ki-ik,sunki,1sg.an,,,,
UntN TZ/S 16,UntN_TZ/S_16_00006,an-za-an,Anshan,,,,,
UntN TZ/S 16,UntN_TZ/S_16_00007,šu-[šu-un-ka,Susa,1sg.an,,,,
UntN TZ/S 16,UntN_TZ/S_16_00008,ku-ku-un-nu-um],kukunum,,,,,
UntN TZ/S 16,UntN_TZ/S_16_00009,[…]-ti-ia,,,,,,
UntN TZ/S 16,UntN_TZ/S_16_00010,a-ak,ak,,,,,
UntN TZ/S 16,UntN_TZ/S_16_00011,la-an-[si-ti-me,lansiti,3sg.inan1,,,,
UntN TZ/S 16,UntN_TZ/S_16_00012,ku-ši-ih,kuši-,1sg.vb,,,,
UntN TZ/S 16,UntN_TZ/S_16_00013,dingir-gal,Napirisha,,,,,
UntN TZ/S 16,UntN_TZ/S_16_00014,a-ak,ak,,,,,
UntN TZ/S 16,UntN_TZ/S_16_00015,(d)in-šu-uš]-na-ak,Inshushinak,,,,,
UntN TZ/S 16,UntN_TZ/S_16_00016,si-ia-an-[ku-uk-pa,Sian.kuk,3pl.an,,,,
UntN TZ/S 16,UntN_TZ/S_16_00017,in,i,3sg.inan2,,,,
UntN TZ/S 16,UntN_TZ/S_16_00018,du-ni-ih,tuni-,1sg.vb,,,,
UntN TZ/S 16,UntN_TZ/S_16_00019,ku-ku-un-nu-um…,kukunum,,,,,
UntN TZ/S 16,UntN_TZ/S_16_00020,dingir-gal,Napirisha,,,,,
UntN TZ/S 16,UntN_TZ/S_16_00021,a]-ak,ak,,,,,
UntN TZ/S 16,UntN_TZ/S_16_00022,(d)in-šu-[uš-na-ak,Inshushinak,,,,,
UntN TZ/S 16,UntN_TZ/S_16_00023,si-ia-an-ku-uk-pa],Sian.kuk,3pl.an,,,,
UntN TZ/S 16,UntN_TZ/S_16_00024,[…],,,,,,
UntN X 1,UntN_X_1_00001,[…],,,,,,
UntN X 1,UntN_X_1_00002,[šu-šu]-un-ka,,,,,,
UntN X 1,UntN_X_1_00003,ta-ak-me,tak.me,,,,3sg.inan1,
UntN X 1,UntN_X_1_00004,u2-me,u,3sg.inan1,,,,
UntN X 1,UntN_X_1_00005,[…],,,,,,
UntN X 1,UntN_X_1_00006,[š]u?-ut?-ta?,,,,,,
UntN X 1,UntN_X_1_00007,in-gi,in-,3sg.an,,,,
UntN X 1,UntN_X_1_00008,hi-[…],,,,,,
UntN X 1,UntN_X_1_00009,[a-h]a-an,aha,3sg.inan2,,,,
UntN X 1,UntN_X_1_00010,hi?-iš,,,,,,
UntN X 1,UntN_X_1_00011,u2-me,u,3sg.inan1,,,,
UntN X 1,UntN_X_1_00012,[…],,,,,,
UntN X 1,UntN_X_1_00013,hi-iš-e,,,,,,
UntN X 1,UntN_X_1_00014,[…u2]-pa-at,upat,,,,,
UntN X 1,UntN_X_1_00015,ta-ah,ta-,1sg.vb,,,,
UntN X 1,UntN_X_1_00016,[…],,,,,,
UntN X 1,UntN_X_1_00017,u2-me,u,3sg.inan1,,,,
UntN X 1,UntN_X_1_00018,(d)u2-pur-ku-pa-ak,Upurku.pak,,,,,
UntN X 1,UntN_X_1_00019,[…],,,,,,
UntN X 1,UntN_X_1_00020,u2,u,,,,,
UntN X 1,UntN_X_1_00021,zig-ra-tu4,zagratum,,,,,
UntN X 1,UntN_X_1_00022,#NAME?,,,,,,
UntN X 1,UntN_X_1_00023,[…]-ti-e?,,,,,,
UntN X 1,UntN_X_1_00024,in,i,3sg.inan1,,,,
UntN X 1,UntN_X_1_00025,du-ni-ih,tuni-,1sg.vb,,,,
UntN X 2,UntN_X_2_00001,[…],,,,,,
UntN X 2,UntN_X_2_00002,[an-za-a]n,Anshan,,,,,
UntN X 2,UntN_X_2_00003,šu-šu-un-[ka]-[…],Susa,1sg.an,,,,
UntN X 2,UntN_X_2_00004,[tu-ur],tur,,,,,
UntN X 2,UntN_X_2_00005,hi-ih,hih,,,,,
UntN X 2,UntN_X_2_00006,si-it-me,sit.me,,,,3sg.inan1,
UntN X 2,UntN_X_2_00007,[…],,,,,,
UntN X 2,UntN_X_2_00008,[in]-gi,in-,1sg.an,,,,
UntN X 2,UntN_X_2_00009,hi-en-ka,hi-,III,1sg.an,,,
UntN X 2,UntN_X_2_00010,in-[ti-ik-ka,in.tika,,,,,
UntN X 2,UntN_X_2_00011,a-ak],ak,,,,,
UntN X 2,UntN_X_2_00012,[…],,,,,,
UntN X 2,UntN_X_2_00013,[ku-ku]-un-nu-um,kukunum,,,,,
UntN X 2,UntN_X_2_00014,up-ku-mi-[ia],upkum,adj,,,,
UntN X 2,UntN_X_2_00015,[…],,,,,,
UntN X 2,UntN_X_2_00016,[…u2-pa-at,upat,,,,,
UntN X 2,UntN_X_2_00017,hu]-us-si-ip-me,husi,3pl.an,3sg.inan1,,,
UntN X 2,UntN_X_2_00018,ku-u[k-ši-ih],kukši-,1sg.vb,,,,
UntN X 2,UntN_X_2_00019,[…],,,,,,
UntN X 2,UntN_X_2_00020,[(d)in]-šu-uš-na-ak,Inshushinak,,,,,
UntN X 2,UntN_X_2_00021,[…],,,,,,
UntN S 1,UntN_S_1_00001,u2,u,,,,,
UntN S 1,UntN_S_1_00002,(m)un-taš-dingir-gal,Untash-Napirisha,,,,,
UntN S 1,UntN_S_1_00003,ša-ak,šak,,,,,
UntN S 1,UntN_S_1_00004,(md)hu-um-ban-nu-me-na-gi,Humban-umena,1sg.an,,,,
UntN S 1,UntN_S_1_00005,su-un-ki-ik,sunki,1sg.an,,,,
UntN S 1,UntN_S_1_00006,an-za-an,Anshan,,,,,
UntN S 1,UntN_S_1_00007,šu-šu-un-ka,Susa,1sg.an,,,,
UntN S 1,UntN_S_1_00008,si-ia-an,sian,,,,,
UntN S 1,UntN_S_1_00009,ku-ši-ih,kuši-,,,,,
UntN S 1,UntN_S_1_00010,(d)in-šu-ši-na-ak,Inshushinak,,,,,
UntN S 1,UntN_S_1_00011,in,i,3sg.inan2,,,,
UntN S 1,UntN_S_1_00012,du-ni-ih,tuni-,1sg.vb,,,,
UntN S 2,UntN_S_2_00001,u2,u,,,,,
UntN S 2,UntN_S_2_00002,(m)un-taš-dingir-gal,Untash-Napirisha,,,,,
UntN S 2,UntN_S_2_00003,ša-ak,šak,,,,,
UntN S 2,UntN_S_2_00004,(md)hu-ban-um-me-en-na-ki,Humban-umena,1sg.an,,,,
UntN S 2,UntN_S_2_00005,su-un-ki-ik,sunki,1sg.an,,,,
UntN S 2,UntN_S_2_00006,an-za-an,Anshan,,,,,
UntN S 2,UntN_S_2_00007,šu-šu-un-ka,Susa,1sg.an,,,,
UntN S 2,UntN_S_2_00008,si-ia-an,sian,,,,,
UntN S 2,UntN_S_2_00009,ku-ši-ih,kuši-,1sg.vb,,,,
UntN S 2,UntN_S_2_00010,(d)aiba-sunkir,Aiba.sunkir,,,,,
UntN S 2,UntN_S_2_00011,un,"u, i",3sg.inan2,,,,
UntN S 2,UntN_S_2_00012,tu4-ni-ih,tuni-,1sg.vb,,,,
UntN S 3,UntN_S_3_00001,u2,u,,,,,
UntN S 3,UntN_S_3_00002,(m)un-taš-dingir-gal,Untash-Napirisha,,,,,
UntN S 3,UntN_S_3_00003,ša-ak,šak,,,,,
UntN S 3,UntN_S_3_00004,(md)hu-ban-nu-um-me-en-na-ki,Humban-umena,1sg.an,,,,
UntN S 3,UntN_S_3_00005,su-un-ki-ik,sunki,1sg.an,,,,
UntN S 3,UntN_S_3_00006,an-za-an,Anshan,,,,,
UntN S 3,UntN_S_3_00007,šu-šu-un-ka,Susa,1sg.an,,,,
UntN S 3,UntN_S_3_00008,si-ia-an,sian,,,,,
UntN S 3,UntN_S_3_00009,ku-ši-ih,kuši-,1sg.vb,,,,
UntN S 3,UntN_S_3_00010,(d)im,IM,,,,,
UntN S 3,UntN_S_3_00011,un,"u, i",3sg.inan2,,,,
UntN S 3,UntN_S_3_00012,tu4-ni-ih,tuni-,1sg.vb,,,,
UntN S 4,UntN_S_4_00001,u2,u,,,,,
UntN S 4,UntN_S_4_00002,(m)un-taš-dingir-gal,Untash-Napirisha,,,,,
UntN S 4,UntN_S_4_00003,ša-ak,šak,,,,,
UntN S 4,UntN_S_4_00004,(md)hu-[um-ban-nu-me-na-gi],Humban-umena,1sg.an,,,,
UntN S 4,UntN_S_4_00005,zu-un-ki-ik,sunki,1sg.an,,,,
UntN S 4,UntN_S_4_00006,an-za-an,Anshan,,,,,
UntN S 4,UntN_S_4_00007,šu-šu-[un-ka],Susa,1sg.an,,,,
UntN S 4,UntN_S_4_00008,si-ia-an,sian,,,,,
UntN S 4,UntN_S_4_00009,hu-uš-ti-in,hušti.n,,,,3sg.inan2,
UntN S 4,UntN_S_4_00010,u2-pa-at,upat,,,,,
UntN S 4,UntN_S_4_00011,[hu-us-si]-ip-me,husi,3pl.an,3sg.inan1,,,
UntN S 4,UntN_S_4_00012,{ku-ši-ih},kuši-,1sg.vb,,,,
UntN S 4,UntN_S_4_00013,(d){na-bu}-u2,Nabu,,,,,
UntN S 4,UntN_S_4_00014,in,i,3sg.inan2,,,,
UntN S 4,UntN_S_4_00015,du-ni-ih,tuni-,1sg.vb,,,,
UntN S 5,UntN_S_5_00001,u2,u,,,,,
UntN S 5,UntN_S_5_00002,(m)un-taš-dingir-gal,Untash-Napirisha,,,,,
UntN S 5,UntN_S_5_00003,ša-ak,šak,,,,,
UntN S 5,UntN_S_5_00004,(m)hu-ban-um-me-na-ki,Humban-umena,1sg.an,,,,
UntN S 5,UntN_S_5_00005,su-un-ki-ik,sunki,1sg.an,,,,
UntN S 5,UntN_S_5_00006,an-za-an,Anshan,,,,,
UntN S 5,UntN_S_5_00007,šu-šu-un-ka,Susa,1sg.an,,,,
UntN S 5,UntN_S_5_00008,si-ia-an,sian,,,,,
UntN S 5,UntN_S_5_00009,(d)u2-pur-ku-ba-ak-me,Upurku.pak,3sg.inan1,,,,
UntN S 5,UntN_S_5_00010,su-un-ki-ip,sunki,3pl.an,,,,
UntN S 5,UntN_S_5_00011,u2-ri-pu-pi,urpu,3pl.an,,,,
UntN S 5,UntN_S_5_00012,šu-šu-un,Susa,,,,,
UntN S 5,UntN_S_5_00013,im-me,in-,3sg.inan1,,,,
UntN S 5,UntN_S_5_00014,ku-ši-ih-ši-ma,kuši-,3pl.vb,postp.loc,,,
UntN S 5,UntN_S_5_00015,u2,u,,,,,
UntN S 5,UntN_S_5_00016,a-lu-me-lu,alumelu,,,,,
UntN S 5,UntN_S_5_00017,ku-ši-ih,kuši-,1sg.vb,,,,
UntN S 5,UntN_S_5_00018,hi-še,hiš,3sg.poss,,,,
UntN S 5,UntN_S_5_00019,a-ha,aha,,,,,
UntN S 5,UntN_S_5_00020,ta-ah,ta-,1sg.vb,,,,
UntN S 5,UntN_S_5_00021,a-ak,ak,,,,,
UntN S 5,UntN_S_5_00022,ša-ri-ik,šari-,II,,,,
UntN S 5,UntN_S_5_00023,tuš,tuš,,,,,
UntN S 5,UntN_S_5_00024,kuš3,kuš,,,,,
UntN S 5,UntN_S_5_00025,10-na,10,postp.gen1,,,,
UntN S 5,UntN_S_5_00026,ku-ši-ih,kuši-,1sg.vb,,,,
UntN S 6,UntN_S_6_00001,u2,u,,,,,
UntN S 6,UntN_S_6_00002,(m)un-taš-dingir-gal,Untash-Napirisha,,,,,
UntN S 6,UntN_S_6_00003,ša-ak,šak,,,,,
UntN S 6,UntN_S_6_00004,(md)hu-um-ban-nu-me-na-gi,Humban-umena,1sg.an,,,,
UntN S 6,UntN_S_6_00005,su-un-ki-ik,sunki,1sg.an,,,,
UntN S 6,UntN_S_6_00006,an-za-an,Anshan,,,,,
UntN S 6,UntN_S_6_00007,šu-šu-un-ka,Susa,1sg.an,,,,
UntN S 6,UntN_S_6_00008,si-ia-an,sian,,,,,
UntN S 6,UntN_S_6_00009,(d)pi-ni-gir3-me-im-ma,Pinikir,3sg.inan1,postp.loc,,,
UntN S 6,UntN_S_6_00010,u2-pa-at,upat,,,,,
UntN S 6,UntN_S_6_00011,hu-us-si-ip-me,husi,3pl.an,3sg.inan1,,,
UntN S 6,UntN_S_6_00012,ku-ši-ih,kuši-,1sg.vb,,,,
UntN S 6,UntN_S_6_00013,(d)pi-ni-gir3,Pinikir,,,,,
UntN S 6,UntN_S_6_00014,in,i,3sg.inan2,,,,
UntN S 6,UntN_S_6_00015,du-ni-ih,tuni-,1sg.vb,,,,
UntN S 7,UntN_S_7_00001,u2,u,,,,,
UntN S 7,UntN_S_7_00002,(m)un-taš-dingir-gal,Untash-Napirisha,,,,,
UntN S 7,UntN_S_7_00003,ša-ak,šak,,,,,
UntN S 7,UntN_S_7_00004,(md)hu-um-ban-nu-me-na-gi,Humban-umena,1sg.an,,,,
UntN S 7,UntN_S_7_00005,zu-un-ki-ik,sunki,1sg.an,,,,
UntN S 7,UntN_S_7_00006,an-za-an,Anshan,,,,,
UntN S 7,UntN_S_7_00007,šu-šu-un-ka,Susa,1sg.an,,,,
UntN S 7,UntN_S_7_00008,pi-el,pel,,,,,
UntN S 7,UntN_S_7_00009,ki-it-ti-im-ma,kiti.n,postp.loc,,,3sg.inan2,
UntN S 7,UntN_S_7_00010,na-a,nan,,,,,
UntN S 7,UntN_S_7_00011,me-lu-uk-ra,meluk,3sg.an,,,,
UntN S 7,UntN_S_7_00012,zu-un-ki-me,sunki.me,,,,3sg.inan1,
UntN S 7,UntN_S_7_00013,tu4-ur,tur,,,,,
UntN S 7,UntN_S_7_00014,hi-ih,hih,,,,,
UntN S 7,UntN_S_7_00015,zi-it-me,sit.me,,,,3sg.inan1,
UntN S 7,UntN_S_7_00016,hi-en-ka,hi-,III,1sg.an,,,
UntN S 7,UntN_S_7_00017,in-ti-ik-ka,in.tika,,,,,
UntN S 7,UntN_S_7_00018,a-gi,ak,,,,,
UntN S 7,UntN_S_7_00019,si-ia-an,sian,,,,,
UntN S 7,UntN_S_7_00020,(d)nun.sunki-me,NUN.sunki,3sg.inan1,,,,
UntN S 7,UntN_S_7_00021,ku-ši-ih,kuši-,1sg.vb,,,,
UntN S 7,UntN_S_7_00022,(d)nun.sunki,NUN.sunki,,,,,
UntN S 7,UntN_S_7_00023,si-ia-an-ku-uk-ra,Sian.kuk,3sg.an,,,,
UntN S 7,UntN_S_7_00024,du-ni-ih,tuni-,1sg.vb,,,,
UntN S 7,UntN_S_7_00025,hu-ut-tak-ha-li-ik,hutak.halik,,,,II,
UntN S 7,UntN_S_7_00026,u2-me,u,3sg.inan1,,,,
UntN S 7,UntN_S_7_00027,dingir-gal,Napirisha,,,,,
UntN S 7,UntN_S_7_00028,a-ak,ak,,,,,
UntN S 7,UntN_S_7_00029,(d)in-šu-ši-na-ak,Inshushinak,,,,,
UntN S 7,UntN_S_7_00030,si-ia-an-ku-uk-pa,Sian.kuk,3pl.an,,,,
UntN S 7,UntN_S_7_00031,li-na,lina,,,,,
UntN S 7,UntN_S_7_00032,te-la-ak-ni,tela-,II,opt2,,,
UntN S 8,UntN_S_8_00001,u2,u,,,,,
UntN S 8,UntN_S_8_00002,(m)un-taš-dingir-gal,Untash-Napirisha,,,,,
UntN S 8,UntN_S_8_00003,ša-ak,šak,,,,,
UntN S 8,UntN_S_8_00004,(md)hu-um-ban-nu-me-na-gi,Humban-umena,1sg.an,,,,
UntN S 8,UntN_S_8_00005,zu-un-ki-ik,sunki,1sg.an,,,,
UntN S 8,UntN_S_8_00006,an-za-an,Anshan,,,,,
UntN S 8,UntN_S_8_00007,šu-šu-un-ka,Susa,1sg.an,,,,
UntN S 8,UntN_S_8_00008,pi-el,pel,,,,,
UntN S 8,UntN_S_8_00009,ki-it-ti-im-ma,kiti.n,postp.loc,,,3sg.inan2,
UntN S 8,UntN_S_8_00010,na-a,nan,,,,,
UntN S 8,UntN_S_8_00011,me-lu-uk-ra,meluk,3sg.an,,,,
UntN S 8,UntN_S_8_00012,zu-un-ki-me,sunki.me,,,,3sg.inan1,
UntN S 8,UntN_S_8_00013,tu4-ur,tur,,,,,
UntN S 8,UntN_S_8_00014,hi-ih,hih,,,,,
UntN S 8,UntN_S_8_00015,zi-it-me,sit.me,,,,3sg.inan1,
UntN S 8,UntN_S_8_00016,hi-en-ka,hi-,III,1sg.an,,,
UntN S 8,UntN_S_8_00017,in-ti-ik-ka,in.tika,,,,,
UntN S 8,UntN_S_8_00018,a-gi,ak,,,,,
UntN S 8,UntN_S_8_00019,si-ia-an,sian,,,,,
UntN S 8,UntN_S_8_00020,(d)na-zi-it-me,Nazit,3sg.inan1,,,,
UntN S 8,UntN_S_8_00021,ku-ši-ih,kuši-,1sg.vb,,,,
UntN S 8,UntN_S_8_00022,(d)na-zi-it,Nazit,,,,,
UntN S 8,UntN_S_8_00023,si-ia-an-ku-uk-ra,Sian.kuk,3sg.an,,,,
UntN S 8,UntN_S_8_00024,du-ni-ih,tuni-,1sg.vb,,,,
UntN S 8,UntN_S_8_00025,hu-ut-tak-ha-li-ik,hutak.halik,,,,II,
UntN S 8,UntN_S_8_00026,u2-me,u,3sg.inan1,,,,
UntN S 8,UntN_S_8_00027,dingir-gal,Napirisha,,,,,
UntN S 8,UntN_S_8_00028,a-ak,ak,,,,,
UntN S 8,UntN_S_8_00029,(d)in-šu-ši-na-ak,Inshushinak,,,,,
UntN S 8,UntN_S_8_00030,si-ia-an-ku-{uk}-[pa],Sian.kuk,3pl.an,,,,
UntN S 8,UntN_S_8_00031,{li}-na,lina,,,,,
UntN S 8,UntN_S_8_00032,{te-la}-ak-ni,tela-,II,opt2,,,
UntN S 9,UntN_S_9_00001,u2,u,,,,,
UntN S 9,UntN_S_9_00002,(m)un-taš-dingir-gal,Untash-Napirisha,,,,,
UntN S 9,UntN_S_9_00003,ša-ak,šak,,,,,
UntN S 9,UntN_S_9_00004,(md)hu-um-ban-nu-me-na-gi,Humban-umena,1sg.an,,,,
UntN S 9,UntN_S_9_00005,zu-un-ki-ik,sunki,1sg.an,,,,
UntN S 9,UntN_S_9_00006,an-za-an,Anshan,,,,,
UntN S 9,UntN_S_9_00007,šu-šu-un-ka,Susa,1sg.an,,,,
UntN S 9,UntN_S_9_00008,(d)be-la-la,Belala,,,,,
UntN S 9,UntN_S_9_00009,ku-ul-la-an-ka,kula-,III,1sg.an,,,
UntN S 9,UntN_S_9_00010,ku-la-a,kula,,,,,
UntN S 9,UntN_S_9_00011,ur,u,3sg.an,,,,
UntN S 9,UntN_S_9_00012,tu4-um-pa-an-ra,tumpa-,III,3sg.an,,,
UntN S 9,UntN_S_9_00013,a-ak,ak,,,,,
UntN S 9,UntN_S_9_00014,tu4-ru-un-ka,turu-,III,1sg.an,,,
UntN S 9,UntN_S_9_00015,hu-ut-ta-an-ra,huta-,III,3sg.an,,,
UntN S 9,UntN_S_9_00016,si-ia-an-ku-uk,Sian.kuk,,,,,
UntN S 9,UntN_S_9_00017,si-ia-an-i-me,"sian, i",3sg.inan1,,,,
UntN S 9,UntN_S_9_00018,u2-pa-at,upat,,,,,
UntN S 9,UntN_S_9_00019,hu-us-si-ip-me,husi,3pl.an,3sg.inan1,,,
UntN S 9,UntN_S_9_00020,ku-ši-ih,kuši-,1sg.vb,,,,
UntN S 9,UntN_S_9_00021,(d)be-la-la,Belala,,,,,
UntN S 9,UntN_S_9_00022,la-an-si-ti-ir-ra,lansiti,3sg.an,,,,
UntN S 9,UntN_S_9_00023,ir,i,3sg.an,,,,
UntN S 9,UntN_S_9_00024,ša-ri-ih,šari-,1sg.vb,,,,
UntN S 9,UntN_S_9_00025,ir,i,3sg.an,,,,
UntN S 9,UntN_S_9_00026,si-ia-an-ku-uk,Sian.kuk,,,,,
UntN S 9,UntN_S_9_00027,si-ia-an-ra,sian,3sg.an,,,,
UntN S 9,UntN_S_9_00028,ir,i,3sg.an,,,,
UntN S 9,UntN_S_9_00029,mu-ur-tah,mur.ta-,1sg.vb,,,,
UntN S 9,UntN_S_9_00030,hu-ut-tak-ha-li-ik,hutak.halik,,,,II,
UntN S 9,UntN_S_9_00031,u2-me,u,3sg.inan1,,,,
UntN S 9,UntN_S_9_00032,(d)be-la-la,Belala,,,,,
UntN S 9,UntN_S_9_00033,si-ia-an-ku-uk-ra,Sian.kuk,3sg.an,,,,
UntN S 9,UntN_S_9_00034,un,"u, i",3sg.inan2,,,,
UntN S 9,UntN_S_9_00035,li-na,lina,,,,,
UntN S 9,UntN_S_9_00036,te-la-ak-ni,tela-,II,opt2,,,
UntN S 9,UntN_S_9_00037,pi-el,pel,,,,,
UntN S 9,UntN_S_9_00038,ki-it-ti-im-ma,kiti.n,postp.loc,,,3sg.inan2,
UntN S 9,UntN_S_9_00039,na-a,nan,,,,,
UntN S 9,UntN_S_9_00040,me-lu-uk-ra,meluk,3sg.an,,,,
UntN S 9,UntN_S_9_00041,a-ak,ak,,,,,
UntN S 9,UntN_S_9_00042,zu-[un-ki-me,sunki.me,3sg.inan1,,,,
UntN S 9,UntN_S_9_00043,tu4-ur],tur,,,,,
UntN S 9,UntN_S_9_00044,hi-ih,hih,,,,,
UntN S 9,UntN_S_9_00045,zi-it-me,sit.me,3sg.inan1,,,,
UntN S 9,UntN_S_9_00046,un,u,acc.,,,,
UntN S 9,UntN_S_9_00047,du-ni-iš-ni,tuni-,3sg.vb,opt2,,,
UntN S 10,UntN_S_10_00001,u2,u,,,,,
UntN S 10,UntN_S_10_00002,(m)un-taš-dingir-gal,Untash-Napirisha,,,,,
UntN S 10,UntN_S_10_00003,ša-ak,šak,,,,,
UntN S 10,UntN_S_10_00004,(md)hu-um-ban-nu-me-na-gi,Humban-umena,1sg.an,,,,
UntN S 10,UntN_S_10_00005,zu-un-ki-ik,sunki,1sg.an,,,,
UntN S 10,UntN_S_10_00006,an-za-an,Anshan,,,,,
UntN S 10,UntN_S_10_00007,šu-šu-un-ka,Susa,1sg.an,,,,
UntN S 10,UntN_S_10_00008,(d)30,Sin,,,,,
UntN S 10,UntN_S_10_00009,ku-ul-la-an-ka,kula-,III,1sg.an,,,
UntN S 10,UntN_S_10_00010,ku-la-a,kula,,,,,
UntN S 10,UntN_S_10_00011,ur,u,3sg.an,,,,
UntN S 10,UntN_S_10_00012,tu4-um-pa-an-ra,tumpa-,III,3sg.an,,,
UntN S 10,UntN_S_10_00013,a-ak,ak,,,,,
UntN S 10,UntN_S_10_00014,tu4-ru-un-ka,turu-,III,1sg.an,,,
UntN S 10,UntN_S_10_00015,hu-ut-ta-an-ra,huta-,III,3sg.an,,,
UntN S 10,UntN_S_10_00016,si-ia-an-ku-uk,Sian.kuk,,,,,
UntN S 10,UntN_S_10_00017,si-ia-an-i-me,"sian, i",3sg.inan1,,,,
UntN S 10,UntN_S_10_00018,u2-pa-at,upat,,,,,
UntN S 10,UntN_S_10_00019,hu-us-si-ip-me,husi,3pl.an,3sg.inan1,,,
UntN S 10,UntN_S_10_00020,ku-ši-ih,kuši-,1sg.vb,,,,
UntN S 10,UntN_S_10_00021,(d)30,Sin,,,,,
UntN S 10,UntN_S_10_00022,la-an-si-ti-ir-ra,lansiti,3sg.an,,,,
UntN S 10,UntN_S_10_00023,ir,i,3sg.an,,,,
UntN S 10,UntN_S_10_00024,ša-ri-ih,šari-,1sg.vb,,,,
UntN S 10,UntN_S_10_00025,ir,i,3sg.an,,,,
UntN S 10,UntN_S_10_00026,si-ia-an-ku-uk,Sian.kuk,,,,,
UntN S 10,UntN_S_10_00027,si-ia-an-ra,sian,3sg.an,,,,
UntN S 10,UntN_S_10_00028,ir,i,3sg.an,,,,
UntN S 10,UntN_S_10_00029,mu-ur-tah,mur.ta-,1sg.vb,,,,
UntN S 10,UntN_S_10_00030,hu-ut-tak-ha-li-ik,hutak.halik,,,,II,
UntN S 10,UntN_S_10_00031,u2-me,u,3sg.inan1,,,,
UntN S 10,UntN_S_10_00032,(d)30,Sin,,,,,
UntN S 10,UntN_S_10_00033,si-ia-an-ku-uk-ra,Sian.kuk,3sg.an,,,,
UntN S 10,UntN_S_10_00034,un,"u, i",3sg.inan2,,,,
UntN S 10,UntN_S_10_00035,li-na,lina,,,,,
UntN S 10,UntN_S_10_00036,te-la-ak-ni,tela-,II,opt2,,,
UntN S 10,UntN_S_10_00037,pi-el,pel,,,,,
UntN S 10,UntN_S_10_00038,ki-it-ti-im-ma,kiti.n,postp.loc,,,3sg.inan2,
UntN S 10,UntN_S_10_00039,na-a,nan,,,,,
UntN S 10,UntN_S_10_00040,me-lu-uk-ra,meluk,3sg.an,,,,
UntN S 10,UntN_S_10_00041,a-ak,ak,,,,,
UntN S 10,UntN_S_10_00042,zu-un-ki-me,sunki.me,,,,3sg.inan1,
UntN S 10,UntN_S_10_00043,tu4-ur,tur,,,,,
UntN S 10,UntN_S_10_00044,hi-ih,hih,,,,,
UntN S 10,UntN_S_10_00045,zi-it-me,sit.me,,,,,
UntN S 10,UntN_S_10_00046,un,u,acc,,,,
UntN S 10,UntN_S_10_00047,du-ni-iš-ni,tuni-,3sg.vb,opt2,,,
UntN S 11,UntN_S_11_00001,u2,u,,,,,
UntN S 11,UntN_S_11_00002,(m)un-taš-dingir-gal,Untash-Napirisha,,,,,
UntN S 11,UntN_S_11_00003,ša-ak,šak,,,,,
UntN S 11,UntN_S_11_00004,(md)hu-um-ban-nu-me-na-gi,Humban-umena,1sg.an,,,,
UntN S 11,UntN_S_11_00005,zu-un-ki-ik,sunki,1sg.an,,,,
UntN S 11,UntN_S_11_00006,an-za-an,Anshan,,,,,
UntN S 11,UntN_S_11_00007,šu-šu-un-ka,Susa,1sg.an,,,,
UntN S 11,UntN_S_11_00008,(d)na-ah-hu-un-te,Nahunte,,,,,
UntN S 11,UntN_S_11_00009,ku-ul-la-an-ka,kula-,III,1sg.an,,,
UntN S 11,UntN_S_11_00010,ku-la-a,kula,,,,,
UntN S 11,UntN_S_11_00011,ur,u,3sg.an,,,,
UntN S 11,UntN_S_11_00012,tu4-um-pa-an-ra,tumpa-,III,3sg.an,,,
UntN S 11,UntN_S_11_00013,a-ak,ak,,,,,
UntN S 11,UntN_S_11_00014,tu4-ru-un-ka,turu-,III,1sg.an,,,
UntN S 11,UntN_S_11_00015,hu-ut-ta-an-ra,huta-,III,3sg.an,,,
UntN S 11,UntN_S_11_00016,si-ia-an-ku-uk,Sian.kuk,,,,,
UntN S 11,UntN_S_11_00017,si-ia-an-i-me,"sian, i",3sg.inan1,,,,
UntN S 11,UntN_S_11_00018,u2-pa-at,upat,,,,,
UntN S 11,UntN_S_11_00019,hu-us-si-ip-me,husi,3pl.an,3sg.inan1,,,
UntN S 11,UntN_S_11_00020,ku-ši-ih,kuši-,1sg.vb,,,,
UntN S 11,UntN_S_11_00021,(d)30,Sin,,,,,
UntN S 11,UntN_S_11_00022,la-an-si-ti-ir-ra,lansiti,3sg.an,,,,
UntN S 11,UntN_S_11_00023,ir,i,3sg.an,,,,
UntN S 11,UntN_S_11_00024,ša-ri-ih,šari-,1sg.vb,,,,
UntN S 11,UntN_S_11_00025,ir,i,3sg.an,,,,
UntN S 11,UntN_S_11_00026,si-ia-an-ku-uk,Sian.kuk,,,,,
UntN S 11,UntN_S_11_00027,si-ia-an-ra,sian,3sg.an,,,,
UntN S 11,UntN_S_11_00028,ir-mu,irmu,,,,,
UntN S 11,UntN_S_11_00029,hu-ut-tak-ha-li-ku,hutak.halik,,,,II,
UntN S 11,UntN_S_11_00030,u2-me,u,3sg.inan1,,,,
UntN S 11,UntN_S_11_00031,(d)30,Sin,,,,,
UntN S 11,UntN_S_11_00032,si-ia-an-ku-uk-ra,Sian.kuk,3sg.an,,,,
UntN S 11,UntN_S_11_00033,un,"u, i",3sg.inan2,,,,
UntN S 11,UntN_S_11_00034,li-na,lina,,,,,
UntN S 11,UntN_S_11_00035,te-la-ak-ni,tela-,II,opt2,,,
UntN S 11,UntN_S_11_00036,pi-el,pel,,,,,
UntN S 11,UntN_S_11_00037,ki-it-ti-im-ma,kiti.n,postp.loc,,,,
UntN S 11,UntN_S_11_00038,na-a,nan,,,,,
UntN S 11,UntN_S_11_00039,me-lu-uk-ra,meluk,3sg.an,,,,
UntN S 11,UntN_S_11_00040,a-ak,ak,,,,,
UntN S 11,UntN_S_11_00041,zu-un-ki-me,sunki.me,,,,3sg.inan1,
UntN S 11,UntN_S_11_00042,tu4-ur,tur,,,,,
UntN S 11,UntN_S_11_00043,hi-ih,hih,,,,,
UntN S 11,UntN_S_11_00044,zi-it-me,sit.me,,,,3sg.inan1,
UntN S 11,UntN_S_11_00045,un,u,acc,,,,
UntN S 11,UntN_S_11_00046,du-ni-iš-ni,tuni-,3sg.vb,opt2,,,
UntN S 12,UntN_S_12_00001,u2,u,,,,,
UntN S 12,UntN_S_12_00002,(m)un-taš-dingir-gal,Untash-Napirisha,,,,,
UntN S 12,UntN_S_12_00003,ša-ak,šak,,,,,
UntN S 12,UntN_S_12_00004,(d)hu-ban-um-me-na-ki,Humban-umena,1sg.an,,,,
UntN S 12,UntN_S_12_00005,su-un-ki-ik,sunki,1sg.an,,,,
UntN S 12,UntN_S_12_00006,an-za-an,Anshan,,,,,
UntN S 12,UntN_S_12_00007,šu-šu-un-ka,Susa,1sg.an,,,,
UntN S 12,UntN_S_12_00008,ku-ku-un-nu-um,kukunum,,,,,
UntN S 12,UntN_S_12_00009,(d)in-šu-uš-na-ak,Inshushinak,,,,,
UntN S 12,UntN_S_12_00010,uš-ta-na,uštana,,,,,
UntN S 12,UntN_S_12_00011,in-tu4-um,intum,,,,,
UntN S 12,UntN_S_12_00012,i,i,,,,,
UntN S 12,UntN_S_12_00013,ka-tah2,kata-,,,,,
UntN S 12,UntN_S_12_00014,su-un-ki-ip,sunki,3pl.an,,,,
UntN S 12,UntN_S_12_00015,u2-ri-pu-be,urpu,3pl.an,,,,
UntN S 12,UntN_S_12_00016,im-me,in-,3sg.inan1,,,,
UntN S 12,UntN_S_12_00017,hu-ut-tah-ša,huta-,3pl.an,,,,
UntN S 12,UntN_S_12_00018,ku-ku-un-nu-um,kukunum,,,,,
UntN S 12,UntN_S_12_00019,ik-ku,iku,,,,,
UntN S 12,UntN_S_12_00020,te-ip-ta,tepta,,,,,
UntN S 12,UntN_S_12_00021,si-ia-a-an-ku-uk-me,Sian.kuk,3sg.inan1,,,,
UntN S 12,UntN_S_12_00022,da-ah,ta-,1sg.vb,,,,
UntN S 12,UntN_S_12_00023,(d)in-šu-uš-na-ak,Inshushinak,,,,,
UntN S 12,UntN_S_12_00024,i,i,,,,,
UntN S 12,UntN_S_12_00025,du-ni-ih,tuni-,1sg.vb,,,,
UntN S 12,UntN_S_12_00026,su-un-ki-me,sunki.me,,,,3sg.inan1,
UntN S 12,UntN_S_12_00027,ki-it-ti-im-ma,kiti.n,postp.loc,,,3sg.inan2,
UntN S 12,UntN_S_12_00028,te-im-ma,te,postp.loc,,,,
UntN S 12,UntN_S_12_00029,tu4-ur,tur,,,,,
UntN S 12,UntN_S_12_00030,hi-ih,hih,,,,,
UntN S 12,UntN_S_12_00031,si-di-im-ma,sit.me,postp.loc,,,3sg.inan2,
UntN S 12,UntN_S_12_00032,un,u,acc,,,,
UntN S 12,UntN_S_12_00033,du-ni-iš,tuni-,3sg.vb,,,,
UntN S 12,UntN_S_12_00034,šu-ut-me,šut,3sg.inan1,,,,
UntN S 12,UntN_S_12_00035,ša-at-me,šat,3sg.inan1,,,,
UntN S 12,UntN_S_12_00036,ki-it-ti-in,kiti.n,,,,,
UntN S 12,UntN_S_12_00037,me-lu-uk-ma,meluk,postp.loc,,,,
UntN S 12,UntN_S_12_00038,te-im-ma,te,postp.loc,,,,
UntN S 12,UntN_S_12_00039,gi-ri-na,giri,postp.gen2,,,,
UntN S 12,UntN_S_12_00040,hu-un-hi-ih-na,"hun, hi-",1sg.vb,opt1,,,
UntN S 13,UntN_S_13_00001,u2,u,,,,,
UntN S 13,UntN_S_13_00002,(m)un-taš-dingir-gal,Untash-Napirisha,,,,,
UntN S 13,UntN_S_13_00003,ša-ak,šak,,,,,
UntN S 13,UntN_S_13_00004,(d)hu-um-ban-nu-me-na-gi,Humban-umena,1sg.an,,,,
UntN S 13,UntN_S_13_00005,su-un-ki-ik,sunki,1sg.an,,,,
UntN S 13,UntN_S_13_00006,an-za-an,Anshan,,,,,
UntN S 13,UntN_S_13_00007,šu-šu-un-ka,Susa,1sg.an,,,,
UntN S 13,UntN_S_13_00008,dingir-gal,Napirisha,,,,,
UntN S 13,UntN_S_13_00009,a-ak,ak,,,,,
UntN S 13,UntN_S_13_00010,(d)in-šu-ši-na-ak,Inshushinak,,,,,
UntN S 13,UntN_S_13_00011,un,u,acc,,,,
UntN S 13,UntN_S_13_00012,ha-ni-ih-ši,hani-,3sg.vb,,,,
UntN S 13,UntN_S_13_00013,[ta]š?-šu?-up,tašu,3pl.an,,,,
UntN S 13,UntN_S_13_00014,dur-na-ah-u2-te-{na}?,"turna-, utena?",1sg.vb (turna-),,,,
UntN S 13,UntN_S_13_00015,mu-ur-ta-an,mur.ta-,III,,,,
UntN S 13,UntN_S_13_00016,ku-[ku]-un-nu-um,kukunum,,,,,
UntN S 13,UntN_S_13_00017,lu-lu-uh-šu,lulu-,3sg.vb,,,,
UntN S 13,UntN_S_13_00018,a-ak,ak,,,,,
UntN S 13,UntN_S_13_00019,ša-am?-me-eh-ši,šame-,3sg.vb,,,,
UntN S 13,UntN_S_13_00020,{ku}?-nu-um,kukunum?,,,,,
UntN S 13,UntN_S_13_00021,du-uh,tu-?,1sg.vb,,,,
UntN S 13,UntN_S_13_00022,a-ak,ak,,,,,
UntN S 13,UntN_S_13_00023,{uk-ku}-me,uku.me,,,,3sg.inan1,
UntN S 13,UntN_S_13_00024,en,i,3sg.inan2,,,,
UntN S 13,UntN_S_13_00025,zu-uk-ka-an-ka,zuka-,III,1sg.an,,,
UntN S 13,UntN_S_13_00026,hu-[ut]-tak-ha-li-ik,hutak.halik,,,,II,
UntN S 13,UntN_S_13_00027,u2-me,u,3sg.inan1,,,,
UntN S 13,UntN_S_13_00028,dingir-gal,Napirisha,,,,,
UntN S 13,UntN_S_13_00029,a-ak,ak,,,,,
UntN S 13,UntN_S_13_00030,(d)in-šu-ši-na-ak,Inshushinak,,,,,
UntN S 13,UntN_S_13_00031,si-ia-an-ku-uk-pa,Sian.kuk,3pl.an,,,,
UntN S 13,UntN_S_13_00032,li-na,lina,,,,,
UntN S 13,UntN_S_13_00033,nu-mu-un,num,acc,,,,
UntN S 13,UntN_S_13_00034,te-la-ak-ni,tela-,II,opt2,,,
UntN S 14,UntN_S_14_00001,u2,u,,,,,
UntN S 14,UntN_S_14_00002,(m)un-taš-dingir-gal,Untash-Napirisha,,,,,
UntN S 14,UntN_S_14_00003,ša-ak,šak,,,,,
UntN S 14,UntN_S_14_00004,(md)hu-um-ban-nu-me-na-ki,Humban-umena,1sg.an,,,,
UntN S 14,UntN_S_14_00005,su-un-ki-ik,sunki,1sg.an,,,,
UntN S 14,UntN_S_14_00006,an-za-an,Anshan,,,,,
UntN S 14,UntN_S_14_00007,šu-šu-un-ka,Susa,1sg.an,,,,
UntN S 14,UntN_S_14_00008,si-ia-an,sian,,,,,
UntN S 14,UntN_S_14_00009,(d)pi-ni-gir3-me,Pinikir,,,,,
UntN S 14,UntN_S_14_00010,u2-pa-at,upat,,,,,
UntN S 14,UntN_S_14_00011,hu-us-si-ip-me,husi,3pl.an,3sg.inan1,,,
UntN S 14,UntN_S_14_00012,ku-ši-ih,kuši-,1sg.vb,,,,
UntN PAE,UntN_PAE_00001,u2,u,,,,,
UntN PAE,UntN_PAE_00002,(m)un-taš-dingir-gal,Untash-Napirisha,,,,,
UntN PAE,UntN_PAE_00003,ša-ak,šak,,,,,
UntN PAE,UntN_PAE_00004,(md)hu-um-ban-nu-me-en-na-ki,Humban-umena,1sg.an,,,,
UntN PAE,UntN_PAE_00005,su-un-ki-ik,sunki,1sg.an,,,,
UntN PAE,UntN_PAE_00006,an-[za-an],Anshan,,,,,
UntN PAE,UntN_PAE_00007,šu-šu-un-ka,Susa,1sg.an,,,,
UntN PAE,UntN_PAE_00008,ta-ak-me,tak.me,,,,3sg.inan1,
UntN PAE,UntN_PAE_00009,u2-me,u,3sg.inan1,,,,
UntN PAE,UntN_PAE_00010,tu4-ur,tur,,,,,
UntN PAE,UntN_PAE_00011,hi-ih,hih,,,,,
UntN PAE,UntN_PAE_00012,si-it-me,sit.me,,,,3sg.inan1,
UntN PAE,UntN_PAE_00013,u2-me,u,3sg.inan1,,,,
UntN PAE,UntN_PAE_00014,šu-ul-lu-me-en-ka,šullume-,III,1sg.an,,,
UntN PAE,UntN_PAE_00015,az-ki-it,azkit,,,,,
UntN PAE,UntN_PAE_00016,tu4-ur,tur,,,,,
UntN PAE,UntN_PAE_00017,za-ah-ri,sah,3sg.an,,,,
UntN PAE,UntN_PAE_00018,[in-gi,in-,1sg.an,,,,
UntN PAE,UntN_PAE_00019,hi-e]n-ka,hi-,III,1sg.an,,,
UntN PAE,UntN_PAE_00020,in-ti-ik-ka,in.tika,,,,,
UntN PAE,UntN_PAE_00021,a-gi,ak,,,,,
UntN PAE,UntN_PAE_00022,si-ia-an,sian,,,,,
UntN PAE,UntN_PAE_00023,(d)u2-pur-ku-pa-ak,Upurku.pak,,,,,
UntN PAE,UntN_PAE_00024,a-gi,ak,,,,,
UntN PAE,UntN_PAE_00025,(d)ha-te-ri-iš-nu-me,Haterišnu,3sg.inan1,,,,
UntN PAE,UntN_PAE_00026,u2-pa-at,upat,,,,,
UntN PAE,UntN_PAE_00027,hu-si-ip-me,husi,3pl.an,3sg.inan1,,,
UntN PAE,UntN_PAE_00028,ka?-ap-na-ak,Kabnak,,,,,
UntN PAE,UntN_PAE_00029,ku-ši-ih,kuši-,1sg.vb,,,,
UntN PAE,UntN_PAE_00030,(d)u2-pur-ku-pa-ak,Upurku.pak,,,,,
UntN PAE,UntN_PAE_00031,a-gi,ak,,,,,
UntN PAE,UntN_PAE_00032,(d)ha-te-ri-iš-nu,Haterišnu,,,,,
UntN PAE,UntN_PAE_00033,[…],,,,,,
UntN PAE,UntN_PAE_00034,ka?-ap-na-ak,Kabnak,,,,,
UntN PAE,UntN_PAE_00035,si-ia-an,sian,,,,,
UntN PAE,UntN_PAE_00036,pa-at-tah,pata-,1sg.vb,,,,
UntN PAE,UntN_PAE_00037,[…],,,,,,
UntN PAE,UntN_PAE_00038,[pi-el],pel,,,,,
UntN PAE,UntN_PAE_00039,ki-it-ti-[im-ma],kiti.n,postp.loc,,,3sg.inan2,
UntN PAE,UntN_PAE_00040,na-a,nan,,,,,
UntN PAE,UntN_PAE_00041,me-[lu]-uk-ra,meluk,3sg.an,,,,
UntN PAE,UntN_PAE_00042,hu-ut-ta-ak,hutak.halik,,,,II,
UntN PAE,UntN_PAE_00043,ha-li-ik,hutak.halik,,,,II,
UntN PAE,UntN_PAE_00044,u2-me,u,3sg.inan1,,,,
UntN PAE,UntN_PAE_00045,(d)u2-pur-ku-pa-ak,Upurku.pak,,,,,
UntN PAE,UntN_PAE_00046,(d)ha-te-ri-iš-[…],Haterišnu,,,,,
UntN PAE,UntN_PAE_00047,li-ik-ri,likri.n,,,,,
UntN PAE,UntN_PAE_00048,a-ah?,aha,,,,,
UntN PAE,UntN_PAE_00049,du-uh?,tu-?,1sg.vb,,,,
UntN PAE,UntN_PAE_00050,u2,u,,,,,
UntN PAE,UntN_PAE_00051,sig-ra-tu4,zagratum,,,,,
UntN PAE,UntN_PAE_00052,ki-ik-ki-[…],kiki.te-,,,,,
UntN GOT,UntN_GOT_00001,u2,u,,,,,
UntN GOT,UntN_GOT_00002,(m)un-taš-dingir-gal,Untash-Napirisha,,,,,
UntN GOT,UntN_GOT_00003,ša-ak,šak,,,,,
UntN GOT,UntN_GOT_00004,(md)hu-um-ban-nu-me-na-ki,Humban-umena,1sg.an,,,,
UntN GOT,UntN_GOT_00005,su-un-ki-ik,sunki,1sg.an,,,,
UntN GOT,UntN_GOT_00006,an-za-an,Anshan,,,,,
UntN GOT,UntN_GOT_00007,šu-šu-un-ka,Susa,1sg.an,,,,
UntN GOT,UntN_GOT_00008,(d)u2-pur-ku-ba-ak,Upurku.pak,,,,,
UntN GOT,UntN_GOT_00009,ku-ul-la-an-ka,kula-,III,1sg.an,,,
UntN GOT,UntN_GOT_00010,ha-ah-ni-in-ra,hahni?,3sg.an,,,,
UntN GOT,UntN_GOT_00011,tu4-ru-un-ka,turu-,III,1sg.an,,,
UntN GOT,UntN_GOT_00012,hu-ut-ta-an-ra,huta-,III,3sg.an,,,
UntN GOT,UntN_GOT_00013,si-ia-an,sian,,,,,
UntN GOT,UntN_GOT_00014,ku-ši-ih,kuši-,1sg.vb,,,,
UntN GOT,UntN_GOT_00015,(d)u2-pur-ku-ba-ak,Upurku.pak,,,,,
UntN GOT,UntN_GOT_00016,ir,i,3sg.an,,,,
UntN GOT,UntN_GOT_00017,ša-ri-ih,šari-,1sg.vb,,,,
UntN GOT,UntN_GOT_00018,ir,i,3sg.an,,,,
UntN GOT,UntN_GOT_00019,si-ia-an-ra,sian,3sg.an,,,,
UntN GOT,UntN_GOT_00020,mu-ur-tah,mur.ta-,1sg.vb,,,,
UntN GOT,UntN_GOT_00021,hu-ut-ta-ak,hutak.halik,,,,II,
UntN GOT,UntN_GOT_00022,ha-li-ik,hutak.halik,,,,II,
UntN GOT,UntN_GOT_00023,u2-me,u,3sg.inan1,,,,
UntN GOT,UntN_GOT_00024,(d)u2-pur-ku-ba-ak,Upurku.pak,,,,,
UntN GOT,UntN_GOT_00025,ul-li-na,lina,,,,,
UntN GOT,UntN_GOT_00026,te-la-ak-ni,tela-,II,opt2,,,
UntN D,UntN_D_00001,u2,u,,,,,
UntN D,UntN_D_00002,(m)un-taš-dingir-gal,Untash-Napirisha,,,,,
UntN D,UntN_D_00003,ša-ak,šak,,,,,
UntN D,UntN_D_00004,(md)hu-ban-nu-me-na-gi,Humban-umena,1sg.an,,,,
UntN D,UntN_D_00005,su-un-ki-ik,sunki,1sg.an,,,,
UntN D,UntN_D_00006,an-za-an,Anshan,,,,,
UntN D,UntN_D_00007,šu-šu-un-ka,Susa,1sg.an,,,,
UntN D,UntN_D_00008,si-ia-an,sian,,,,,
UntN D,UntN_D_00009,(d)in-šu-ši-na-ak,Inshushinak,,,,,
UntN D,UntN_D_00010,(d)ma-áš-ti,mašti,,,,,
UntN D,UntN_D_00011,a-ak,ak,,,,,
UntN D,UntN_D_00012,(d)te-ip-ti,tepti,,,,,
UntN D,UntN_D_00013,si-it-tan-me,sit.me,,,,3sg.inan2,3sg.inan1
UntN D,UntN_D_00014,mu-uh-du-uh-me,muhtun,3sg.inan1,,,,
UntN D,UntN_D_00015,ku-ši-ih,kuši-,1sg.vb,,,,
UntN D,UntN_D_00016,šu-up,šup,,,,,
UntN D,UntN_D_00017,a-pi-me,ap,3sg.inan1,,,,
UntN D,UntN_D_00018,a-ak,ak,,,,,
UntN D,UntN_D_00019,li-ki-ir,liki.r,,,,3sg.an,
UntN D,UntN_D_00020,a-pi-te,ap,3sg.inan3,,,,
UntN D,UntN_D_00021,pi-ip-ši-it-te,pepši-,3sg.inan3,,,,
UntN D,UntN_D_00022,hu-ut-tah,huta-,1sg.vb,,,,
UntN D,UntN_D_00023,šu-ut-ku-me,"šut, ki",3sg.inan1,,,,
UntN D,UntN_D_00024,ša-at-ki-me,"šat, ki",3sg.inan1,,,,
UntN D,UntN_D_00025,a-ak,ak,,,,,
UntN D,UntN_D_00026,tu4-ur-hi-ih,"tur, hih",,,,,
UntN D,UntN_D_00027,si-it-me,sit.me,,,,3sg.inan1,
UntN D,UntN_D_00028,un,u,acc,,,,
UntN D,UntN_D_00029,du-ni-ih-ši-ni-e,tuni-,3sg.vb,opt2,3sg.poss,,
Nasu,Nasu_00001,u2,u,,,,,
Nasu,Nasu_00002,(f)na-pir2-a-su,Napirasu,,,,,
Nasu,Nasu_00003,ru-tu4,rutu,,,,,
Nasu,Nasu_00004,(m)un-taš-dingir-gal-ki,Untash-Napirisha,,,,,
Nasu,Nasu_00005,u2,u,,,,,
Nasu,Nasu_00006,(f)na-pír-a-su,Napirasu,,,,,
Nasu,Nasu_00007,ru-tu4,rutu,,,,,
Nasu,Nasu_00008,(m)un-taš-dingir-gal-ki,Untash-Napirisha,,,,,
Nasu,Nasu_00009,ak-ka,aka,,,,,
Nasu,Nasu_00010,sa-al-mu-um,salmu,,,,,
Nasu,Nasu_00011,u2-me,u,3sg.inan1,,,,
Nasu,Nasu_00012,hu-ma-an-ra,huma-,III,3sg.an,,,
Nasu,Nasu_00013,ak-ka,aka,,,,,
Nasu,Nasu_00014,hu-tu4-un-ra,hutu-,III,3sg.an,,,
Nasu,Nasu_00015,ak-ka,aka,,,,,
Nasu,Nasu_00016,tu4-up-pi-me,tuppi.me,,,,3sg.inan1,
Nasu,Nasu_00017,me-el-ka-an-ra,melka-,III,3sg.an,,,
Nasu,Nasu_00018,ak-ka,aka,,,,,
Nasu,Nasu_00019,hi-iš,hiš,,,,,
Nasu,Nasu_00020,u2-me,u,3sg.inan1,,,,
Nasu,Nasu_00021,su-ku-un-ra,suku-,III,3sg.an,,,
Nasu,Nasu_00022,ha-<at>,hat,,,,,
Nasu,Nasu_00023,dingir-gal,Napirisha,,,,,
Nasu,Nasu_00024,(d)ki-ri-ri-ša,Kiririsha,,,,,
Nasu,Nasu_00025,(d)in-šu-uš-na-ak-ri,Inshushinak,3sg.an,,,,
Nasu,Nasu_00026,uk-ku-ri,uku,3sg.an,,,,
Nasu,Nasu_00027,ir,i,3sg.an,,,,
Nasu,Nasu_00028,ta-ak-ni,ta-,II,opt2,,,
Nasu,Nasu_00029,na-ah-hu-un-te-ir,Nahunte,3sg.an,,,,
Nasu,Nasu_00030,ša-ra-ra,šara,3sg.an,,,,
Nasu,Nasu_00031,hi-iš,hiš,,,,,
Nasu,Nasu_00032,a-ni,ani,,,,,
Nasu,Nasu_00033,pi-li-in,pili-,III,,,,
Nasu,Nasu_00034,pa-ar,par,,,,,
Nasu,Nasu_00035,a-ni,ani,,,,,
Nasu,Nasu_00036,ku-tu4-un,kutu-,III,,,,
Nasu,Nasu_00037,hi-ih,hih,,,,,
Nasu,Nasu_00038,(d)pi-el-ti-ya,Peltiya,,,,,
Nasu,Nasu_00039,na-pir2-ri-ša-ar-ra-pi,"nap, riša",3pl.an,,,,
Nasu,Nasu_00040,uk-ku-pi,uku,3pl.an,,,,
Nasu,Nasu_00041,ip,i,3pl.an,,,,
Nasu,Nasu_00042,me-it-ki-ni,met-,II,opt2,,,